system	stage	kind	source_path	candidate_path	size_bytes	sha256	status
cleaved	01_预平衡	local_md_output	simulations/construct-X/cleaved/charmm-gui-8643876985/amber/align_min.mdout	work/cprime_local_restructure_candidate_20260820/03_SMD运行/cleaved/01_预平衡/本地输出/align_min_cleaved_v01.mdout	113609	c948ca2f83382965a6bfed232eff50a0b0f383cb497b4e1c4738bc928f855fe9	COPIED_HASH_VERIFIED
cleaved	01_预平衡	local_md_output	simulations/construct-X/cleaved/charmm-gui-8643876985/amber/align_min.rst7	work/cprime_local_restructure_candidate_20260820/03_SMD运行/cleaved/01_预平衡/本地输出/align_min_cleaved_v01.rst7	5818024	713e6284763cd7ba3ce746fc878e6aace7bbb29ea39f0dba2643f7bac0dbc280	COPIED_HASH_VERIFIED
cleaved	01_预平衡	local_md_output	simulations/construct-X/cleaved/charmm-gui-8643876985/amber/eq1_nvt.mdout	work/cprime_local_restructure_candidate_20260820/03_SMD运行/cleaved/01_预平衡/本地输出/eq1_nvt_cleaved_v01.mdout	159250	9284c94d01960a7fca8830c481b4cbf05b910aa5588134fbd78128f416cc9a60	COPIED_HASH_VERIFIED
cleaved	01_预平衡	local_md_output	simulations/construct-X/cleaved/charmm-gui-8643876985/amber/eq1_nvt.nc	work/cprime_local_restructure_candidate_20260820/03_SMD运行/cleaved/01_预平衡/本地输出/eq1_nvt_cleaved_v01.nc	58173764	3916f285507e1221bcc89585f5dc5bb30b0523f6a7eba264d24f44a164afbc13	COPIED_HASH_VERIFIED
cleaved	01_预平衡	local_md_output	simulations/construct-X/cleaved/charmm-gui-8643876985/amber/eq1_nvt.rst7	work/cprime_local_restructure_candidate_20260820/03_SMD运行/cleaved/01_预平衡/本地输出/eq1_nvt_cleaved_v01.rst7	11635340	68098cd4ed35650abefdb9407a2e79546190f8fefe7e4fe1b8079d62e5cb8386	COPIED_HASH_VERIFIED
cleaved	01_预平衡	local_md_output	simulations/construct-X/cleaved/charmm-gui-8643876985/amber/eq2_npt.mdout	work/cprime_local_restructure_candidate_20260820/03_SMD运行/cleaved/01_预平衡/本地输出/eq2_npt_cleaved_v01.mdout	177255	346d67a5df169bef76f346d0ffff62aa281cd25f6f3d4b5d468bc664f6ea906d	COPIED_HASH_VERIFIED
cleaved	01_预平衡	local_md_output	simulations/construct-X/cleaved/charmm-gui-8643876985/amber/eq2_npt.nc	work/cprime_local_restructure_candidate_20260820/03_SMD运行/cleaved/01_预平衡/本地输出/eq2_npt_cleaved_v01.nc	58173764	6269e7e8a028f949a824331546d9504ba55287fcce74e0004f3c357c663aefb4	COPIED_HASH_VERIFIED
cleaved	01_预平衡	local_md_output	simulations/construct-X/cleaved/charmm-gui-8643876985/amber/eq2_npt.rst7	work/cprime_local_restructure_candidate_20260820/03_SMD运行/cleaved/01_预平衡/本地输出/eq2_npt_cleaved_v01.rst7	11635340	60158ec45fdf587eae21a38c0573cbe52a1a3fb264e45c2c119a118f49f82ad3	COPIED_HASH_VERIFIED
cleaved	01_预平衡	local_md_output	simulations/construct-X/cleaved/charmm-gui-8643876985/amber/eq3_npt.mdout	work/cprime_local_restructure_candidate_20260820/03_SMD运行/cleaved/01_预平衡/本地输出/eq3_npt_cleaved_v01.mdout	177396	52c0fb7d0f7eef71c46982c04f1548f28a3e4a19eeacecae98580191d18be117	COPIED_HASH_VERIFIED
cleaved	01_预平衡	local_md_output	simulations/construct-X/cleaved/charmm-gui-8643876985/amber/eq3_npt.nc	work/cprime_local_restructure_candidate_20260820/03_SMD运行/cleaved/01_预平衡/本地输出/eq3_npt_cleaved_v01.nc	58173764	688fdac7319b0c156c9b22284baf7e7d242c50fe0208ce5a02143dddcc07f769	COPIED_HASH_VERIFIED
cleaved	01_预平衡	local_md_output	simulations/construct-X/cleaved/charmm-gui-8643876985/amber/eq3_npt.rst7	work/cprime_local_restructure_candidate_20260820/03_SMD运行/cleaved/01_预平衡/本地输出/eq3_npt_cleaved_v01.rst7	11635340	76b4b92b354bea15d7de06a5e064915a2eadcf34677cfbf7ead67fef6752987d	COPIED_HASH_VERIFIED
cleaved	01_预平衡	local_md_output	simulations/construct-X/cleaved/charmm-gui-8643876985/amber/eq4_npt.mdout	work/cprime_local_restructure_candidate_20260820/03_SMD运行/cleaved/01_预平衡/本地输出/eq4_npt_cleaved_v01.mdout	314177	88492ffe365319cfd5b6269858239a021d1a054b618c70fbda6f06168e904760	COPIED_HASH_VERIFIED
cleaved	01_预平衡	local_md_output	simulations/construct-X/cleaved/charmm-gui-8643876985/amber/eq4_npt.nc	work/cprime_local_restructure_candidate_20260820/03_SMD运行/cleaved/01_预平衡/本地输出/eq4_npt_cleaved_v01.nc	145433204	a21f49b132139ca62aa67f12306f1787442be25b684655b629181ae5a4f63498	COPIED_HASH_VERIFIED
cleaved	01_预平衡	local_md_output	simulations/construct-X/cleaved/charmm-gui-8643876985/amber/eq4_npt.rst7	work/cprime_local_restructure_candidate_20260820/03_SMD运行/cleaved/01_预平衡/本地输出/eq4_npt_cleaved_v01.rst7	11635340	ef243561715f7b212a73066be31c7c80ef90418b2bc862957f8112656fa5f9a7	COPIED_HASH_VERIFIED
cleaved	02_SMD测试	local_md_output	simulations/construct-X/cleaved/charmm-gui-8643876985/amber/smd_test/smd_chunk00.mdout	work/cprime_local_restructure_candidate_20260820/03_SMD运行/cleaved/02_SMD测试/本地输出/smd_chunk00_cleaved_v01.mdout	483922	0381b92e3661cbf0464f3532135e5600608a5ab3b18796774097cfcd381ce10b	COPIED_HASH_VERIFIED
cleaved	02_SMD测试	local_md_output	simulations/construct-X/cleaved/charmm-gui-8643876985/amber/smd_test/smd_chunk00.nc	work/cprime_local_restructure_candidate_20260820/03_SMD运行/cleaved/02_SMD测试/本地输出/smd_chunk00_cleaved_v01.nc	145433204	5be6923b04e0954ec70809c9227933949d0697b6b5ea656ba54a16765756dd4a	COPIED_HASH_VERIFIED
cleaved	02_SMD测试	local_md_output	simulations/construct-X/cleaved/charmm-gui-8643876985/amber/smd_test/smd_chunk00.out	work/cprime_local_restructure_candidate_20260820/03_SMD运行/cleaved/02_SMD测试/本地输出/smd_chunk00_cleaved_v01.out	5700	b7d9cf2d73fc26923f579a91b51e59b6b0f4bbcb1957c5963683acbf2de40a27	COPIED_HASH_VERIFIED
cleaved	02_SMD测试	local_md_output	simulations/construct-X/cleaved/charmm-gui-8643876985/amber/smd_test/smd_chunk00.rst7	work/cprime_local_restructure_candidate_20260820/03_SMD运行/cleaved/02_SMD测试/本地输出/smd_chunk00_cleaved_v01.rst7	11635340	dcf011c2cc9ec4b052b153f109a2e7d2a7821f55694d42e74128911dd28e59d9	COPIED_HASH_VERIFIED
cleaved	02_SMD测试	local_md_output	simulations/construct-X/cleaved/charmm-gui-8643876985/amber/smd_test/smd_chunk01.mdout	work/cprime_local_restructure_candidate_20260820/03_SMD运行/cleaved/02_SMD测试/本地输出/smd_chunk01_cleaved_v01.mdout	483828	251eeb032de8be18fe231a10a63d81f567bfc0c5455f1527a45fcfe2989b4d90	COPIED_HASH_VERIFIED
cleaved	02_SMD测试	local_md_output	simulations/construct-X/cleaved/charmm-gui-8643876985/amber/smd_test/smd_chunk01.nc	work/cprime_local_restructure_candidate_20260820/03_SMD运行/cleaved/02_SMD测试/本地输出/smd_chunk01_cleaved_v01.nc	145433204	864d7ca1fa743f913efd86ce5e2baf0c0dc0a10116b6c185e9006e9e0c9b3941	COPIED_HASH_VERIFIED
cleaved	02_SMD测试	local_md_output	simulations/construct-X/cleaved/charmm-gui-8643876985/amber/smd_test/smd_chunk01.out	work/cprime_local_restructure_candidate_20260820/03_SMD运行/cleaved/02_SMD测试/本地输出/smd_chunk01_cleaved_v01.out	5700	e440489a16db3a4c8b8607ead3d8cd2070992d71b8110c18a009c5be0faf7f5d	COPIED_HASH_VERIFIED
cleaved	02_SMD测试	local_md_output	simulations/construct-X/cleaved/charmm-gui-8643876985/amber/smd_test/smd_chunk01.rst7	work/cprime_local_restructure_candidate_20260820/03_SMD运行/cleaved/02_SMD测试/本地输出/smd_chunk01_cleaved_v01.rst7	11635340	9574d6c9656223cbeb964e2118b285094255d413950b398dbb1873bfd7461fa2	COPIED_HASH_VERIFIED
cleaved	02_SMD测试	local_md_output	simulations/construct-X/cleaved/charmm-gui-8643876985/amber/smd_test/smd_chunk02.mdout	work/cprime_local_restructure_candidate_20260820/03_SMD运行/cleaved/02_SMD测试/本地输出/smd_chunk02_cleaved_v01.mdout	483794	f3d3f3b516d536b2beda8fa616f108f811c4c818a62a077a5aa47d3ecba3b8b4	COPIED_HASH_VERIFIED
cleaved	02_SMD测试	local_md_output	simulations/construct-X/cleaved/charmm-gui-8643876985/amber/smd_test/smd_chunk02.nc	work/cprime_local_restructure_candidate_20260820/03_SMD运行/cleaved/02_SMD测试/本地输出/smd_chunk02_cleaved_v01.nc	145433204	7b1c3f11074e9cb03438a744a9a545d7e45add0ef7e91f4c52fde563a804e1ae	COPIED_HASH_VERIFIED
cleaved	02_SMD测试	local_md_output	simulations/construct-X/cleaved/charmm-gui-8643876985/amber/smd_test/smd_chunk02.out	work/cprime_local_restructure_candidate_20260820/03_SMD运行/cleaved/02_SMD测试/本地输出/smd_chunk02_cleaved_v01.out	5700	f0120b4ee13b0c8774f1c8d7bae25f2df8a219c58ecdab461b72c9370fd27b73	COPIED_HASH_VERIFIED
cleaved	02_SMD测试	local_md_output	simulations/construct-X/cleaved/charmm-gui-8643876985/amber/smd_test/smd_chunk02.rst7	work/cprime_local_restructure_candidate_20260820/03_SMD运行/cleaved/02_SMD测试/本地输出/smd_chunk02_cleaved_v01.rst7	11635340	2a4ce814b77baabe7873961902008e08532ae6145ed96dceda4e194ae219779d	COPIED_HASH_VERIFIED
cleaved	02_SMD测试	local_md_output	simulations/construct-X/cleaved/charmm-gui-8643876985/amber/smd_test/smd_chunk03.mdout	work/cprime_local_restructure_candidate_20260820/03_SMD运行/cleaved/02_SMD测试/本地输出/smd_chunk03_cleaved_v01.mdout	483828	d12fdeb76dfb9c888be537de0e4aef0027dbc9eaa26a193bc8db6cc740806de2	COPIED_HASH_VERIFIED
cleaved	02_SMD测试	local_md_output	simulations/construct-X/cleaved/charmm-gui-8643876985/amber/smd_test/smd_chunk03.nc	work/cprime_local_restructure_candidate_20260820/03_SMD运行/cleaved/02_SMD测试/本地输出/smd_chunk03_cleaved_v01.nc	145433204	36248606aba999ba4edaacaad297cf394872da50ae6ba0b527419078b9cec7e7	COPIED_HASH_VERIFIED
cleaved	02_SMD测试	local_md_output	simulations/construct-X/cleaved/charmm-gui-8643876985/amber/smd_test/smd_chunk03.out	work/cprime_local_restructure_candidate_20260820/03_SMD运行/cleaved/02_SMD测试/本地输出/smd_chunk03_cleaved_v01.out	5700	07ef2e4b0f9457c381dc75ca7c3d414c7c8412979bcefd132ffef74cbaf6a6f9	COPIED_HASH_VERIFIED
cleaved	02_SMD测试	local_md_output	simulations/construct-X/cleaved/charmm-gui-8643876985/amber/smd_test/smd_chunk03.rst7	work/cprime_local_restructure_candidate_20260820/03_SMD运行/cleaved/02_SMD测试/本地输出/smd_chunk03_cleaved_v01.rst7	11635340	53c1976fc8477a3c9a4c23cf8640a8b8b9956fd214f4857512d3f638adf9eb65	COPIED_HASH_VERIFIED
cleaved	02_SMD测试	local_md_output	simulations/construct-X/cleaved/charmm-gui-8643876985/amber/smd_test/smd_chunk04.mdout	work/cprime_local_restructure_candidate_20260820/03_SMD运行/cleaved/02_SMD测试/本地输出/smd_chunk04_cleaved_v01.mdout	483841	9129b34f4700c30cbbd52f8cd40ed8ab3246343a91cecd658583305a5bd14185	COPIED_HASH_VERIFIED
cleaved	02_SMD测试	local_md_output	simulations/construct-X/cleaved/charmm-gui-8643876985/amber/smd_test/smd_chunk04.nc	work/cprime_local_restructure_candidate_20260820/03_SMD运行/cleaved/02_SMD测试/本地输出/smd_chunk04_cleaved_v01.nc	145433204	81862e00709ed49260738cc68cc263713c94db691379b5a93def33b1e10928d4	COPIED_HASH_VERIFIED
cleaved	02_SMD测试	local_md_output	simulations/construct-X/cleaved/charmm-gui-8643876985/amber/smd_test/smd_chunk04.out	work/cprime_local_restructure_candidate_20260820/03_SMD运行/cleaved/02_SMD测试/本地输出/smd_chunk04_cleaved_v01.out	5700	5493b2e542dc14e27b29100a2571315d2cc80dcbf1b16d610291b317a23f9d92	COPIED_HASH_VERIFIED
cleaved	02_SMD测试	local_md_output	simulations/construct-X/cleaved/charmm-gui-8643876985/amber/smd_test/smd_chunk04.rst7	work/cprime_local_restructure_candidate_20260820/03_SMD运行/cleaved/02_SMD测试/本地输出/smd_chunk04_cleaved_v01.rst7	11635340	cd31f8250ac1806504269a50caaf992c69b305b684cbed32ea1eedcf4806ca0c	COPIED_HASH_VERIFIED
cleaved	02_SMD测试	local_md_output	simulations/construct-X/cleaved/charmm-gui-8643876985/amber/smd_test/smd_chunk05.mdout	work/cprime_local_restructure_candidate_20260820/03_SMD运行/cleaved/02_SMD测试/本地输出/smd_chunk05_cleaved_v01.mdout	134527	506cbe878c67042b53690fc3a7501e0071a372526bce7c8f82c8c7b591dbaa50	COPIED_HASH_VERIFIED
cleaved	02_SMD测试	local_md_output	simulations/construct-X/cleaved/charmm-gui-8643876985/amber/smd_test/smd_chunk05.nc	work/cprime_local_restructure_candidate_20260820/03_SMD运行/cleaved/02_SMD测试/本地输出/smd_chunk05_cleaved_v01.nc	34904580	8e323e07444358252c7eb0ab3fd304fe6fc3aa3a9b27f20c7679d3da4f7f2ef9	COPIED_HASH_VERIFIED
cleaved	02_SMD测试	local_md_output	simulations/construct-X/cleaved/charmm-gui-8643876985/amber/smd_test/smd_chunk05.out	work/cprime_local_restructure_candidate_20260820/03_SMD运行/cleaved/02_SMD测试/本地输出/smd_chunk05_cleaved_v01.out	1368	f6422353c198070e4a41e42b9c378a2913d2f9dd06b9cb537d5853d881e3247b	COPIED_HASH_VERIFIED
cleaved	02_SMD测试	local_md_output	simulations/construct-X/cleaved/charmm-gui-8643876985/amber/smd_test/smd_chunk05.rst7	work/cprime_local_restructure_candidate_20260820/03_SMD运行/cleaved/02_SMD测试/本地输出/smd_chunk05_cleaved_v01.rst7	11635340	66ee94d364f525bd47c17b5518e56c271fa9ad9a92d1c3fc67d37a89d64be0df	COPIED_HASH_VERIFIED
cleaved	02_SMD测试	local_md_output	simulations/construct-X/cleaved/charmm-gui-8643876985/amber/smd_test/smd_pull.mdout	work/cprime_local_restructure_candidate_20260820/03_SMD运行/cleaved/02_SMD测试/本地输出/smd_pull_cleaved_v01.mdout	8092	4b48e190cf35250898fafb58717b7f27ecf5834c20a86acabed2d0734f8b01bb	COPIED_HASH_VERIFIED
cleaved	02_SMD测试	local_md_output	simulations/construct-X/cleaved/charmm-gui-8643876985/amber/smd_test/smd_run.log	work/cprime_local_restructure_candidate_20260820/03_SMD运行/cleaved/02_SMD测试/本地输出/smd_run_cleaved_v01.log	1746	fac8bf887cbee7c3009e3718703688d0eaec5947ccb738a0a922af45874cb8d4	COPIED_HASH_VERIFIED
cleaved	02_SMD测试	local_md_output	simulations/construct-X/cleaved/charmm-gui-8643876985/amber/smd_test/smd.out	work/cprime_local_restructure_candidate_20260820/03_SMD运行/cleaved/02_SMD测试/本地输出/smd_test_cleaved_v01.out	29868	febf2743f879bfea9acfcc004f7e7ed428903e871902b3c7f35f3d866f045e9f	COPIED_HASH_VERIFIED
cleaved	03_SMD正式生产	local_md_output	simulations/construct-X/cleaved/charmm-gui-8643876985/amber/smd_production/MANIFEST.tsv	work/cprime_local_restructure_candidate_20260820/03_SMD运行/cleaved/03_SMD正式生产/本地输出/manifest_cleaved_v01.tsv	48615	cfe7fb0d245a6662a67c08dbe716050d1737e5dea20cfc4faf853ed5f70cb6ef	COPIED_HASH_VERIFIED
cleaved	03_SMD正式生产	local_md_output	simulations/construct-X/cleaved/charmm-gui-8643876985/amber/smd_production/mdinfo	work/cprime_local_restructure_candidate_20260820/03_SMD运行/cleaved/03_SMD正式生产/本地输出/mdinfo_cleaved_v01.txt	1476	8dbe4eaab8bfbf95732950288b78abf3ffecc84b25b9364fc2bb9fc9824eaf25	COPIED_HASH_VERIFIED
cleaved	03_SMD正式生产	local_md_output	simulations/construct-X/cleaved/charmm-gui-8643876985/amber/smd_production/smd_chunk00.mdout	work/cprime_local_restructure_candidate_20260820/03_SMD运行/cleaved/03_SMD正式生产/本地输出/smd_chunk00_cleaved_v01.mdout	483922	fe5800ae0d8a0cef4002ad969d04bea8e5ddcff1ce93ad3ca4c3a9d9a03bcb0d	COPIED_HASH_VERIFIED
cleaved	03_SMD正式生产	local_md_output	simulations/construct-X/cleaved/charmm-gui-8643876985/amber/smd_production/smd_chunk00.nc	work/cprime_local_restructure_candidate_20260820/03_SMD运行/cleaved/03_SMD正式生产/本地输出/smd_chunk00_cleaved_v01.nc	145433204	33b064a812f2df6b6ee6c59694531a0680df9a32a095f1ebf92954c5d47ff8a5	COPIED_HASH_VERIFIED
cleaved	03_SMD正式生产	local_md_output	simulations/construct-X/cleaved/charmm-gui-8643876985/amber/smd_production/smd_chunk00.out	work/cprime_local_restructure_candidate_20260820/03_SMD运行/cleaved/03_SMD正式生产/本地输出/smd_chunk00_cleaved_v01.out	5700	723c3ceeefeb0c70627a4414490619f50d67bc1f9166d620444eb745568f0e34	COPIED_HASH_VERIFIED
cleaved	03_SMD正式生产	local_md_output	simulations/construct-X/cleaved/charmm-gui-8643876985/amber/smd_production/smd_chunk00.rst7	work/cprime_local_restructure_candidate_20260820/03_SMD运行/cleaved/03_SMD正式生产/本地输出/smd_chunk00_cleaved_v01.rst7	11635340	5697e499fa3cf62dc89381e1a15344b303de336bf3c6418227c3859c296b6d6f	COPIED_HASH_VERIFIED
cleaved	03_SMD正式生产	local_md_output	simulations/construct-X/cleaved/charmm-gui-8643876985/amber/smd_production/smd_chunk01.mdout	work/cprime_local_restructure_candidate_20260820/03_SMD运行/cleaved/03_SMD正式生产/本地输出/smd_chunk01_cleaved_v01.mdout	483841	81d06cbaf05e4bf7bf27d2af9040978bb346d08647579c651e22266a8ef23fb6	COPIED_HASH_VERIFIED
cleaved	03_SMD正式生产	local_md_output	simulations/construct-X/cleaved/charmm-gui-8643876985/amber/smd_production/smd_chunk01.nc	work/cprime_local_restructure_candidate_20260820/03_SMD运行/cleaved/03_SMD正式生产/本地输出/smd_chunk01_cleaved_v01.nc	145433204	23c07c87710c1b68df46f273ab7e8584c0135f34bb11b8386511046f94550d09	COPIED_HASH_VERIFIED
cleaved	03_SMD正式生产	local_md_output	simulations/construct-X/cleaved/charmm-gui-8643876985/amber/smd_production/smd_chunk01.out	work/cprime_local_restructure_candidate_20260820/03_SMD运行/cleaved/03_SMD正式生产/本地输出/smd_chunk01_cleaved_v01.out	5700	0ca5dc33038c13cd930584eee04b350ff34467bb8472812f9a001d8cf3089ea6	COPIED_HASH_VERIFIED
cleaved	03_SMD正式生产	local_md_output	simulations/construct-X/cleaved/charmm-gui-8643876985/amber/smd_production/smd_chunk01.rst7	work/cprime_local_restructure_candidate_20260820/03_SMD运行/cleaved/03_SMD正式生产/本地输出/smd_chunk01_cleaved_v01.rst7	11635340	6a283a2da6864495c5b581fe4ebfba064e5311f14858ed3d04b47b0a89b1739e	COPIED_HASH_VERIFIED
cleaved	03_SMD正式生产	local_md_output	simulations/construct-X/cleaved/charmm-gui-8643876985/amber/smd_production/smd_chunk02.mdout	work/cprime_local_restructure_candidate_20260820/03_SMD运行/cleaved/03_SMD正式生产/本地输出/smd_chunk02_cleaved_v01.mdout	483747	78b21438efdc9d2209a95a110506a997ab3443c59fefe97c440db850ed005a8a	COPIED_HASH_VERIFIED
cleaved	03_SMD正式生产	local_md_output	simulations/construct-X/cleaved/charmm-gui-8643876985/amber/smd_production/smd_chunk02.nc	work/cprime_local_restructure_candidate_20260820/03_SMD运行/cleaved/03_SMD正式生产/本地输出/smd_chunk02_cleaved_v01.nc	145433204	bb31bec3d0a4a608be810fc3774894799c989b3f8c4bf9c233847ca7ed0fd764	COPIED_HASH_VERIFIED
cleaved	03_SMD正式生产	local_md_output	simulations/construct-X/cleaved/charmm-gui-8643876985/amber/smd_production/smd_chunk02.out	work/cprime_local_restructure_candidate_20260820/03_SMD运行/cleaved/03_SMD正式生产/本地输出/smd_chunk02_cleaved_v01.out	5700	f1e71d2744ce798de1298f4a129b6341dee9a83f26e6c061e9e013b7f7907691	COPIED_HASH_VERIFIED
cleaved	03_SMD正式生产	local_md_output	simulations/construct-X/cleaved/charmm-gui-8643876985/amber/smd_production/smd_chunk02.rst7	work/cprime_local_restructure_candidate_20260820/03_SMD运行/cleaved/03_SMD正式生产/本地输出/smd_chunk02_cleaved_v01.rst7	11635340	96d48df7b2b31c2c15db7e13c56c15120b46c14b6c5e6a65f1259cc31f33a43f	COPIED_HASH_VERIFIED
cleaved	03_SMD正式生产	local_md_output	simulations/construct-X/cleaved/charmm-gui-8643876985/amber/smd_production/smd_chunk03.mdout	work/cprime_local_restructure_candidate_20260820/03_SMD运行/cleaved/03_SMD正式生产/本地输出/smd_chunk03_cleaved_v01.mdout	483781	fc3a815b8ce040a2b91df74ad3e2bf78b8bdd8f8ef226468f95850cc4c0aea6a	COPIED_HASH_VERIFIED
cleaved	03_SMD正式生产	local_md_output	simulations/construct-X/cleaved/charmm-gui-8643876985/amber/smd_production/smd_chunk03.nc	work/cprime_local_restructure_candidate_20260820/03_SMD运行/cleaved/03_SMD正式生产/本地输出/smd_chunk03_cleaved_v01.nc	145433204	a95f200f65c648e83424b2266244953d0a69d32e0ccde6380033f1f98d1534d6	COPIED_HASH_VERIFIED
cleaved	03_SMD正式生产	local_md_output	simulations/construct-X/cleaved/charmm-gui-8643876985/amber/smd_production/smd_chunk03.out	work/cprime_local_restructure_candidate_20260820/03_SMD运行/cleaved/03_SMD正式生产/本地输出/smd_chunk03_cleaved_v01.out	5700	e7660d97f7f62cd0f73c9ca79c6456f571d46007deb4ccf1e542cd3be412fa15	COPIED_HASH_VERIFIED
cleaved	03_SMD正式生产	local_md_output	simulations/construct-X/cleaved/charmm-gui-8643876985/amber/smd_production/smd_chunk03.rst7	work/cprime_local_restructure_candidate_20260820/03_SMD运行/cleaved/03_SMD正式生产/本地输出/smd_chunk03_cleaved_v01.rst7	11635340	b0896c3118263be69f1ee94ec967bfba8e0d20517fa42b1f08a653c6a88d7d1b	COPIED_HASH_VERIFIED
cleaved	03_SMD正式生产	local_md_output	simulations/construct-X/cleaved/charmm-gui-8643876985/amber/smd_production/smd_chunk04.mdout	work/cprime_local_restructure_candidate_20260820/03_SMD运行/cleaved/03_SMD正式生产/本地输出/smd_chunk04_cleaved_v01.mdout	483828	5bfed77939beadf94afb431d3c36894b5d90a6717d0832d3ef22229dfb2597d9	COPIED_HASH_VERIFIED
cleaved	03_SMD正式生产	local_md_output	simulations/construct-X/cleaved/charmm-gui-8643876985/amber/smd_production/smd_chunk04.nc	work/cprime_local_restructure_candidate_20260820/03_SMD运行/cleaved/03_SMD正式生产/本地输出/smd_chunk04_cleaved_v01.nc	145433204	2dedadfbc9b5508dadd559a61a77bff214c267552e43d6799d7700356adf52f7	COPIED_HASH_VERIFIED
cleaved	03_SMD正式生产	local_md_output	simulations/construct-X/cleaved/charmm-gui-8643876985/amber/smd_production/smd_chunk04.out	work/cprime_local_restructure_candidate_20260820/03_SMD运行/cleaved/03_SMD正式生产/本地输出/smd_chunk04_cleaved_v01.out	5700	7ffe2f680438aa9c38b6fb050ceffc80b9f66dfd66aeb7205ba3bf3562bef514	COPIED_HASH_VERIFIED
cleaved	03_SMD正式生产	local_md_output	simulations/construct-X/cleaved/charmm-gui-8643876985/amber/smd_production/smd_chunk04.rst7	work/cprime_local_restructure_candidate_20260820/03_SMD运行/cleaved/03_SMD正式生产/本地输出/smd_chunk04_cleaved_v01.rst7	11635340	c96a0f74681b9dce41e2b392fcfc6a5dc1940d65c6f1c7a5210ddeca1b14a1da	COPIED_HASH_VERIFIED
cleaved	03_SMD正式生产	local_md_output	simulations/construct-X/cleaved/charmm-gui-8643876985/amber/smd_production/smd_chunk05.mdout	work/cprime_local_restructure_candidate_20260820/03_SMD运行/cleaved/03_SMD正式生产/本地输出/smd_chunk05_cleaved_v01.mdout	483700	d0d4be432b1653525dd4c3a5ad198b2fcae6b81e6c98fb2705c2ed0ed4028df0	COPIED_HASH_VERIFIED
cleaved	03_SMD正式生产	local_md_output	simulations/construct-X/cleaved/charmm-gui-8643876985/amber/smd_production/smd_chunk05.nc	work/cprime_local_restructure_candidate_20260820/03_SMD运行/cleaved/03_SMD正式生产/本地输出/smd_chunk05_cleaved_v01.nc	145433204	e817852a95c3acba7a42c80081761a9fd72a80737e8764817ca75f77af340550	COPIED_HASH_VERIFIED
cleaved	03_SMD正式生产	local_md_output	simulations/construct-X/cleaved/charmm-gui-8643876985/amber/smd_production/smd_chunk05.out	work/cprime_local_restructure_candidate_20260820/03_SMD运行/cleaved/03_SMD正式生产/本地输出/smd_chunk05_cleaved_v01.out	5700	1e01d38c9df5eb38239c41b3c2f941dcfd10e8e75a0f5dc3424b9a76572807f0	COPIED_HASH_VERIFIED
cleaved	03_SMD正式生产	local_md_output	simulations/construct-X/cleaved/charmm-gui-8643876985/amber/smd_production/smd_chunk05.rst7	work/cprime_local_restructure_candidate_20260820/03_SMD运行/cleaved/03_SMD正式生产/本地输出/smd_chunk05_cleaved_v01.rst7	11635340	402d86dd637740e9e2ae1b9d0eb06c1ff1ef6e172ea9648d7f272b9e5ec5f246	COPIED_HASH_VERIFIED
cleaved	03_SMD正式生产	local_md_output	simulations/construct-X/cleaved/charmm-gui-8643876985/amber/smd_production/smd_chunk06.mdout	work/cprime_local_restructure_candidate_20260820/03_SMD运行/cleaved/03_SMD正式生产/本地输出/smd_chunk06_cleaved_v01.mdout	483781	94f0f1b4588f7644026c12a56b22ad3a86bccdaeeb85f292f659b1df144fc997	COPIED_HASH_VERIFIED
cleaved	03_SMD正式生产	local_md_output	simulations/construct-X/cleaved/charmm-gui-8643876985/amber/smd_production/smd_chunk06.nc	work/cprime_local_restructure_candidate_20260820/03_SMD运行/cleaved/03_SMD正式生产/本地输出/smd_chunk06_cleaved_v01.nc	145433204	909f6106ecb67adbf09fc90e3e93636b32e029ec8a0e498bf277d183d1f34fcf	COPIED_HASH_VERIFIED
cleaved	03_SMD正式生产	local_md_output	simulations/construct-X/cleaved/charmm-gui-8643876985/amber/smd_production/smd_chunk06.out	work/cprime_local_restructure_candidate_20260820/03_SMD运行/cleaved/03_SMD正式生产/本地输出/smd_chunk06_cleaved_v01.out	5700	a562bbe4293b14e51ea5007c2e8bcf852e7d438a2e9bb2125434eb615c44113c	COPIED_HASH_VERIFIED
cleaved	03_SMD正式生产	local_md_output	simulations/construct-X/cleaved/charmm-gui-8643876985/amber/smd_production/smd_chunk06.rst7	work/cprime_local_restructure_candidate_20260820/03_SMD运行/cleaved/03_SMD正式生产/本地输出/smd_chunk06_cleaved_v01.rst7	11635340	bab531715c8735cd633f084c8ac744e95cce255817bb3f71bc5a92bfe22448f3	COPIED_HASH_VERIFIED
cleaved	03_SMD正式生产	local_md_output	simulations/construct-X/cleaved/charmm-gui-8643876985/amber/smd_production/smd_chunk07.mdout	work/cprime_local_restructure_candidate_20260820/03_SMD运行/cleaved/03_SMD正式生产/本地输出/smd_chunk07_cleaved_v01.mdout	483841	7ae3a62f663c1e746226d906901f5b5fe25b2dc0c937b8482e756902f02e6469	COPIED_HASH_VERIFIED
cleaved	03_SMD正式生产	local_md_output	simulations/construct-X/cleaved/charmm-gui-8643876985/amber/smd_production/smd_chunk07.nc	work/cprime_local_restructure_candidate_20260820/03_SMD运行/cleaved/03_SMD正式生产/本地输出/smd_chunk07_cleaved_v01.nc	145433204	b6cec59197990d30b42ed163fd7472461b3d67b3f99dbb2c31799d0a82580005	COPIED_HASH_VERIFIED
cleaved	03_SMD正式生产	local_md_output	simulations/construct-X/cleaved/charmm-gui-8643876985/amber/smd_production/smd_chunk07.out	work/cprime_local_restructure_candidate_20260820/03_SMD运行/cleaved/03_SMD正式生产/本地输出/smd_chunk07_cleaved_v01.out	5700	1594c64c52d7e48629b682c7e515043cd6cf5c04a06e95a145d5b723f4d1e845	COPIED_HASH_VERIFIED
cleaved	03_SMD正式生产	local_md_output	simulations/construct-X/cleaved/charmm-gui-8643876985/amber/smd_production/smd_chunk07.rst7	work/cprime_local_restructure_candidate_20260820/03_SMD运行/cleaved/03_SMD正式生产/本地输出/smd_chunk07_cleaved_v01.rst7	11635340	97dabc649cae0ea88b6c375a7284ec5347a1ee0b04d3327aed9386d71e2d7eb3	COPIED_HASH_VERIFIED
cleaved	03_SMD正式生产	local_md_output	simulations/construct-X/cleaved/charmm-gui-8643876985/amber/smd_production/smd_chunk08.mdout	work/cprime_local_restructure_candidate_20260820/03_SMD运行/cleaved/03_SMD正式生产/本地输出/smd_chunk08_cleaved_v01.mdout	483875	5aa1e55c78ca07bddaa5a4ed1e52b608dbbcfd48898e805cfddbcc971b675506	COPIED_HASH_VERIFIED
cleaved	03_SMD正式生产	local_md_output	simulations/construct-X/cleaved/charmm-gui-8643876985/amber/smd_production/smd_chunk08.nc	work/cprime_local_restructure_candidate_20260820/03_SMD运行/cleaved/03_SMD正式生产/本地输出/smd_chunk08_cleaved_v01.nc	145433204	3adca6d7679c9760099370f1e3b52599de3b0ed943427353f68df3eade6ae099	COPIED_HASH_VERIFIED
cleaved	03_SMD正式生产	local_md_output	simulations/construct-X/cleaved/charmm-gui-8643876985/amber/smd_production/smd_chunk08.out	work/cprime_local_restructure_candidate_20260820/03_SMD运行/cleaved/03_SMD正式生产/本地输出/smd_chunk08_cleaved_v01.out	5700	29615e0f8c52b228a2f03057dc7d44746d152ea83340c582da6a02d78cbf05da	COPIED_HASH_VERIFIED
cleaved	03_SMD正式生产	local_md_output	simulations/construct-X/cleaved/charmm-gui-8643876985/amber/smd_production/smd_chunk08.rst7	work/cprime_local_restructure_candidate_20260820/03_SMD运行/cleaved/03_SMD正式生产/本地输出/smd_chunk08_cleaved_v01.rst7	11635340	49d839012ccd42ad5dbe1d3067a0bfc39e45d374d58a0501549e0d4b2fb2d512	COPIED_HASH_VERIFIED
cleaved	03_SMD正式生产	local_md_output	simulations/construct-X/cleaved/charmm-gui-8643876985/amber/smd_production/smd_chunk09.mdout	work/cprime_local_restructure_candidate_20260820/03_SMD运行/cleaved/03_SMD正式生产/本地输出/smd_chunk09_cleaved_v01.mdout	483875	1419ccee793dd08e48f0d55daeb0db094d40f870442d61d42c9164a5c76b6ca2	COPIED_HASH_VERIFIED
cleaved	03_SMD正式生产	local_md_output	simulations/construct-X/cleaved/charmm-gui-8643876985/amber/smd_production/smd_chunk09.nc	work/cprime_local_restructure_candidate_20260820/03_SMD运行/cleaved/03_SMD正式生产/本地输出/smd_chunk09_cleaved_v01.nc	145433204	41e52c91f72e9acd7f47c8e7a283dab536798ce5e99e349edeac4b6bb35a2cd6	COPIED_HASH_VERIFIED
cleaved	03_SMD正式生产	local_md_output	simulations/construct-X/cleaved/charmm-gui-8643876985/amber/smd_production/smd_chunk09.out	work/cprime_local_restructure_candidate_20260820/03_SMD运行/cleaved/03_SMD正式生产/本地输出/smd_chunk09_cleaved_v01.out	5700	5fa65045723dde9bc333767af726cce8d42aac20d81178d4ebb701214ff601da	COPIED_HASH_VERIFIED
cleaved	03_SMD正式生产	local_md_output	simulations/construct-X/cleaved/charmm-gui-8643876985/amber/smd_production/smd_chunk09.rst7	work/cprime_local_restructure_candidate_20260820/03_SMD运行/cleaved/03_SMD正式生产/本地输出/smd_chunk09_cleaved_v01.rst7	11635340	900d64044260c3e4e3b38091e9e3ce18e53cbe354139fc446723589ead31bd94	COPIED_HASH_VERIFIED
cleaved	03_SMD正式生产	local_md_output	simulations/construct-X/cleaved/charmm-gui-8643876985/amber/smd_production/smd_chunk10.mdout	work/cprime_local_restructure_candidate_20260820/03_SMD运行/cleaved/03_SMD正式生产/本地输出/smd_chunk10_cleaved_v01.mdout	483875	9e042fe9583577f0b1b53ee1f13cafd7392d5abd3b22c384462e78f7280d73cd	COPIED_HASH_VERIFIED
cleaved	03_SMD正式生产	local_md_output	simulations/construct-X/cleaved/charmm-gui-8643876985/amber/smd_production/smd_chunk10.nc	work/cprime_local_restructure_candidate_20260820/03_SMD运行/cleaved/03_SMD正式生产/本地输出/smd_chunk10_cleaved_v01.nc	145433204	1db073220e307c397bb6a32f458c9eb239c0a95add371c5e208a11802889f21e	COPIED_HASH_VERIFIED
cleaved	03_SMD正式生产	local_md_output	simulations/construct-X/cleaved/charmm-gui-8643876985/amber/smd_production/smd_chunk10.out	work/cprime_local_restructure_candidate_20260820/03_SMD运行/cleaved/03_SMD正式生产/本地输出/smd_chunk10_cleaved_v01.out	5700	7cad84218ce378a88add46672e127744bf1de71b4fd92f7fde0e326dd223039d	COPIED_HASH_VERIFIED
cleaved	03_SMD正式生产	local_md_output	simulations/construct-X/cleaved/charmm-gui-8643876985/amber/smd_production/smd_chunk10.rst7	work/cprime_local_restructure_candidate_20260820/03_SMD运行/cleaved/03_SMD正式生产/本地输出/smd_chunk10_cleaved_v01.rst7	11635340	28eb8f97a433b94bb8b1fdd565c43dca4aa456c628024d3ecc8e8c95fb267416	COPIED_HASH_VERIFIED
cleaved	03_SMD正式生产	local_md_output	simulations/construct-X/cleaved/charmm-gui-8643876985/amber/smd_production/smd_chunk11.mdout	work/cprime_local_restructure_candidate_20260820/03_SMD运行/cleaved/03_SMD正式生产/本地输出/smd_chunk11_cleaved_v01.mdout	483922	e1a341351149f1c17c5fe2344b6be4bc31c11fbba3ebf4e0a086d3c3c76ef017	COPIED_HASH_VERIFIED
cleaved	03_SMD正式生产	local_md_output	simulations/construct-X/cleaved/charmm-gui-8643876985/amber/smd_production/smd_chunk11.nc	work/cprime_local_restructure_candidate_20260820/03_SMD运行/cleaved/03_SMD正式生产/本地输出/smd_chunk11_cleaved_v01.nc	145433204	dfe31cdd19421e7a8f2d0cd49d0408714a648ee76e6cf83fa22958d72a17ff06	COPIED_HASH_VERIFIED
cleaved	03_SMD正式生产	local_md_output	simulations/construct-X/cleaved/charmm-gui-8643876985/amber/smd_production/smd_chunk11.out	work/cprime_local_restructure_candidate_20260820/03_SMD运行/cleaved/03_SMD正式生产/本地输出/smd_chunk11_cleaved_v01.out	5700	5b4817b74ba4b9915ebb5f536233b3356a95ba4b670a70925dbb4a7134963623	COPIED_HASH_VERIFIED
cleaved	03_SMD正式生产	local_md_output	simulations/construct-X/cleaved/charmm-gui-8643876985/amber/smd_production/smd_chunk11.rst7	work/cprime_local_restructure_candidate_20260820/03_SMD运行/cleaved/03_SMD正式生产/本地输出/smd_chunk11_cleaved_v01.rst7	11635340	4b17062019dd262b354d0c20a27b1bab5c4719ec027975435c0969db170db209	COPIED_HASH_VERIFIED
cleaved	03_SMD正式生产	local_md_output	simulations/construct-X/cleaved/charmm-gui-8643876985/amber/smd_production/smd_chunk12.mdout	work/cprime_local_restructure_candidate_20260820/03_SMD运行/cleaved/03_SMD正式生产/本地输出/smd_chunk12_cleaved_v01.mdout	484063	8a590d3c2668a78e8f8090917cc94a6823ec188796d4e0237e35325bcb134b22	COPIED_HASH_VERIFIED
cleaved	03_SMD正式生产	local_md_output	simulations/construct-X/cleaved/charmm-gui-8643876985/amber/smd_production/smd_chunk12.nc	work/cprime_local_restructure_candidate_20260820/03_SMD运行/cleaved/03_SMD正式生产/本地输出/smd_chunk12_cleaved_v01.nc	145433204	5792d94b3e52fbd8e1d1f5e400761fc51f5e9c56ec7ffd993bc450044500520e	COPIED_HASH_VERIFIED
cleaved	03_SMD正式生产	local_md_output	simulations/construct-X/cleaved/charmm-gui-8643876985/amber/smd_production/smd_chunk12.out	work/cprime_local_restructure_candidate_20260820/03_SMD运行/cleaved/03_SMD正式生产/本地输出/smd_chunk12_cleaved_v01.out	5700	2427ddd08853924bbe3bbd8dfa785b52b31697720c5c10ce7eb0542805a69384	COPIED_HASH_VERIFIED
cleaved	03_SMD正式生产	local_md_output	simulations/construct-X/cleaved/charmm-gui-8643876985/amber/smd_production/smd_chunk12.rst7	work/cprime_local_restructure_candidate_20260820/03_SMD运行/cleaved/03_SMD正式生产/本地输出/smd_chunk12_cleaved_v01.rst7	11635340	a107babe4015c10e39f8834f5f02840a203bafa728c7fc1c512076941c68a7d5	COPIED_HASH_VERIFIED
cleaved	03_SMD正式生产	local_md_output	simulations/construct-X/cleaved/charmm-gui-8643876985/amber/smd_production/smd_chunk13.mdout	work/cprime_local_restructure_candidate_20260820/03_SMD运行/cleaved/03_SMD正式生产/本地输出/smd_chunk13_cleaved_v01.mdout	483888	777c0089784c96793c800c557dc1c9097a9ae8e737942c6621e1b19c20b00301	COPIED_HASH_VERIFIED
cleaved	03_SMD正式生产	local_md_output	simulations/construct-X/cleaved/charmm-gui-8643876985/amber/smd_production/smd_chunk13.nc	work/cprime_local_restructure_candidate_20260820/03_SMD运行/cleaved/03_SMD正式生产/本地输出/smd_chunk13_cleaved_v01.nc	145433204	059a6b5850f67ec85719794a2df3295171c965b931f5e80d7c36a578f678d8b3	COPIED_HASH_VERIFIED
cleaved	03_SMD正式生产	local_md_output	simulations/construct-X/cleaved/charmm-gui-8643876985/amber/smd_production/smd_chunk13.out	work/cprime_local_restructure_candidate_20260820/03_SMD运行/cleaved/03_SMD正式生产/本地输出/smd_chunk13_cleaved_v01.out	5700	7b05beb535f93ded27d84283f666180b206b816a7983ac732c55c6f2f550f203	COPIED_HASH_VERIFIED
cleaved	03_SMD正式生产	local_md_output	simulations/construct-X/cleaved/charmm-gui-8643876985/amber/smd_production/smd_chunk13.rst7	work/cprime_local_restructure_candidate_20260820/03_SMD运行/cleaved/03_SMD正式生产/本地输出/smd_chunk13_cleaved_v01.rst7	11635340	909f9ed84aa8faf7edbf801d8456657f96626bbcbf2df8c7c1d824a7685a499b	COPIED_HASH_VERIFIED
cleaved	03_SMD正式生产	local_md_output	simulations/construct-X/cleaved/charmm-gui-8643876985/amber/smd_production/smd_chunk14.mdout	work/cprime_local_restructure_candidate_20260820/03_SMD运行/cleaved/03_SMD正式生产/本地输出/smd_chunk14_cleaved_v01.mdout	483875	023b68a6b302f40e8ec50f79756a0065a83422dcf3adf4f068cf839b4c27e732	COPIED_HASH_VERIFIED
cleaved	03_SMD正式生产	local_md_output	simulations/construct-X/cleaved/charmm-gui-8643876985/amber/smd_production/smd_chunk14.nc	work/cprime_local_restructure_candidate_20260820/03_SMD运行/cleaved/03_SMD正式生产/本地输出/smd_chunk14_cleaved_v01.nc	145433204	a4242ee1e51c8abae125c1b93eb0469602cdc81cb2f972f4d721b5394c495388	COPIED_HASH_VERIFIED
cleaved	03_SMD正式生产	local_md_output	simulations/construct-X/cleaved/charmm-gui-8643876985/amber/smd_production/smd_chunk14.out	work/cprime_local_restructure_candidate_20260820/03_SMD运行/cleaved/03_SMD正式生产/本地输出/smd_chunk14_cleaved_v01.out	5700	8c0c58b21454eb1c8598185923570153366e9117ca3d04e5ef74927b8ba2e4d4	COPIED_HASH_VERIFIED
cleaved	03_SMD正式生产	local_md_output	simulations/construct-X/cleaved/charmm-gui-8643876985/amber/smd_production/smd_chunk14.rst7	work/cprime_local_restructure_candidate_20260820/03_SMD运行/cleaved/03_SMD正式生产/本地输出/smd_chunk14_cleaved_v01.rst7	11635340	d909a32df43a99609bee4163a63b368a8662a7ba3f78a5c65552f70b0b9ab49e	COPIED_HASH_VERIFIED
cleaved	03_SMD正式生产	local_md_output	simulations/construct-X/cleaved/charmm-gui-8643876985/amber/smd_production/smd_chunk15.mdout	work/cprime_local_restructure_candidate_20260820/03_SMD运行/cleaved/03_SMD正式生产/本地输出/smd_chunk15_cleaved_v01.mdout	483841	c64b9abdb3f35cc4163e7f09d84b464e47663bbbefe5fcc246212a08984f0551	COPIED_HASH_VERIFIED
cleaved	03_SMD正式生产	local_md_output	simulations/construct-X/cleaved/charmm-gui-8643876985/amber/smd_production/smd_chunk15.nc	work/cprime_local_restructure_candidate_20260820/03_SMD运行/cleaved/03_SMD正式生产/本地输出/smd_chunk15_cleaved_v01.nc	145433204	9fd3b634366e1d9811f7b69cc1eea3e64e0ba1d85ae6465c6e43950ab4b584f6	COPIED_HASH_VERIFIED
cleaved	03_SMD正式生产	local_md_output	simulations/construct-X/cleaved/charmm-gui-8643876985/amber/smd_production/smd_chunk15.out	work/cprime_local_restructure_candidate_20260820/03_SMD运行/cleaved/03_SMD正式生产/本地输出/smd_chunk15_cleaved_v01.out	5700	32e848ac70ff8cab118a7a8d43bcfc58e277bd01881869f9e8e310af4331383e	COPIED_HASH_VERIFIED
cleaved	03_SMD正式生产	local_md_output	simulations/construct-X/cleaved/charmm-gui-8643876985/amber/smd_production/smd_chunk15.rst7	work/cprime_local_restructure_candidate_20260820/03_SMD运行/cleaved/03_SMD正式生产/本地输出/smd_chunk15_cleaved_v01.rst7	11635340	03d03ae771b7ff0c0c7e2e926c4f1a15909caf11888855bd6afb745032e2204a	COPIED_HASH_VERIFIED
cleaved	03_SMD正式生产	local_md_output	simulations/construct-X/cleaved/charmm-gui-8643876985/amber/smd_production/smd_chunk16.mdout	work/cprime_local_restructure_candidate_20260820/03_SMD运行/cleaved/03_SMD正式生产/本地输出/smd_chunk16_cleaved_v01.mdout	483794	eafd6af5c74bb1eecd61b54807c0ce5d9dda59da112ec9963f5bd6a89800f1c3	COPIED_HASH_VERIFIED
cleaved	03_SMD正式生产	local_md_output	simulations/construct-X/cleaved/charmm-gui-8643876985/amber/smd_production/smd_chunk16.nc	work/cprime_local_restructure_candidate_20260820/03_SMD运行/cleaved/03_SMD正式生产/本地输出/smd_chunk16_cleaved_v01.nc	145433204	6ae1d9065150f4097b5a609f33adae904080a2b9827a892a047e6bc1db27552f	COPIED_HASH_VERIFIED
cleaved	03_SMD正式生产	local_md_output	simulations/construct-X/cleaved/charmm-gui-8643876985/amber/smd_production/smd_chunk16.out	work/cprime_local_restructure_candidate_20260820/03_SMD运行/cleaved/03_SMD正式生产/本地输出/smd_chunk16_cleaved_v01.out	5700	f86706bcb8acb71d3d0f202f02912ea77266bdddb82fe134d3b22508d43b33a9	COPIED_HASH_VERIFIED
cleaved	03_SMD正式生产	local_md_output	simulations/construct-X/cleaved/charmm-gui-8643876985/amber/smd_production/smd_chunk16.rst7	work/cprime_local_restructure_candidate_20260820/03_SMD运行/cleaved/03_SMD正式生产/本地输出/smd_chunk16_cleaved_v01.rst7	11635340	6b5a9f313873bb03907d582509fc1e6d5ca1ae6db0bed0ca0b1dbb0a04e27d3d	COPIED_HASH_VERIFIED
cleaved	03_SMD正式生产	local_md_output	simulations/construct-X/cleaved/charmm-gui-8643876985/amber/smd_production/smd_chunk17.mdout	work/cprime_local_restructure_candidate_20260820/03_SMD运行/cleaved/03_SMD正式生产/本地输出/smd_chunk17_cleaved_v01.mdout	483875	7983b8ee082d697ea21fdc0032412d468ac4c591e358dc63038f28a758de6661	COPIED_HASH_VERIFIED
cleaved	03_SMD正式生产	local_md_output	simulations/construct-X/cleaved/charmm-gui-8643876985/amber/smd_production/smd_chunk17.nc	work/cprime_local_restructure_candidate_20260820/03_SMD运行/cleaved/03_SMD正式生产/本地输出/smd_chunk17_cleaved_v01.nc	145433204	d4406c8153e73d1aa2d78215bb6132273dafe4ee16851c644dfcff6ee3964729	COPIED_HASH_VERIFIED
cleaved	03_SMD正式生产	local_md_output	simulations/construct-X/cleaved/charmm-gui-8643876985/amber/smd_production/smd_chunk17.out	work/cprime_local_restructure_candidate_20260820/03_SMD运行/cleaved/03_SMD正式生产/本地输出/smd_chunk17_cleaved_v01.out	5700	ccc82676fcd76aec5c439250b97580b3aa88f4c4be64b93b5da61385a487eba9	COPIED_HASH_VERIFIED
cleaved	03_SMD正式生产	local_md_output	simulations/construct-X/cleaved/charmm-gui-8643876985/amber/smd_production/smd_chunk17.rst7	work/cprime_local_restructure_candidate_20260820/03_SMD运行/cleaved/03_SMD正式生产/本地输出/smd_chunk17_cleaved_v01.rst7	11635340	6b50daccad5c469c958358c54d5a977312ed63c4c452eb712e5d041daae5c857	COPIED_HASH_VERIFIED
cleaved	03_SMD正式生产	local_md_output	simulations/construct-X/cleaved/charmm-gui-8643876985/amber/smd_production/smd_chunk18.mdout	work/cprime_local_restructure_candidate_20260820/03_SMD运行/cleaved/03_SMD正式生产/本地输出/smd_chunk18_cleaved_v01.mdout	483794	121e96a1f0af42e65218380728e9b044a6d9807c9a1d06f0091524d9f9e573d4	COPIED_HASH_VERIFIED
cleaved	03_SMD正式生产	local_md_output	simulations/construct-X/cleaved/charmm-gui-8643876985/amber/smd_production/smd_chunk18.nc	work/cprime_local_restructure_candidate_20260820/03_SMD运行/cleaved/03_SMD正式生产/本地输出/smd_chunk18_cleaved_v01.nc	145433204	651cb72e3885ed0bf2ad3c002f0e897cb711d788eb5fda8b30094a358fe62864	COPIED_HASH_VERIFIED
cleaved	03_SMD正式生产	local_md_output	simulations/construct-X/cleaved/charmm-gui-8643876985/amber/smd_production/smd_chunk18.out	work/cprime_local_restructure_candidate_20260820/03_SMD运行/cleaved/03_SMD正式生产/本地输出/smd_chunk18_cleaved_v01.out	5700	757cce8bfd27151f73a1e696723791eecc5faaac0dc5fdfc67d595445fb6c345	COPIED_HASH_VERIFIED
cleaved	03_SMD正式生产	local_md_output	simulations/construct-X/cleaved/charmm-gui-8643876985/amber/smd_production/smd_chunk18.rst7	work/cprime_local_restructure_candidate_20260820/03_SMD运行/cleaved/03_SMD正式生产/本地输出/smd_chunk18_cleaved_v01.rst7	11635340	c5c45652d68ca3706c1b16deaecbbfde36d3d061cef39fdda1be33a92f8b728d	COPIED_HASH_VERIFIED
cleaved	03_SMD正式生产	local_md_output	simulations/construct-X/cleaved/charmm-gui-8643876985/amber/smd_production/smd_chunk19.mdout	work/cprime_local_restructure_candidate_20260820/03_SMD运行/cleaved/03_SMD正式生产/本地输出/smd_chunk19_cleaved_v01.mdout	483828	f9215a82c0846740a1e5415f4450d2c0fa76fd1fe4f78fb27a5c4c5e0bd4f6fd	COPIED_HASH_VERIFIED
cleaved	03_SMD正式生产	local_md_output	simulations/construct-X/cleaved/charmm-gui-8643876985/amber/smd_production/smd_chunk19.nc	work/cprime_local_restructure_candidate_20260820/03_SMD运行/cleaved/03_SMD正式生产/本地输出/smd_chunk19_cleaved_v01.nc	145433204	24c9328a3e43f5c76e5d2c50e09d934a0352ab4e8acc685c489a2263fb95c00b	COPIED_HASH_VERIFIED
cleaved	03_SMD正式生产	local_md_output	simulations/construct-X/cleaved/charmm-gui-8643876985/amber/smd_production/smd_chunk19.out	work/cprime_local_restructure_candidate_20260820/03_SMD运行/cleaved/03_SMD正式生产/本地输出/smd_chunk19_cleaved_v01.out	5700	298435767d6122239f3c8a58dd1ee2fbae866936b949939c547be00f0c6caf52	COPIED_HASH_VERIFIED
cleaved	03_SMD正式生产	local_md_output	simulations/construct-X/cleaved/charmm-gui-8643876985/amber/smd_production/smd_chunk19.rst7	work/cprime_local_restructure_candidate_20260820/03_SMD运行/cleaved/03_SMD正式生产/本地输出/smd_chunk19_cleaved_v01.rst7	11635340	744b323a077ac44575711fd2d11ed44bbf57bdf40905819e893464b9d8beff36	COPIED_HASH_VERIFIED
cleaved	03_SMD正式生产	local_md_output	simulations/construct-X/cleaved/charmm-gui-8643876985/amber/smd_production/smd_chunk20.mdout	work/cprime_local_restructure_candidate_20260820/03_SMD运行/cleaved/03_SMD正式生产/本地输出/smd_chunk20_cleaved_v01.mdout	483828	f4aedb111ceb5ce61add862c90288c95617386b0d20241358a287557b2b4427a	COPIED_HASH_VERIFIED
cleaved	03_SMD正式生产	local_md_output	simulations/construct-X/cleaved/charmm-gui-8643876985/amber/smd_production/smd_chunk20.nc	work/cprime_local_restructure_candidate_20260820/03_SMD运行/cleaved/03_SMD正式生产/本地输出/smd_chunk20_cleaved_v01.nc	145433204	6bf2d92347c99c4a2c42a2a56ac0da93aedb3983d639194d8e2a5e7b3575b7e0	COPIED_HASH_VERIFIED
cleaved	03_SMD正式生产	local_md_output	simulations/construct-X/cleaved/charmm-gui-8643876985/amber/smd_production/smd_chunk20.out	work/cprime_local_restructure_candidate_20260820/03_SMD运行/cleaved/03_SMD正式生产/本地输出/smd_chunk20_cleaved_v01.out	5700	12848998c250f3c7137591a0c1da12111c9fabb6e63d51c30ca69e3e9b0f50cc	COPIED_HASH_VERIFIED
cleaved	03_SMD正式生产	local_md_output	simulations/construct-X/cleaved/charmm-gui-8643876985/amber/smd_production/smd_chunk20.rst7	work/cprime_local_restructure_candidate_20260820/03_SMD运行/cleaved/03_SMD正式生产/本地输出/smd_chunk20_cleaved_v01.rst7	11635340	6a67acd585d9e2a1e5eedfccdaf6937f9ccfb92834c816e2cbb37614aa033b01	COPIED_HASH_VERIFIED
cleaved	03_SMD正式生产	local_md_output	simulations/construct-X/cleaved/charmm-gui-8643876985/amber/smd_production/smd_chunk21.mdout	work/cprime_local_restructure_candidate_20260820/03_SMD运行/cleaved/03_SMD正式生产/本地输出/smd_chunk21_cleaved_v01.mdout	483828	8d7fcabc22a3a380835d231386af87bbf0eff971adc7169fef9f35422bed1a5b	COPIED_HASH_VERIFIED
cleaved	03_SMD正式生产	local_md_output	simulations/construct-X/cleaved/charmm-gui-8643876985/amber/smd_production/smd_chunk21.nc	work/cprime_local_restructure_candidate_20260820/03_SMD运行/cleaved/03_SMD正式生产/本地输出/smd_chunk21_cleaved_v01.nc	145433204	b1ea92ece2c0f36f94440bfba900cd4a455a70f41104f58bc740ed5a07fedf68	COPIED_HASH_VERIFIED
cleaved	03_SMD正式生产	local_md_output	simulations/construct-X/cleaved/charmm-gui-8643876985/amber/smd_production/smd_chunk21.out	work/cprime_local_restructure_candidate_20260820/03_SMD运行/cleaved/03_SMD正式生产/本地输出/smd_chunk21_cleaved_v01.out	5700	b2b8d88c219f93be58b3e693e49709ff8cd4e5aaa33b98b2672acb368251a12e	COPIED_HASH_VERIFIED
cleaved	03_SMD正式生产	local_md_output	simulations/construct-X/cleaved/charmm-gui-8643876985/amber/smd_production/smd_chunk21.rst7	work/cprime_local_restructure_candidate_20260820/03_SMD运行/cleaved/03_SMD正式生产/本地输出/smd_chunk21_cleaved_v01.rst7	11635340	05c8652f7829a8b0bf75414f615cc2e588edbdb43fc994a94a2f50f16f6a549e	COPIED_HASH_VERIFIED
cleaved	03_SMD正式生产	local_md_output	simulations/construct-X/cleaved/charmm-gui-8643876985/amber/smd_production/smd_chunk22.mdout	work/cprime_local_restructure_candidate_20260820/03_SMD运行/cleaved/03_SMD正式生产/本地输出/smd_chunk22_cleaved_v01.mdout	483875	3fc234d46e02fbfa6c907317d0071823bf2895a3818025bfb10f57f6a6601e30	COPIED_HASH_VERIFIED
cleaved	03_SMD正式生产	local_md_output	simulations/construct-X/cleaved/charmm-gui-8643876985/amber/smd_production/smd_chunk22.nc	work/cprime_local_restructure_candidate_20260820/03_SMD运行/cleaved/03_SMD正式生产/本地输出/smd_chunk22_cleaved_v01.nc	145433204	a8c04ae3f2835c250d621e46ec1b93e499f3eea97b258a7a92caf3141a439c7e	COPIED_HASH_VERIFIED
cleaved	03_SMD正式生产	local_md_output	simulations/construct-X/cleaved/charmm-gui-8643876985/amber/smd_production/smd_chunk22.out	work/cprime_local_restructure_candidate_20260820/03_SMD运行/cleaved/03_SMD正式生产/本地输出/smd_chunk22_cleaved_v01.out	5700	058ce98c544a2534686e74e6cdc2915840cf9b98e73dfb3bcbc744076ca1af8c	COPIED_HASH_VERIFIED
cleaved	03_SMD正式生产	local_md_output	simulations/construct-X/cleaved/charmm-gui-8643876985/amber/smd_production/smd_chunk22.rst7	work/cprime_local_restructure_candidate_20260820/03_SMD运行/cleaved/03_SMD正式生产/本地输出/smd_chunk22_cleaved_v01.rst7	11635340	56ca595d81ce1233a2636cf5e9ed6070044ee3d7457a13aee6d11d2041065bda	COPIED_HASH_VERIFIED
cleaved	03_SMD正式生产	local_md_output	simulations/construct-X/cleaved/charmm-gui-8643876985/amber/smd_production/smd_chunk23.mdout	work/cprime_local_restructure_candidate_20260820/03_SMD运行/cleaved/03_SMD正式生产/本地输出/smd_chunk23_cleaved_v01.mdout	483794	454f566507194a2975975812d44a9a79e6474ec371ce10c9b80f0ce22e699775	COPIED_HASH_VERIFIED
cleaved	03_SMD正式生产	local_md_output	simulations/construct-X/cleaved/charmm-gui-8643876985/amber/smd_production/smd_chunk23.nc	work/cprime_local_restructure_candidate_20260820/03_SMD运行/cleaved/03_SMD正式生产/本地输出/smd_chunk23_cleaved_v01.nc	145433204	11c82c0217707e27c3847b3a6f58b7fc3590d631feef7e30277530bb176ac6bb	COPIED_HASH_VERIFIED
cleaved	03_SMD正式生产	local_md_output	simulations/construct-X/cleaved/charmm-gui-8643876985/amber/smd_production/smd_chunk23.out	work/cprime_local_restructure_candidate_20260820/03_SMD运行/cleaved/03_SMD正式生产/本地输出/smd_chunk23_cleaved_v01.out	5700	9775943b7fbca928dde8e50971517780b315565c86a2c4815aa1276870baba48	COPIED_HASH_VERIFIED
cleaved	03_SMD正式生产	local_md_output	simulations/construct-X/cleaved/charmm-gui-8643876985/amber/smd_production/smd_chunk23.rst7	work/cprime_local_restructure_candidate_20260820/03_SMD运行/cleaved/03_SMD正式生产/本地输出/smd_chunk23_cleaved_v01.rst7	11635340	5c42e5f326167cfebf0ea2ddce848b192a0321f758c71da588c98234a5cbd9ba	COPIED_HASH_VERIFIED
cleaved	03_SMD正式生产	local_md_output	simulations/construct-X/cleaved/charmm-gui-8643876985/amber/smd_production/smd_chunk24.mdout	work/cprime_local_restructure_candidate_20260820/03_SMD运行/cleaved/03_SMD正式生产/本地输出/smd_chunk24_cleaved_v01.mdout	483888	cc24b9809a531795026c32e3cd9c3b9cab2efa5ab9436b2f6903f3a0cca549a6	COPIED_HASH_VERIFIED
cleaved	03_SMD正式生产	local_md_output	simulations/construct-X/cleaved/charmm-gui-8643876985/amber/smd_production/smd_chunk24.nc	work/cprime_local_restructure_candidate_20260820/03_SMD运行/cleaved/03_SMD正式生产/本地输出/smd_chunk24_cleaved_v01.nc	145433204	7d552d0b3f76e257cbbff1b9416440fcd00b99873845d339560fb131f5df4a3a	COPIED_HASH_VERIFIED
cleaved	03_SMD正式生产	local_md_output	simulations/construct-X/cleaved/charmm-gui-8643876985/amber/smd_production/smd_chunk24.out	work/cprime_local_restructure_candidate_20260820/03_SMD运行/cleaved/03_SMD正式生产/本地输出/smd_chunk24_cleaved_v01.out	5700	8268926681521d6861a4f494ec772830bee84ed529b089d500a71c6cdff8ad75	COPIED_HASH_VERIFIED
cleaved	03_SMD正式生产	local_md_output	simulations/construct-X/cleaved/charmm-gui-8643876985/amber/smd_production/smd_chunk24.rst7	work/cprime_local_restructure_candidate_20260820/03_SMD运行/cleaved/03_SMD正式生产/本地输出/smd_chunk24_cleaved_v01.rst7	11635340	9abd93025d00641fb3c48825ea97fd5a55668b7928fd82a73fc5464269150c50	COPIED_HASH_VERIFIED
cleaved	03_SMD正式生产	local_md_output	simulations/construct-X/cleaved/charmm-gui-8643876985/amber/smd_production/smd_chunk25.mdout	work/cprime_local_restructure_candidate_20260820/03_SMD运行/cleaved/03_SMD正式生产/本地输出/smd_chunk25_cleaved_v01.mdout	483828	8e975035f3eefd6310650951db7cb512f5efb0c568f03d1a848ec1e9682219d1	COPIED_HASH_VERIFIED
cleaved	03_SMD正式生产	local_md_output	simulations/construct-X/cleaved/charmm-gui-8643876985/amber/smd_production/smd_chunk25.nc	work/cprime_local_restructure_candidate_20260820/03_SMD运行/cleaved/03_SMD正式生产/本地输出/smd_chunk25_cleaved_v01.nc	145433204	270fcc74755e0b09545b8c5be3f2f7209bc8fca6b7bf67578b378d9e062b9488	COPIED_HASH_VERIFIED
cleaved	03_SMD正式生产	local_md_output	simulations/construct-X/cleaved/charmm-gui-8643876985/amber/smd_production/smd_chunk25.out	work/cprime_local_restructure_candidate_20260820/03_SMD运行/cleaved/03_SMD正式生产/本地输出/smd_chunk25_cleaved_v01.out	5700	3837d270b2790ff95ecb8cd3ad25a3a5b6828b8538bd6c9284c239aa4322974e	COPIED_HASH_VERIFIED
cleaved	03_SMD正式生产	local_md_output	simulations/construct-X/cleaved/charmm-gui-8643876985/amber/smd_production/smd_chunk25.rst7	work/cprime_local_restructure_candidate_20260820/03_SMD运行/cleaved/03_SMD正式生产/本地输出/smd_chunk25_cleaved_v01.rst7	11635340	b26e30a71f7b1229a73256cd60c81837b80dc5862ed71f1bd8dd3ee49fe1f851	COPIED_HASH_VERIFIED
cleaved	03_SMD正式生产	local_md_output	simulations/construct-X/cleaved/charmm-gui-8643876985/amber/smd_production/smd_chunk26.mdout	work/cprime_local_restructure_candidate_20260820/03_SMD运行/cleaved/03_SMD正式生产/本地输出/smd_chunk26_cleaved_v01.mdout	355168	e86e16d3848477fe2bbba2d46a38fbd40cc8142fe200c529e766857fd7db4b21	COPIED_HASH_VERIFIED
cleaved	03_SMD正式生产	local_md_output	simulations/construct-X/cleaved/charmm-gui-8643876985/amber/smd_production/smd_chunk26.nc	work/cprime_local_restructure_candidate_20260820/03_SMD运行/cleaved/03_SMD正式生产/本地输出/smd_chunk26_cleaved_v01.nc	104712132	0eceaca82aeb5de6b8fb62ebdb32215ab6c4d4cefd70a52f652763ad656e78f4	COPIED_HASH_VERIFIED
cleaved	03_SMD正式生产	local_md_output	simulations/construct-X/cleaved/charmm-gui-8643876985/amber/smd_production/smd_chunk26.out	work/cprime_local_restructure_candidate_20260820/03_SMD运行/cleaved/03_SMD正式生产/本地输出/smd_chunk26_cleaved_v01.out	4104	3536b3767edd69fce417d8dc4645738a3771daafe01755ee9689030b0293bf15	COPIED_HASH_VERIFIED
cleaved	03_SMD正式生产	local_md_output	simulations/construct-X/cleaved/charmm-gui-8643876985/amber/smd_production/smd_chunk26.rst7	work/cprime_local_restructure_candidate_20260820/03_SMD运行/cleaved/03_SMD正式生产/本地输出/smd_chunk26_cleaved_v01.rst7	11635340	a48ace8de49d45be25c9c63f3afd84b7707c823898c97b27c5276464f14c941a	COPIED_HASH_VERIFIED
cleaved	03_SMD正式生产	local_md_output	simulations/construct-X/cleaved/charmm-gui-8643876985/amber/smd_production/smd.out	work/cprime_local_restructure_candidate_20260820/03_SMD运行/cleaved/03_SMD正式生产/本地输出/smd_production_cleaved_v01.out	152304	0780a60808594ae92996f4e0964aca337f87d1942563d740da71784ddf4acc8e	COPIED_HASH_VERIFIED
cleaved	03_SMD正式生产	local_md_output	simulations/construct-X/cleaved/charmm-gui-8643876985/amber/smd_production/smd_quant.log	work/cprime_local_restructure_candidate_20260820/03_SMD运行/cleaved/03_SMD正式生产/本地输出/smd_quant_cleaved_v01.log	3402	54bb0dcd411426bb6403f668bde6ad68ebdb4d1f600ae6a530dd0dc11d94e8f3	COPIED_HASH_VERIFIED
cleaved	03_SMD正式生产	local_analysis	simulations/construct-X/cleaved/charmm-gui-8643876985/amber/smd_production/smd_curves.dat	work/cprime_local_restructure_candidate_20260820/04_分析/cleaved/03_SMD正式生产/本地分析/smd_curves_cleaved_v01.dat	334887	8d5ab3e4a1da86843a709ed07d3363505a59a3801bed8573ca7abfbc3c4ff060	COPIED_HASH_VERIFIED
cleaved	03_SMD正式生产	local_analysis	simulations/construct-X/cleaved/charmm-gui-8643876985/amber/smd_production/smd_curves.png	work/cprime_local_restructure_candidate_20260820/04_分析/cleaved/03_SMD正式生产/本地分析/smd_curves_cleaved_v01.png	311797	489e530b51a1636104bfd2ea1511df67fa54bd13cb041ff0bdf4f00531e91517	COPIED_HASH_VERIFIED
cleaved	contacts	local_analysis	simulations/construct-X/cleaved/charmm-gui-8643876985/amber/contacts_cleaved_contact_map.png	work/cprime_local_restructure_candidate_20260820/04_分析/cleaved/contacts/本地分析/contacts_contact_map_cleaved_v01.png	74042	dc5ccde20c9004e5f4bc44f36d48a127c2a4ae0932d8d0bd4955baef05caeccf	COPIED_HASH_VERIFIED
cleaved	contacts	local_analysis	simulations/construct-X/cleaved/charmm-gui-8643876985/amber/contacts_cleaved_residue_contacts.tsv	work/cprime_local_restructure_candidate_20260820/04_分析/cleaved/contacts/本地分析/contacts_residue_contacts_cleaved_v01.tsv	4123	63a3f49addd7b601b567069d3f1e6248e23bf9ddedf177d719127fa5ed984496	COPIED_HASH_VERIFIED
cleaved	contacts	local_analysis	simulations/construct-X/cleaved/charmm-gui-8643876985/amber/contacts_cleaved_saltbridges.png	work/cprime_local_restructure_candidate_20260820/04_分析/cleaved/contacts/本地分析/contacts_saltbridges_cleaved_v01.png	89666	e20eefa587ffcc60836db56aff73cff1c54c57c2f65bfc331a22dbe9e4ad1be6	COPIED_HASH_VERIFIED
cleaved	contacts	local_analysis	simulations/construct-X/cleaved/charmm-gui-8643876985/amber/contacts_cleaved_saltbridges.tsv	work/cprime_local_restructure_candidate_20260820/04_分析/cleaved/contacts/本地分析/contacts_saltbridges_cleaved_v01.tsv	24539	54eb81db158cc6199aeb772e91e899423942e19d1f8714da79b4b66c49c68dd1	COPIED_HASH_VERIFIED
cleaved	contacts	local_analysis	simulations/construct-X/cleaved/charmm-gui-8643876985/amber/contacts_cleaved_window_forces.png	work/cprime_local_restructure_candidate_20260820/04_分析/cleaved/contacts/本地分析/contacts_window_forces_cleaved_v01.png	28357	9c97e31dd283f093c65d7b0ef152d7955f0bb90ede80a983459cb3918321a862	COPIED_HASH_VERIFIED
cleaved	contacts	local_analysis	simulations/construct-X/cleaved/charmm-gui-8643876985/amber/contacts_cleaved_windows.tsv	work/cprime_local_restructure_candidate_20260820/04_分析/cleaved/contacts/本地分析/contacts_windows_cleaved_v01.tsv	230	7d7f4647e900c6f1f685aa1a20e76698b7fecd43367b9139c0bc868f61518612	COPIED_HASH_VERIFIED
uncleaved	01_预平衡	local_md_output	simulations/construct-X/uncleaved/charmm-gui-8644096179/amber/align_min.mdout	work/cprime_local_restructure_candidate_20260820/03_SMD运行/uncleaved/01_预平衡/本地输出/align_min_uncleaved_v01.mdout	113364	052f8a1cecf2f324e0215ed932383834195456d141d1d4c4ac59bf440f80131f	COPIED_HASH_VERIFIED
uncleaved	01_预平衡	local_md_output	simulations/construct-X/uncleaved/charmm-gui-8644096179/amber/align_min.rst7	work/cprime_local_restructure_candidate_20260820/03_SMD运行/uncleaved/01_预平衡/本地输出/align_min_uncleaved_v01.rst7	5816800	542b47adc52537952d1a0ecee11f5a29e59c986692d7eacb98e1586e07c07c2d	COPIED_HASH_VERIFIED
uncleaved	01_预平衡	local_md_output	simulations/construct-X/uncleaved/charmm-gui-8644096179/amber/eq1_nvt.mdout	work/cprime_local_restructure_candidate_20260820/03_SMD运行/uncleaved/01_预平衡/本地输出/eq1_nvt_uncleaved_v01.mdout	159005	cd3b564028ce93fe42a27f010b2ceb41242ac7201d6168344df070f43a2d03a7	COPIED_HASH_VERIFIED
uncleaved	01_预平衡	local_md_output	simulations/construct-X/uncleaved/charmm-gui-8644096179/amber/eq1_nvt.nc	work/cprime_local_restructure_candidate_20260820/03_SMD运行/uncleaved/01_预平衡/本地输出/eq1_nvt_uncleaved_v01.nc	58161524	e142b411cf3689b0e17d8e736e117d023d2efff73ed87e986b2cf4c5b4eff462	COPIED_HASH_VERIFIED
uncleaved	01_预平衡	local_md_output	simulations/construct-X/uncleaved/charmm-gui-8644096179/amber/eq1_nvt.rst7	work/cprime_local_restructure_candidate_20260820/03_SMD运行/uncleaved/01_预平衡/本地输出/eq1_nvt_uncleaved_v01.rst7	11632892	6ab475eaf7d41e429ad3f0101cf83ae240f7c7d5869b30d522a4db72d378b192	COPIED_HASH_VERIFIED
uncleaved	01_预平衡	local_md_output	simulations/construct-X/uncleaved/charmm-gui-8644096179/amber/eq2_npt.mdout	work/cprime_local_restructure_candidate_20260820/03_SMD运行/uncleaved/01_预平衡/本地输出/eq2_npt_uncleaved_v01.mdout	177064	bc60eba0c1487f6c3e966dcaa44831a8ab8dfc392c90d279f1e8352a4ecde925	COPIED_HASH_VERIFIED
uncleaved	01_预平衡	local_md_output	simulations/construct-X/uncleaved/charmm-gui-8644096179/amber/eq2_npt.nc	work/cprime_local_restructure_candidate_20260820/03_SMD运行/uncleaved/01_预平衡/本地输出/eq2_npt_uncleaved_v01.nc	58161524	6a2b653add9c9d8c8edd79f9abc88ea379430ea76241ef0796250a0c1ded8750	COPIED_HASH_VERIFIED
uncleaved	01_预平衡	local_md_output	simulations/construct-X/uncleaved/charmm-gui-8644096179/amber/eq2_npt.rst7	work/cprime_local_restructure_candidate_20260820/03_SMD运行/uncleaved/01_预平衡/本地输出/eq2_npt_uncleaved_v01.rst7	11632892	6eb78f8eae211fe018b2c8689ae635b04ee41e7f5e8572044de1a7ce643eeae9	COPIED_HASH_VERIFIED
uncleaved	01_预平衡	local_md_output	simulations/construct-X/uncleaved/charmm-gui-8644096179/amber/eq3_npt.mdout	work/cprime_local_restructure_candidate_20260820/03_SMD运行/uncleaved/01_预平衡/本地输出/eq3_npt_uncleaved_v01.mdout	177111	92c709633f78377f7737fb61e4926aa99aef8900596d306ca8e7e6329e8efc7d	COPIED_HASH_VERIFIED
uncleaved	01_预平衡	local_md_output	simulations/construct-X/uncleaved/charmm-gui-8644096179/amber/eq3_npt.nc	work/cprime_local_restructure_candidate_20260820/03_SMD运行/uncleaved/01_预平衡/本地输出/eq3_npt_uncleaved_v01.nc	58161524	96b3720e9fe053717dc5ff507a2700710261326e40387b64c52ee6c9064c5969	COPIED_HASH_VERIFIED
uncleaved	01_预平衡	local_md_output	simulations/construct-X/uncleaved/charmm-gui-8644096179/amber/eq3_npt.rst7	work/cprime_local_restructure_candidate_20260820/03_SMD运行/uncleaved/01_预平衡/本地输出/eq3_npt_uncleaved_v01.rst7	11632892	0e8acb045b5faeb9eef15b17ddcee1304c28a7c13ac6e4c5bed917de8d51e7b0	COPIED_HASH_VERIFIED
uncleaved	01_预平衡	local_md_output	simulations/construct-X/uncleaved/charmm-gui-8644096179/amber/eq4_npt.mdout	work/cprime_local_restructure_candidate_20260820/03_SMD运行/uncleaved/01_预平衡/本地输出/eq4_npt_uncleaved_v01.mdout	314207	637d262663dc7af5684c23a982e493d234b33d29745905857558ed3345bf05c3	COPIED_HASH_VERIFIED
uncleaved	01_预平衡	local_md_output	simulations/construct-X/uncleaved/charmm-gui-8644096179/amber/eq4_npt.nc	work/cprime_local_restructure_candidate_20260820/03_SMD运行/uncleaved/01_预平衡/本地输出/eq4_npt_uncleaved_v01.nc	145402604	150d9a48e5134896656f76f69c5003dc95860330970c6162201ac3381ecbec2a	COPIED_HASH_VERIFIED
uncleaved	01_预平衡	local_md_output	simulations/construct-X/uncleaved/charmm-gui-8644096179/amber/eq4_npt.rst7	work/cprime_local_restructure_candidate_20260820/03_SMD运行/uncleaved/01_预平衡/本地输出/eq4_npt_uncleaved_v01.rst7	11632892	0d20faa3d940cd5cbccb34420c28323cb3027769333fb6f563592e7caf3bbb3b	COPIED_HASH_VERIFIED
uncleaved	02_SMD测试	local_md_output	simulations/construct-X/uncleaved/charmm-gui-8644096179/amber/smd_test/smd_chunk00.mdout	work/cprime_local_restructure_candidate_20260820/03_SMD运行/uncleaved/02_SMD测试/本地输出/smd_chunk00_uncleaved_v01.mdout	483849	81748be8ea6eba05cea90ea89499e2d6962981bc5a99ac6c1fea47fd0b78433a	COPIED_HASH_VERIFIED
uncleaved	02_SMD测试	local_md_output	simulations/construct-X/uncleaved/charmm-gui-8644096179/amber/smd_test/smd_chunk00.nc	work/cprime_local_restructure_candidate_20260820/03_SMD运行/uncleaved/02_SMD测试/本地输出/smd_chunk00_uncleaved_v01.nc	145402604	64cb863484aec48db1de9d702c62143e35b6f00643aec1329b5690a5861911b1	COPIED_HASH_VERIFIED
uncleaved	02_SMD测试	local_md_output	simulations/construct-X/uncleaved/charmm-gui-8644096179/amber/smd_test/smd_chunk00.out	work/cprime_local_restructure_candidate_20260820/03_SMD运行/uncleaved/02_SMD测试/本地输出/smd_chunk00_uncleaved_v01.out	5700	e091158118bad8d75d5048d2ac1d91716c0aa6c6d7a14e04e333b724d3f99360	COPIED_HASH_VERIFIED
uncleaved	02_SMD测试	local_md_output	simulations/construct-X/uncleaved/charmm-gui-8644096179/amber/smd_test/smd_chunk00.rst7	work/cprime_local_restructure_candidate_20260820/03_SMD运行/uncleaved/02_SMD测试/本地输出/smd_chunk00_uncleaved_v01.rst7	11632892	04bfbde8ae5da308e270793ff2c6515c02983acb20ed87cf2fdedb5ae2e286d6	COPIED_HASH_VERIFIED
uncleaved	02_SMD测试	local_md_output	simulations/construct-X/uncleaved/charmm-gui-8644096179/amber/smd_test/smd_chunk01.mdout	work/cprime_local_restructure_candidate_20260820/03_SMD运行/uncleaved/02_SMD测试/本地输出/smd_chunk01_uncleaved_v01.mdout	483896	fc367a6765377a301e96cb7cc519a52f72f7d288dcfbdb1a5d5b36d5636498d5	COPIED_HASH_VERIFIED
uncleaved	02_SMD测试	local_md_output	simulations/construct-X/uncleaved/charmm-gui-8644096179/amber/smd_test/smd_chunk01.nc	work/cprime_local_restructure_candidate_20260820/03_SMD运行/uncleaved/02_SMD测试/本地输出/smd_chunk01_uncleaved_v01.nc	145402604	cafd1aec2fb40a9a7635cf3f8c9dc59675f52a5c06972857cd97264130ed7a5d	COPIED_HASH_VERIFIED
uncleaved	02_SMD测试	local_md_output	simulations/construct-X/uncleaved/charmm-gui-8644096179/amber/smd_test/smd_chunk01.out	work/cprime_local_restructure_candidate_20260820/03_SMD运行/uncleaved/02_SMD测试/本地输出/smd_chunk01_uncleaved_v01.out	5700	aa96c9a806dc90f1494618039a61a079b31d2bb2fe8a2bee0684749cd4ad55a0	COPIED_HASH_VERIFIED
uncleaved	02_SMD测试	local_md_output	simulations/construct-X/uncleaved/charmm-gui-8644096179/amber/smd_test/smd_chunk01.rst7	work/cprime_local_restructure_candidate_20260820/03_SMD运行/uncleaved/02_SMD测试/本地输出/smd_chunk01_uncleaved_v01.rst7	11632892	e9bba0fd01ead1502eb99ee91fe9e56958b292b271e5c4ee792d159ff4397e75	COPIED_HASH_VERIFIED
uncleaved	02_SMD测试	local_md_output	simulations/construct-X/uncleaved/charmm-gui-8644096179/amber/smd_test/smd_chunk02.mdout	work/cprime_local_restructure_candidate_20260820/03_SMD运行/uncleaved/02_SMD测试/本地输出/smd_chunk02_uncleaved_v01.mdout	483849	6c79799186e361c3219b0cb64a4958851d4642a15dcf4f677da1843ea6fcb904	COPIED_HASH_VERIFIED
uncleaved	02_SMD测试	local_md_output	simulations/construct-X/uncleaved/charmm-gui-8644096179/amber/smd_test/smd_chunk02.nc	work/cprime_local_restructure_candidate_20260820/03_SMD运行/uncleaved/02_SMD测试/本地输出/smd_chunk02_uncleaved_v01.nc	145402604	f39cc7d1d500dd71752c3c56d2f0d26704a6f021f5e99774650795adab522401	COPIED_HASH_VERIFIED
uncleaved	02_SMD测试	local_md_output	simulations/construct-X/uncleaved/charmm-gui-8644096179/amber/smd_test/smd_chunk02.out	work/cprime_local_restructure_candidate_20260820/03_SMD运行/uncleaved/02_SMD测试/本地输出/smd_chunk02_uncleaved_v01.out	5700	7ea4c999d5980c2751cc81cbe2738a8b0dcf45f1e1d4fb1bdb37fd7926e058e9	COPIED_HASH_VERIFIED
uncleaved	02_SMD测试	local_md_output	simulations/construct-X/uncleaved/charmm-gui-8644096179/amber/smd_test/smd_chunk02.rst7	work/cprime_local_restructure_candidate_20260820/03_SMD运行/uncleaved/02_SMD测试/本地输出/smd_chunk02_uncleaved_v01.rst7	11632892	fb2816db623a03b3224df4d5dfd063e5c8637f45133bc3080d661cdbad7a8a26	COPIED_HASH_VERIFIED
uncleaved	02_SMD测试	local_md_output	simulations/construct-X/uncleaved/charmm-gui-8644096179/amber/smd_test/smd_chunk03.mdout	work/cprime_local_restructure_candidate_20260820/03_SMD运行/uncleaved/02_SMD测试/本地输出/smd_chunk03_uncleaved_v01.mdout	483721	770bef387d644169a625c15c7b93443c13ac214daff50d0020b01c702bdb7567	COPIED_HASH_VERIFIED
uncleaved	02_SMD测试	local_md_output	simulations/construct-X/uncleaved/charmm-gui-8644096179/amber/smd_test/smd_chunk03.nc	work/cprime_local_restructure_candidate_20260820/03_SMD运行/uncleaved/02_SMD测试/本地输出/smd_chunk03_uncleaved_v01.nc	145402604	dca321754672bd9b713d1d3df7c85f296f2a8a39fdec9081cd94b19968a977ee	COPIED_HASH_VERIFIED
uncleaved	02_SMD测试	local_md_output	simulations/construct-X/uncleaved/charmm-gui-8644096179/amber/smd_test/smd_chunk03.out	work/cprime_local_restructure_candidate_20260820/03_SMD运行/uncleaved/02_SMD测试/本地输出/smd_chunk03_uncleaved_v01.out	5700	f81257d577ad35d21f2d9561b622d318a7299eaa4d6a66e3e5eaa716dc74ad06	COPIED_HASH_VERIFIED
uncleaved	02_SMD测试	local_md_output	simulations/construct-X/uncleaved/charmm-gui-8644096179/amber/smd_test/smd_chunk03.rst7	work/cprime_local_restructure_candidate_20260820/03_SMD运行/uncleaved/02_SMD测试/本地输出/smd_chunk03_uncleaved_v01.rst7	11632892	ee8c4e94799004aad37ce866d7f97374ce47546f1c278933f5ecc7f4378a128c	COPIED_HASH_VERIFIED
uncleaved	02_SMD测试	local_md_output	simulations/construct-X/uncleaved/charmm-gui-8644096179/amber/smd_test/smd_chunk04.mdout	work/cprime_local_restructure_candidate_20260820/03_SMD运行/uncleaved/02_SMD测试/本地输出/smd_chunk04_uncleaved_v01.mdout	483802	3513ce60ef468e75b28d8b5873f70d3102316c56e6fe6e00593d9d1269cbc035	COPIED_HASH_VERIFIED
uncleaved	02_SMD测试	local_md_output	simulations/construct-X/uncleaved/charmm-gui-8644096179/amber/smd_test/smd_chunk04.nc	work/cprime_local_restructure_candidate_20260820/03_SMD运行/uncleaved/02_SMD测试/本地输出/smd_chunk04_uncleaved_v01.nc	145402604	57057c321c08dafdd71217fdd41f860f570173518bca274a4b04a59b1e362f76	COPIED_HASH_VERIFIED
uncleaved	02_SMD测试	local_md_output	simulations/construct-X/uncleaved/charmm-gui-8644096179/amber/smd_test/smd_chunk04.out	work/cprime_local_restructure_candidate_20260820/03_SMD运行/uncleaved/02_SMD测试/本地输出/smd_chunk04_uncleaved_v01.out	5700	2711eaa784d122da4d34b611a09869b75e04d8345fcbd1bcf7a2203358b040eb	COPIED_HASH_VERIFIED
uncleaved	02_SMD测试	local_md_output	simulations/construct-X/uncleaved/charmm-gui-8644096179/amber/smd_test/smd_chunk04.rst7	work/cprime_local_restructure_candidate_20260820/03_SMD运行/uncleaved/02_SMD测试/本地输出/smd_chunk04_uncleaved_v01.rst7	11632892	78b41dcca3de08a332187f70abe5996deb9f9f498142accc520400d56aacb211	COPIED_HASH_VERIFIED
uncleaved	02_SMD测试	local_md_output	simulations/construct-X/uncleaved/charmm-gui-8644096179/amber/smd_test/smd_chunk05.mdout	work/cprime_local_restructure_candidate_20260820/03_SMD运行/uncleaved/02_SMD测试/本地输出/smd_chunk05_uncleaved_v01.mdout	134582	569dd8b94f27c940b8379ec12d284e08f0d49ddf1f533cdd928ba003b7c33111	COPIED_HASH_VERIFIED
uncleaved	02_SMD测试	local_md_output	simulations/construct-X/uncleaved/charmm-gui-8644096179/amber/smd_test/smd_chunk05.nc	work/cprime_local_restructure_candidate_20260820/03_SMD运行/uncleaved/02_SMD测试/本地输出/smd_chunk05_uncleaved_v01.nc	34897236	7fc7467bb189c311361e89d6bba90c5f307b06602165e908cf9281a0aa184f85	COPIED_HASH_VERIFIED
uncleaved	02_SMD测试	local_md_output	simulations/construct-X/uncleaved/charmm-gui-8644096179/amber/smd_test/smd_chunk05.out	work/cprime_local_restructure_candidate_20260820/03_SMD运行/uncleaved/02_SMD测试/本地输出/smd_chunk05_uncleaved_v01.out	1368	d866e4e79e5c7ea66c79b3c5f4bf3097110c5fec1b472cb28dfe49d5eefb95e4	COPIED_HASH_VERIFIED
uncleaved	02_SMD测试	local_md_output	simulations/construct-X/uncleaved/charmm-gui-8644096179/amber/smd_test/smd_chunk05.rst7	work/cprime_local_restructure_candidate_20260820/03_SMD运行/uncleaved/02_SMD测试/本地输出/smd_chunk05_uncleaved_v01.rst7	11632892	6e7f2b0bbd062ff88361ae4a0658fc497c1ee803c6e4787d3f606d4e75f7dba7	COPIED_HASH_VERIFIED
uncleaved	02_SMD测试	local_md_output	simulations/construct-X/uncleaved/charmm-gui-8644096179/amber/smd_test/smd_pull.mdout	work/cprime_local_restructure_candidate_20260820/03_SMD运行/uncleaved/02_SMD测试/本地输出/smd_pull_uncleaved_v01.mdout	8094	73310c7b9587781cded39592fbf2e05c3e1a6ada3309c7b902f9ad06d5e23fff	COPIED_HASH_VERIFIED
uncleaved	02_SMD测试	local_md_output	simulations/construct-X/uncleaved/charmm-gui-8644096179/amber/smd_test/smd_run.log	work/cprime_local_restructure_candidate_20260820/03_SMD运行/uncleaved/02_SMD测试/本地输出/smd_run_uncleaved_v01.log	1748	0077365dfc30d41589b60083bf32071a4330fa058367bfb9f1a3564af5df9ac7	COPIED_HASH_VERIFIED
uncleaved	02_SMD测试	local_md_output	simulations/construct-X/uncleaved/charmm-gui-8644096179/amber/smd_test/smd.out	work/cprime_local_restructure_candidate_20260820/03_SMD运行/uncleaved/02_SMD测试/本地输出/smd_test_uncleaved_v01.out	29868	24f839c92f60d567d840a98ded7873dc1353357bd4d59581ef1737b7b26bcbd3	COPIED_HASH_VERIFIED
uncleaved	03_SMD正式生产	local_md_output	simulations/construct-X/uncleaved/charmm-gui-8644096179/amber/smd_production/MANIFEST.tsv	work/cprime_local_restructure_candidate_20260820/03_SMD运行/uncleaved/03_SMD正式生产/本地输出/manifest_uncleaved_v01.tsv	44115	49d575581288575120cb80b8fe520b5b986e0dc6ed2a8c6e07232d90c4afa06e	COPIED_HASH_VERIFIED
uncleaved	03_SMD正式生产	local_md_output	simulations/construct-X/uncleaved/charmm-gui-8644096179/amber/smd_production/mdinfo	work/cprime_local_restructure_candidate_20260820/03_SMD运行/uncleaved/03_SMD正式生产/本地输出/mdinfo_uncleaved_v01.txt	1476	2d6970e6b79d91f82226cefae2dc02965804f592815f37eb0c30170de9b840cc	COPIED_HASH_VERIFIED
uncleaved	03_SMD正式生产	local_md_output	simulations/construct-X/uncleaved/charmm-gui-8644096179/amber/smd_production/smd_chunk00.mdout	work/cprime_local_restructure_candidate_20260820/03_SMD运行/uncleaved/03_SMD正式生产/本地输出/smd_chunk00_uncleaved_v01.mdout	483768	4e2b49d1590a2fea50ffaa388ab6c1cf67b985a4f1f93756a063020164661f05	COPIED_HASH_VERIFIED
uncleaved	03_SMD正式生产	local_md_output	simulations/construct-X/uncleaved/charmm-gui-8644096179/amber/smd_production/smd_chunk00.nc	work/cprime_local_restructure_candidate_20260820/03_SMD运行/uncleaved/03_SMD正式生产/本地输出/smd_chunk00_uncleaved_v01.nc	145402604	23d35354052d17419f619baa20c0d468c86ce7f78b65d87654da007cd61b1039	COPIED_HASH_VERIFIED
uncleaved	03_SMD正式生产	local_md_output	simulations/construct-X/uncleaved/charmm-gui-8644096179/amber/smd_production/smd_chunk00.out	work/cprime_local_restructure_candidate_20260820/03_SMD运行/uncleaved/03_SMD正式生产/本地输出/smd_chunk00_uncleaved_v01.out	5700	1a3d68f72d1119a03912a729c93aa029480c1c64838fb87a430a6434604fc506	COPIED_HASH_VERIFIED
uncleaved	03_SMD正式生产	local_md_output	simulations/construct-X/uncleaved/charmm-gui-8644096179/amber/smd_production/smd_chunk00.rst7	work/cprime_local_restructure_candidate_20260820/03_SMD运行/uncleaved/03_SMD正式生产/本地输出/smd_chunk00_uncleaved_v01.rst7	11632892	a8e62cb0e0ade65a53e8648c7f1c4f39ef403fa2b627f2400b9bdd2db3bd4a66	COPIED_HASH_VERIFIED
uncleaved	03_SMD正式生产	local_md_output	simulations/construct-X/uncleaved/charmm-gui-8644096179/amber/smd_production/smd_chunk01.mdout	work/cprime_local_restructure_candidate_20260820/03_SMD运行/uncleaved/03_SMD正式生产/本地输出/smd_chunk01_uncleaved_v01.mdout	483849	69d42435950203ac4d34a3373d9891483fa5bdd67174156ec3dbacfcfe508876	COPIED_HASH_VERIFIED
uncleaved	03_SMD正式生产	local_md_output	simulations/construct-X/uncleaved/charmm-gui-8644096179/amber/smd_production/smd_chunk01.nc	work/cprime_local_restructure_candidate_20260820/03_SMD运行/uncleaved/03_SMD正式生产/本地输出/smd_chunk01_uncleaved_v01.nc	145402604	48644ac39a2b7aae22392a0035ca9a648e553d4eaa45b6abd42220af0e7ca9ff	COPIED_HASH_VERIFIED
uncleaved	03_SMD正式生产	local_md_output	simulations/construct-X/uncleaved/charmm-gui-8644096179/amber/smd_production/smd_chunk01.out	work/cprime_local_restructure_candidate_20260820/03_SMD运行/uncleaved/03_SMD正式生产/本地输出/smd_chunk01_uncleaved_v01.out	5700	a7fa164d3b2e175d0796823704a7187c2f8a475797a227203706f1934174a85c	COPIED_HASH_VERIFIED
uncleaved	03_SMD正式生产	local_md_output	simulations/construct-X/uncleaved/charmm-gui-8644096179/amber/smd_production/smd_chunk01.rst7	work/cprime_local_restructure_candidate_20260820/03_SMD运行/uncleaved/03_SMD正式生产/本地输出/smd_chunk01_uncleaved_v01.rst7	11632892	e4cb25644f38b04b83be0cbfccca237633d14e20ea0ad045b6ab74aadce4e074	COPIED_HASH_VERIFIED
uncleaved	03_SMD正式生产	local_md_output	simulations/construct-X/uncleaved/charmm-gui-8644096179/amber/smd_production/smd_chunk02.mdout	work/cprime_local_restructure_candidate_20260820/03_SMD运行/uncleaved/03_SMD正式生产/本地输出/smd_chunk02_uncleaved_v01.mdout	483849	2f04e5e53886192f7e831c9eb1864391ab41179b24c642302d56a0ccc6a0c635	COPIED_HASH_VERIFIED
uncleaved	03_SMD正式生产	local_md_output	simulations/construct-X/uncleaved/charmm-gui-8644096179/amber/smd_production/smd_chunk02.nc	work/cprime_local_restructure_candidate_20260820/03_SMD运行/uncleaved/03_SMD正式生产/本地输出/smd_chunk02_uncleaved_v01.nc	145402604	7c5121a0d2c97c78a2289ce2e9d7fda15a51949d1d8185e2253ce440b8134a50	COPIED_HASH_VERIFIED
uncleaved	03_SMD正式生产	local_md_output	simulations/construct-X/uncleaved/charmm-gui-8644096179/amber/smd_production/smd_chunk02.out	work/cprime_local_restructure_candidate_20260820/03_SMD运行/uncleaved/03_SMD正式生产/本地输出/smd_chunk02_uncleaved_v01.out	5700	baa1d651d896b8b70332f2a0c030a0db91ff1ec7e1eb909830cc2c80df4145a8	COPIED_HASH_VERIFIED
uncleaved	03_SMD正式生产	local_md_output	simulations/construct-X/uncleaved/charmm-gui-8644096179/amber/smd_production/smd_chunk02.rst7	work/cprime_local_restructure_candidate_20260820/03_SMD运行/uncleaved/03_SMD正式生产/本地输出/smd_chunk02_uncleaved_v01.rst7	11632892	6f592fd43bfa2d385b26d4874996cb09ec902cdb5dc0f8093690ab13432987ac	COPIED_HASH_VERIFIED
uncleaved	03_SMD正式生产	local_md_output	simulations/construct-X/uncleaved/charmm-gui-8644096179/amber/smd_production/smd_chunk03.mdout	work/cprime_local_restructure_candidate_20260820/03_SMD运行/uncleaved/03_SMD正式生产/本地输出/smd_chunk03_uncleaved_v01.mdout	483802	d4ba194ac5df685cbd85365a4febd7c88b1e36e32467f2b1e17d269e5dd3fa37	COPIED_HASH_VERIFIED
uncleaved	03_SMD正式生产	local_md_output	simulations/construct-X/uncleaved/charmm-gui-8644096179/amber/smd_production/smd_chunk03.nc	work/cprime_local_restructure_candidate_20260820/03_SMD运行/uncleaved/03_SMD正式生产/本地输出/smd_chunk03_uncleaved_v01.nc	145402604	e7ab6fe74375ed4b4bdeffff95a6d65e0e239a0c5b8830b7e2be99ba15f671c1	COPIED_HASH_VERIFIED
uncleaved	03_SMD正式生产	local_md_output	simulations/construct-X/uncleaved/charmm-gui-8644096179/amber/smd_production/smd_chunk03.out	work/cprime_local_restructure_candidate_20260820/03_SMD运行/uncleaved/03_SMD正式生产/本地输出/smd_chunk03_uncleaved_v01.out	5700	5d2153b1752e3b3c371f6449b6225dd0ca3ab2a16f119c41969086c27e1adef2	COPIED_HASH_VERIFIED
uncleaved	03_SMD正式生产	local_md_output	simulations/construct-X/uncleaved/charmm-gui-8644096179/amber/smd_production/smd_chunk03.rst7	work/cprime_local_restructure_candidate_20260820/03_SMD运行/uncleaved/03_SMD正式生产/本地输出/smd_chunk03_uncleaved_v01.rst7	11632892	ddf67ab7d3745e9cce5810d05b6703dfbd325a94a162f98076823357fa5935ec	COPIED_HASH_VERIFIED
uncleaved	03_SMD正式生产	local_md_output	simulations/construct-X/uncleaved/charmm-gui-8644096179/amber/smd_production/smd_chunk04.mdout	work/cprime_local_restructure_candidate_20260820/03_SMD运行/uncleaved/03_SMD正式生产/本地输出/smd_chunk04_uncleaved_v01.mdout	483721	73e32d4f2250733d52cc9a7cbcbf49da6ee5f579b36a1f11262786e50c9ae0b5	COPIED_HASH_VERIFIED
uncleaved	03_SMD正式生产	local_md_output	simulations/construct-X/uncleaved/charmm-gui-8644096179/amber/smd_production/smd_chunk04.nc	work/cprime_local_restructure_candidate_20260820/03_SMD运行/uncleaved/03_SMD正式生产/本地输出/smd_chunk04_uncleaved_v01.nc	145402604	28a354d5495ca69a731041c557bab8ff115ada41de4c70432285756d26d8670e	COPIED_HASH_VERIFIED
uncleaved	03_SMD正式生产	local_md_output	simulations/construct-X/uncleaved/charmm-gui-8644096179/amber/smd_production/smd_chunk04.out	work/cprime_local_restructure_candidate_20260820/03_SMD运行/uncleaved/03_SMD正式生产/本地输出/smd_chunk04_uncleaved_v01.out	5700	7a3d38d20dacd3f35e8b4613d8f85d75176779d9056b85c4d9ff43bb88332f0e	COPIED_HASH_VERIFIED
uncleaved	03_SMD正式生产	local_md_output	simulations/construct-X/uncleaved/charmm-gui-8644096179/amber/smd_production/smd_chunk04.rst7	work/cprime_local_restructure_candidate_20260820/03_SMD运行/uncleaved/03_SMD正式生产/本地输出/smd_chunk04_uncleaved_v01.rst7	11632892	e9cc80b72cbefd739195327ef80be902333f07182e1e8496fb79d9588eaad435	COPIED_HASH_VERIFIED
uncleaved	03_SMD正式生产	local_md_output	simulations/construct-X/uncleaved/charmm-gui-8644096179/amber/smd_production/smd_chunk05.mdout	work/cprime_local_restructure_candidate_20260820/03_SMD运行/uncleaved/03_SMD正式生产/本地输出/smd_chunk05_uncleaved_v01.mdout	483896	1fd786c906bc1eb08ff332b37dd7030d2a84b0c7292de917a63a74fb55ee73ad	COPIED_HASH_VERIFIED
uncleaved	03_SMD正式生产	local_md_output	simulations/construct-X/uncleaved/charmm-gui-8644096179/amber/smd_production/smd_chunk05.nc	work/cprime_local_restructure_candidate_20260820/03_SMD运行/uncleaved/03_SMD正式生产/本地输出/smd_chunk05_uncleaved_v01.nc	145402604	596795d0d26acad496b61c861f8204dfd5a3f4a700a79446f04dd6ea957315be	COPIED_HASH_VERIFIED
uncleaved	03_SMD正式生产	local_md_output	simulations/construct-X/uncleaved/charmm-gui-8644096179/amber/smd_production/smd_chunk05.out	work/cprime_local_restructure_candidate_20260820/03_SMD运行/uncleaved/03_SMD正式生产/本地输出/smd_chunk05_uncleaved_v01.out	5700	83119e89dd82c36dde3ce7957ff6121094ea48e398fda94ffbb89ab972a2eeba	COPIED_HASH_VERIFIED
uncleaved	03_SMD正式生产	local_md_output	simulations/construct-X/uncleaved/charmm-gui-8644096179/amber/smd_production/smd_chunk05.rst7	work/cprime_local_restructure_candidate_20260820/03_SMD运行/uncleaved/03_SMD正式生产/本地输出/smd_chunk05_uncleaved_v01.rst7	11632892	c6b6a81b6c805a77805c4adf1dd7bad0ef11384bd161024da0dd1ef159d5d24c	COPIED_HASH_VERIFIED
uncleaved	03_SMD正式生产	local_md_output	simulations/construct-X/uncleaved/charmm-gui-8644096179/amber/smd_production/smd_chunk06.mdout	work/cprime_local_restructure_candidate_20260820/03_SMD运行/uncleaved/03_SMD正式生产/本地输出/smd_chunk06_uncleaved_v01.mdout	483896	28bbe7427801144fb08fa4b256446d37c359d8b38d117fe8accfb662daace108	COPIED_HASH_VERIFIED
uncleaved	03_SMD正式生产	local_md_output	simulations/construct-X/uncleaved/charmm-gui-8644096179/amber/smd_production/smd_chunk06.nc	work/cprime_local_restructure_candidate_20260820/03_SMD运行/uncleaved/03_SMD正式生产/本地输出/smd_chunk06_uncleaved_v01.nc	145402604	2d5144b63b6d835061c2f679869e6e26ec21defe03412f4f751aa9bf1ced9714	COPIED_HASH_VERIFIED
uncleaved	03_SMD正式生产	local_md_output	simulations/construct-X/uncleaved/charmm-gui-8644096179/amber/smd_production/smd_chunk06.out	work/cprime_local_restructure_candidate_20260820/03_SMD运行/uncleaved/03_SMD正式生产/本地输出/smd_chunk06_uncleaved_v01.out	5700	13a5178e41b63413e3d467da113fd600558f209e1dae3dffae9dd5eee135eb84	COPIED_HASH_VERIFIED
uncleaved	03_SMD正式生产	local_md_output	simulations/construct-X/uncleaved/charmm-gui-8644096179/amber/smd_production/smd_chunk06.rst7	work/cprime_local_restructure_candidate_20260820/03_SMD运行/uncleaved/03_SMD正式生产/本地输出/smd_chunk06_uncleaved_v01.rst7	11632892	bae4c5a2bab0789d229175690ca544de37ef22e9edd103ad28ad786558cbc75d	COPIED_HASH_VERIFIED
uncleaved	03_SMD正式生产	local_md_output	simulations/construct-X/uncleaved/charmm-gui-8644096179/amber/smd_production/smd_chunk07.mdout	work/cprime_local_restructure_candidate_20260820/03_SMD运行/uncleaved/03_SMD正式生产/本地输出/smd_chunk07_uncleaved_v01.mdout	483943	6cee88693d4503d3eb2c3b86ff407b906c57536c458ef5dcbe8fb1a85e139351	COPIED_HASH_VERIFIED
uncleaved	03_SMD正式生产	local_md_output	simulations/construct-X/uncleaved/charmm-gui-8644096179/amber/smd_production/smd_chunk07.nc	work/cprime_local_restructure_candidate_20260820/03_SMD运行/uncleaved/03_SMD正式生产/本地输出/smd_chunk07_uncleaved_v01.nc	145402604	cfa5be1e508e84420ce1c623fd9da793efdad3fbbd542b05468d960d5155f8d1	COPIED_HASH_VERIFIED
uncleaved	03_SMD正式生产	local_md_output	simulations/construct-X/uncleaved/charmm-gui-8644096179/amber/smd_production/smd_chunk07.out	work/cprime_local_restructure_candidate_20260820/03_SMD运行/uncleaved/03_SMD正式生产/本地输出/smd_chunk07_uncleaved_v01.out	5700	8663ea79a58dc5925c4ab7270a2588377f08b821307238c016c2f05c9f076ec7	COPIED_HASH_VERIFIED
uncleaved	03_SMD正式生产	local_md_output	simulations/construct-X/uncleaved/charmm-gui-8644096179/amber/smd_production/smd_chunk07.rst7	work/cprime_local_restructure_candidate_20260820/03_SMD运行/uncleaved/03_SMD正式生产/本地输出/smd_chunk07_uncleaved_v01.rst7	11632892	84b0f58cc3972f264a4059370b2e1a8db5299d39945fd8fb2be2b73775c2ed26	COPIED_HASH_VERIFIED
uncleaved	03_SMD正式生产	local_md_output	simulations/construct-X/uncleaved/charmm-gui-8644096179/amber/smd_production/smd_chunk08.mdout	work/cprime_local_restructure_candidate_20260820/03_SMD运行/uncleaved/03_SMD正式生产/本地输出/smd_chunk08_uncleaved_v01.mdout	483849	f1572dbe4c698b166861085d42283d883fbd0729e81e418787fff85ecdaf49b4	COPIED_HASH_VERIFIED
uncleaved	03_SMD正式生产	local_md_output	simulations/construct-X/uncleaved/charmm-gui-8644096179/amber/smd_production/smd_chunk08.nc	work/cprime_local_restructure_candidate_20260820/03_SMD运行/uncleaved/03_SMD正式生产/本地输出/smd_chunk08_uncleaved_v01.nc	145402604	4da2e7574102bebdf1e29443a3c05946760daf216ef8fe8fcd93286f646ce056	COPIED_HASH_VERIFIED
uncleaved	03_SMD正式生产	local_md_output	simulations/construct-X/uncleaved/charmm-gui-8644096179/amber/smd_production/smd_chunk08.out	work/cprime_local_restructure_candidate_20260820/03_SMD运行/uncleaved/03_SMD正式生产/本地输出/smd_chunk08_uncleaved_v01.out	5700	5b80d8dfa25ba982ce51ac7606b36d783dff707d3177ad9ace2046c7820e1002	COPIED_HASH_VERIFIED
uncleaved	03_SMD正式生产	local_md_output	simulations/construct-X/uncleaved/charmm-gui-8644096179/amber/smd_production/smd_chunk08.rst7	work/cprime_local_restructure_candidate_20260820/03_SMD运行/uncleaved/03_SMD正式生产/本地输出/smd_chunk08_uncleaved_v01.rst7	11632892	073b212fd017acf6904a3c26a8d5ad8dab0804dbf41a50f1cb3a733ecb361bb2	COPIED_HASH_VERIFIED
uncleaved	03_SMD正式生产	local_md_output	simulations/construct-X/uncleaved/charmm-gui-8644096179/amber/smd_production/smd_chunk09.mdout	work/cprime_local_restructure_candidate_20260820/03_SMD运行/uncleaved/03_SMD正式生产/本地输出/smd_chunk09_uncleaved_v01.mdout	483849	245e76c556a43638aa3fa1ac07a5ddb614f15d4ffa7c3344e613aaae5d6de94d	COPIED_HASH_VERIFIED
uncleaved	03_SMD正式生产	local_md_output	simulations/construct-X/uncleaved/charmm-gui-8644096179/amber/smd_production/smd_chunk09.nc	work/cprime_local_restructure_candidate_20260820/03_SMD运行/uncleaved/03_SMD正式生产/本地输出/smd_chunk09_uncleaved_v01.nc	145402604	ee91daced00535857ed435752def5be5ad9f1abfc8793704277fc74fdc9cddd6	COPIED_HASH_VERIFIED
uncleaved	03_SMD正式生产	local_md_output	simulations/construct-X/uncleaved/charmm-gui-8644096179/amber/smd_production/smd_chunk09.out	work/cprime_local_restructure_candidate_20260820/03_SMD运行/uncleaved/03_SMD正式生产/本地输出/smd_chunk09_uncleaved_v01.out	5700	68583e7b74ec3f93a34955dc3db4b333916a01d543b7d9a64bfee7dd1cafbc9a	COPIED_HASH_VERIFIED
uncleaved	03_SMD正式生产	local_md_output	simulations/construct-X/uncleaved/charmm-gui-8644096179/amber/smd_production/smd_chunk09.rst7	work/cprime_local_restructure_candidate_20260820/03_SMD运行/uncleaved/03_SMD正式生产/本地输出/smd_chunk09_uncleaved_v01.rst7	11632892	2471f8d415b0c9b99f5789159ecade84c97562f6fc3b269140883b1ddaeb6776	COPIED_HASH_VERIFIED
uncleaved	03_SMD正式生产	local_md_output	simulations/construct-X/uncleaved/charmm-gui-8644096179/amber/smd_production/smd_chunk10.mdout	work/cprime_local_restructure_candidate_20260820/03_SMD运行/uncleaved/03_SMD正式生产/本地输出/smd_chunk10_uncleaved_v01.mdout	483802	76af409100eb439a8388ed7396083223664338f03bf5830d8066caa7a1d7373c	COPIED_HASH_VERIFIED
uncleaved	03_SMD正式生产	local_md_output	simulations/construct-X/uncleaved/charmm-gui-8644096179/amber/smd_production/smd_chunk10.nc	work/cprime_local_restructure_candidate_20260820/03_SMD运行/uncleaved/03_SMD正式生产/本地输出/smd_chunk10_uncleaved_v01.nc	145402604	b9dbe30cea5fc994d72f0e6759d13254940a3c74f79752ed7d63b6155e888807	COPIED_HASH_VERIFIED
uncleaved	03_SMD正式生产	local_md_output	simulations/construct-X/uncleaved/charmm-gui-8644096179/amber/smd_production/smd_chunk10.out	work/cprime_local_restructure_candidate_20260820/03_SMD运行/uncleaved/03_SMD正式生产/本地输出/smd_chunk10_uncleaved_v01.out	5700	41be9f0e353d8220cc14bcec0a7cc84f24bfe443ae6e3ccf369b9f8613810822	COPIED_HASH_VERIFIED
uncleaved	03_SMD正式生产	local_md_output	simulations/construct-X/uncleaved/charmm-gui-8644096179/amber/smd_production/smd_chunk10.rst7	work/cprime_local_restructure_candidate_20260820/03_SMD运行/uncleaved/03_SMD正式生产/本地输出/smd_chunk10_uncleaved_v01.rst7	11632892	1b88f62948e6598b22d0a5c0d57fe4d4559f48669ec2fc021f0ad26861617454	COPIED_HASH_VERIFIED
uncleaved	03_SMD正式生产	local_md_output	simulations/construct-X/uncleaved/charmm-gui-8644096179/amber/smd_production/smd_chunk11.mdout	work/cprime_local_restructure_candidate_20260820/03_SMD运行/uncleaved/03_SMD正式生产/本地输出/smd_chunk11_uncleaved_v01.mdout	483802	985837d75e83277a3866e7d808a6c1fb4e9dbfa99deacf9336e4dc691445b054	COPIED_HASH_VERIFIED
uncleaved	03_SMD正式生产	local_md_output	simulations/construct-X/uncleaved/charmm-gui-8644096179/amber/smd_production/smd_chunk11.nc	work/cprime_local_restructure_candidate_20260820/03_SMD运行/uncleaved/03_SMD正式生产/本地输出/smd_chunk11_uncleaved_v01.nc	145402604	bb134ce0419c735234545b537557b6316eb263ee3f41dc8f17b82061968d679a	COPIED_HASH_VERIFIED
uncleaved	03_SMD正式生产	local_md_output	simulations/construct-X/uncleaved/charmm-gui-8644096179/amber/smd_production/smd_chunk11.out	work/cprime_local_restructure_candidate_20260820/03_SMD运行/uncleaved/03_SMD正式生产/本地输出/smd_chunk11_uncleaved_v01.out	5700	97e7c8ab6ac0b500e83118d66ff263f5bcc7d73205e93df39c85efbe4da7f561	COPIED_HASH_VERIFIED
uncleaved	03_SMD正式生产	local_md_output	simulations/construct-X/uncleaved/charmm-gui-8644096179/amber/smd_production/smd_chunk11.rst7	work/cprime_local_restructure_candidate_20260820/03_SMD运行/uncleaved/03_SMD正式生产/本地输出/smd_chunk11_uncleaved_v01.rst7	11632892	eba1ad3a330a4dbe75d6a762ac0627fed0698b6470ab901af9687251413b201f	COPIED_HASH_VERIFIED
uncleaved	03_SMD正式生产	local_md_output	simulations/construct-X/uncleaved/charmm-gui-8644096179/amber/smd_production/smd_chunk12.mdout	work/cprime_local_restructure_candidate_20260820/03_SMD运行/uncleaved/03_SMD正式生产/本地输出/smd_chunk12_uncleaved_v01.mdout	483896	30875c636121f24980a955b3231983df88d2d44a0405cda6719378320d94f86d	COPIED_HASH_VERIFIED
uncleaved	03_SMD正式生产	local_md_output	simulations/construct-X/uncleaved/charmm-gui-8644096179/amber/smd_production/smd_chunk12.nc	work/cprime_local_restructure_candidate_20260820/03_SMD运行/uncleaved/03_SMD正式生产/本地输出/smd_chunk12_uncleaved_v01.nc	145402604	ba7b49ee42aecb37b5edd782b8eac06a0124ae9245fb1122fc94070dbc9f2f8d	COPIED_HASH_VERIFIED
uncleaved	03_SMD正式生产	local_md_output	simulations/construct-X/uncleaved/charmm-gui-8644096179/amber/smd_production/smd_chunk12.out	work/cprime_local_restructure_candidate_20260820/03_SMD运行/uncleaved/03_SMD正式生产/本地输出/smd_chunk12_uncleaved_v01.out	5700	e27b120566cedfb64a391e41fe3d311409352caa593d1123c4d586b9f549700b	COPIED_HASH_VERIFIED
uncleaved	03_SMD正式生产	local_md_output	simulations/construct-X/uncleaved/charmm-gui-8644096179/amber/smd_production/smd_chunk12.rst7	work/cprime_local_restructure_candidate_20260820/03_SMD运行/uncleaved/03_SMD正式生产/本地输出/smd_chunk12_uncleaved_v01.rst7	11632892	269af77816822f79a695d0ccc505e46ba8b71b564320e02f50f14cb9c61c7ddd	COPIED_HASH_VERIFIED
uncleaved	03_SMD正式生产	local_md_output	simulations/construct-X/uncleaved/charmm-gui-8644096179/amber/smd_production/smd_chunk13.mdout	work/cprime_local_restructure_candidate_20260820/03_SMD运行/uncleaved/03_SMD正式生产/本地输出/smd_chunk13_uncleaved_v01.mdout	483896	d7b69b87dd4d45d5fde4ac7ff64f90b9a17179bc69f37cf507d546bd0204e10a	COPIED_HASH_VERIFIED
uncleaved	03_SMD正式生产	local_md_output	simulations/construct-X/uncleaved/charmm-gui-8644096179/amber/smd_production/smd_chunk13.nc	work/cprime_local_restructure_candidate_20260820/03_SMD运行/uncleaved/03_SMD正式生产/本地输出/smd_chunk13_uncleaved_v01.nc	145402604	221fb4817f217df978805539322601c12e1a6b8988ecb5c698fdfb297af1c072	COPIED_HASH_VERIFIED
uncleaved	03_SMD正式生产	local_md_output	simulations/construct-X/uncleaved/charmm-gui-8644096179/amber/smd_production/smd_chunk13.out	work/cprime_local_restructure_candidate_20260820/03_SMD运行/uncleaved/03_SMD正式生产/本地输出/smd_chunk13_uncleaved_v01.out	5700	3e66b03661d9b1b0da50e2ba37a730ec8944d0e3bf6b37fe17bf5135001f600e	COPIED_HASH_VERIFIED
uncleaved	03_SMD正式生产	local_md_output	simulations/construct-X/uncleaved/charmm-gui-8644096179/amber/smd_production/smd_chunk13.rst7	work/cprime_local_restructure_candidate_20260820/03_SMD运行/uncleaved/03_SMD正式生产/本地输出/smd_chunk13_uncleaved_v01.rst7	11632892	862a6e1349b719de1bd83394a021af816cb54315c4b5745ad8c6ef411cbc605f	COPIED_HASH_VERIFIED
uncleaved	03_SMD正式生产	local_md_output	simulations/construct-X/uncleaved/charmm-gui-8644096179/amber/smd_production/smd_chunk14.mdout	work/cprime_local_restructure_candidate_20260820/03_SMD运行/uncleaved/03_SMD正式生产/本地输出/smd_chunk14_uncleaved_v01.mdout	483815	9bfa00a519e1d1e4de2ede978120c713851071b78fd03d91582903356108f6ab	COPIED_HASH_VERIFIED
uncleaved	03_SMD正式生产	local_md_output	simulations/construct-X/uncleaved/charmm-gui-8644096179/amber/smd_production/smd_chunk14.nc	work/cprime_local_restructure_candidate_20260820/03_SMD运行/uncleaved/03_SMD正式生产/本地输出/smd_chunk14_uncleaved_v01.nc	145402604	fa4fd1b0afc5e672ab81334a2e9cbff7eb1cf5e201f35b61142933e3c8357ba0	COPIED_HASH_VERIFIED
uncleaved	03_SMD正式生产	local_md_output	simulations/construct-X/uncleaved/charmm-gui-8644096179/amber/smd_production/smd_chunk14.out	work/cprime_local_restructure_candidate_20260820/03_SMD运行/uncleaved/03_SMD正式生产/本地输出/smd_chunk14_uncleaved_v01.out	5700	c39e25b61f17213dc4e4a581927125d9f69f3ce58538e831d9713cda0125ceed	COPIED_HASH_VERIFIED
uncleaved	03_SMD正式生产	local_md_output	simulations/construct-X/uncleaved/charmm-gui-8644096179/amber/smd_production/smd_chunk14.rst7	work/cprime_local_restructure_candidate_20260820/03_SMD运行/uncleaved/03_SMD正式生产/本地输出/smd_chunk14_uncleaved_v01.rst7	11632892	c296c86bef65f9fba2885bec36d22b5c99d90ee651b3912c25db8bdad7cfba08	COPIED_HASH_VERIFIED
uncleaved	03_SMD正式生产	local_md_output	simulations/construct-X/uncleaved/charmm-gui-8644096179/amber/smd_production/smd_chunk15.mdout	work/cprime_local_restructure_candidate_20260820/03_SMD运行/uncleaved/03_SMD正式生产/本地输出/smd_chunk15_uncleaved_v01.mdout	483815	b6f782fae4eb73e8297e35b0cc640a49c05a3ed69f91b24813102e5885565ea3	COPIED_HASH_VERIFIED
uncleaved	03_SMD正式生产	local_md_output	simulations/construct-X/uncleaved/charmm-gui-8644096179/amber/smd_production/smd_chunk15.nc	work/cprime_local_restructure_candidate_20260820/03_SMD运行/uncleaved/03_SMD正式生产/本地输出/smd_chunk15_uncleaved_v01.nc	145402604	be57a51419c6871f9ca4acb29509c160bb57329e01e3834352827ad87f1ea33a	COPIED_HASH_VERIFIED
uncleaved	03_SMD正式生产	local_md_output	simulations/construct-X/uncleaved/charmm-gui-8644096179/amber/smd_production/smd_chunk15.out	work/cprime_local_restructure_candidate_20260820/03_SMD运行/uncleaved/03_SMD正式生产/本地输出/smd_chunk15_uncleaved_v01.out	5700	c6e371157b26fe187bc4c18368e614965373158636f820b830953593e3c1b1df	COPIED_HASH_VERIFIED
uncleaved	03_SMD正式生产	local_md_output	simulations/construct-X/uncleaved/charmm-gui-8644096179/amber/smd_production/smd_chunk15.rst7	work/cprime_local_restructure_candidate_20260820/03_SMD运行/uncleaved/03_SMD正式生产/本地输出/smd_chunk15_uncleaved_v01.rst7	11632892	ad72df609f225feb0e5d2f3f3764cb90731b42c3a9858246fca091e6afc0a663	COPIED_HASH_VERIFIED
uncleaved	03_SMD正式生产	local_md_output	simulations/construct-X/uncleaved/charmm-gui-8644096179/amber/smd_production/smd_chunk16.mdout	work/cprime_local_restructure_candidate_20260820/03_SMD运行/uncleaved/03_SMD正式生产/本地输出/smd_chunk16_uncleaved_v01.mdout	483721	80d10f6da2007661387b301e8c49df9e93159d064e541aa726b742b482ef3411	COPIED_HASH_VERIFIED
uncleaved	03_SMD正式生产	local_md_output	simulations/construct-X/uncleaved/charmm-gui-8644096179/amber/smd_production/smd_chunk16.nc	work/cprime_local_restructure_candidate_20260820/03_SMD运行/uncleaved/03_SMD正式生产/本地输出/smd_chunk16_uncleaved_v01.nc	145402604	c973f880ab49cb3d240ed16144bbe8421f626de305128869d9a762280fdbba6c	COPIED_HASH_VERIFIED
uncleaved	03_SMD正式生产	local_md_output	simulations/construct-X/uncleaved/charmm-gui-8644096179/amber/smd_production/smd_chunk16.out	work/cprime_local_restructure_candidate_20260820/03_SMD运行/uncleaved/03_SMD正式生产/本地输出/smd_chunk16_uncleaved_v01.out	5700	5ad743e135953020ed725a1b7e9ed415d69728247916ef889c07c7ec09e9aae0	COPIED_HASH_VERIFIED
uncleaved	03_SMD正式生产	local_md_output	simulations/construct-X/uncleaved/charmm-gui-8644096179/amber/smd_production/smd_chunk16.rst7	work/cprime_local_restructure_candidate_20260820/03_SMD运行/uncleaved/03_SMD正式生产/本地输出/smd_chunk16_uncleaved_v01.rst7	11632892	2b58af1c8124ccc8b9d42059aa9e66d0f36591ccbf0aa6b8259e161ba760c081	COPIED_HASH_VERIFIED
uncleaved	03_SMD正式生产	local_md_output	simulations/construct-X/uncleaved/charmm-gui-8644096179/amber/smd_production/smd_chunk17.mdout	work/cprime_local_restructure_candidate_20260820/03_SMD运行/uncleaved/03_SMD正式生产/本地输出/smd_chunk17_uncleaved_v01.mdout	483896	c1e5cd4008a7cdd7e64f28a585cd5a0a50481b098bc691474340ffb961d81c10	COPIED_HASH_VERIFIED
uncleaved	03_SMD正式生产	local_md_output	simulations/construct-X/uncleaved/charmm-gui-8644096179/amber/smd_production/smd_chunk17.nc	work/cprime_local_restructure_candidate_20260820/03_SMD运行/uncleaved/03_SMD正式生产/本地输出/smd_chunk17_uncleaved_v01.nc	145402604	c24476174c9dbf7ed04aee21a4872c29fcd058efeea7157839694e980aa6ea70	COPIED_HASH_VERIFIED
uncleaved	03_SMD正式生产	local_md_output	simulations/construct-X/uncleaved/charmm-gui-8644096179/amber/smd_production/smd_chunk17.out	work/cprime_local_restructure_candidate_20260820/03_SMD运行/uncleaved/03_SMD正式生产/本地输出/smd_chunk17_uncleaved_v01.out	5700	6c1fdc850d33cec90b6047060304f7e58be513097732d6df9125f383f44f8ac9	COPIED_HASH_VERIFIED
uncleaved	03_SMD正式生产	local_md_output	simulations/construct-X/uncleaved/charmm-gui-8644096179/amber/smd_production/smd_chunk17.rst7	work/cprime_local_restructure_candidate_20260820/03_SMD运行/uncleaved/03_SMD正式生产/本地输出/smd_chunk17_uncleaved_v01.rst7	11632892	1f63f0494da7a39b3ba06df966fb204ecb8a85ed2e953d432e07d81e4db70718	COPIED_HASH_VERIFIED
uncleaved	03_SMD正式生产	local_md_output	simulations/construct-X/uncleaved/charmm-gui-8644096179/amber/smd_production/smd_chunk18.mdout	work/cprime_local_restructure_candidate_20260820/03_SMD运行/uncleaved/03_SMD正式生产/本地输出/smd_chunk18_uncleaved_v01.mdout	483721	49ef8fb3a01f3e6c3fc64d08dc91b735fd57ed69b54286bee18aa5ccc5028a31	COPIED_HASH_VERIFIED
uncleaved	03_SMD正式生产	local_md_output	simulations/construct-X/uncleaved/charmm-gui-8644096179/amber/smd_production/smd_chunk18.nc	work/cprime_local_restructure_candidate_20260820/03_SMD运行/uncleaved/03_SMD正式生产/本地输出/smd_chunk18_uncleaved_v01.nc	145402604	c8d66cdf3b9b0270b403882b3ce189c45c4ebc15ae862b3e923ad3aac8fd93fa	COPIED_HASH_VERIFIED
uncleaved	03_SMD正式生产	local_md_output	simulations/construct-X/uncleaved/charmm-gui-8644096179/amber/smd_production/smd_chunk18.out	work/cprime_local_restructure_candidate_20260820/03_SMD运行/uncleaved/03_SMD正式生产/本地输出/smd_chunk18_uncleaved_v01.out	5700	3aa0c4c9e47a8bc3f9ad0b40cdb88e6b9fc2fb459df57eb5de65a4e7c0f4ee96	COPIED_HASH_VERIFIED
uncleaved	03_SMD正式生产	local_md_output	simulations/construct-X/uncleaved/charmm-gui-8644096179/amber/smd_production/smd_chunk18.rst7	work/cprime_local_restructure_candidate_20260820/03_SMD运行/uncleaved/03_SMD正式生产/本地输出/smd_chunk18_uncleaved_v01.rst7	11632892	a8279119e071e2c8a8ec06b261e5866d53b306276ae396e97c6086ffea110f1a	COPIED_HASH_VERIFIED
uncleaved	03_SMD正式生产	local_md_output	simulations/construct-X/uncleaved/charmm-gui-8644096179/amber/smd_production/smd_chunk19.mdout	work/cprime_local_restructure_candidate_20260820/03_SMD运行/uncleaved/03_SMD正式生产/本地输出/smd_chunk19_uncleaved_v01.mdout	483896	714d2087e16c120d9eba459eb8edc3d8f46d222efb4bda0363724d8c1362c74a	COPIED_HASH_VERIFIED
uncleaved	03_SMD正式生产	local_md_output	simulations/construct-X/uncleaved/charmm-gui-8644096179/amber/smd_production/smd_chunk19.nc	work/cprime_local_restructure_candidate_20260820/03_SMD运行/uncleaved/03_SMD正式生产/本地输出/smd_chunk19_uncleaved_v01.nc	145402604	910af83694e72492bb5eb200d5f5ab909a2606e2ef6c8f963ec41bc2deb983b8	COPIED_HASH_VERIFIED
uncleaved	03_SMD正式生产	local_md_output	simulations/construct-X/uncleaved/charmm-gui-8644096179/amber/smd_production/smd_chunk19.out	work/cprime_local_restructure_candidate_20260820/03_SMD运行/uncleaved/03_SMD正式生产/本地输出/smd_chunk19_uncleaved_v01.out	5700	1b9715ddb98c1be31c8f6b31265d29489c442aab6305499cc446d3e8a25822e2	COPIED_HASH_VERIFIED
uncleaved	03_SMD正式生产	local_md_output	simulations/construct-X/uncleaved/charmm-gui-8644096179/amber/smd_production/smd_chunk19.rst7	work/cprime_local_restructure_candidate_20260820/03_SMD运行/uncleaved/03_SMD正式生产/本地输出/smd_chunk19_uncleaved_v01.rst7	11632892	f4c5e748fc9f796bc670d00f92d12cfceb08d11825787f3331f13b051c18c21a	COPIED_HASH_VERIFIED
uncleaved	03_SMD正式生产	local_md_output	simulations/construct-X/uncleaved/charmm-gui-8644096179/amber/smd_production/smd_chunk20.mdout	work/cprime_local_restructure_candidate_20260820/03_SMD运行/uncleaved/03_SMD正式生产/本地输出/smd_chunk20_uncleaved_v01.mdout	483802	c53ab96e7f912e9f41d287ec7da427cd62aa3a9c69bf4dbe806228172625a866	COPIED_HASH_VERIFIED
uncleaved	03_SMD正式生产	local_md_output	simulations/construct-X/uncleaved/charmm-gui-8644096179/amber/smd_production/smd_chunk20.nc	work/cprime_local_restructure_candidate_20260820/03_SMD运行/uncleaved/03_SMD正式生产/本地输出/smd_chunk20_uncleaved_v01.nc	145402604	d299efda94fdfc8db66113ebe54e9dc55b183a211021024bb436956873737d2d	COPIED_HASH_VERIFIED
uncleaved	03_SMD正式生产	local_md_output	simulations/construct-X/uncleaved/charmm-gui-8644096179/amber/smd_production/smd_chunk20.out	work/cprime_local_restructure_candidate_20260820/03_SMD运行/uncleaved/03_SMD正式生产/本地输出/smd_chunk20_uncleaved_v01.out	5700	e2c27025e8fd32fb8dff00fa45dfc45c574835b44d56a83c819391a5543f91ea	COPIED_HASH_VERIFIED
uncleaved	03_SMD正式生产	local_md_output	simulations/construct-X/uncleaved/charmm-gui-8644096179/amber/smd_production/smd_chunk20.rst7	work/cprime_local_restructure_candidate_20260820/03_SMD运行/uncleaved/03_SMD正式生产/本地输出/smd_chunk20_uncleaved_v01.rst7	11632892	f755aa12a2d819be522578f8ce169e5a152e628533212e1c72a3ff2cbb3ec009	COPIED_HASH_VERIFIED
uncleaved	03_SMD正式生产	local_md_output	simulations/construct-X/uncleaved/charmm-gui-8644096179/amber/smd_production/smd_chunk21.mdout	work/cprime_local_restructure_candidate_20260820/03_SMD运行/uncleaved/03_SMD正式生产/本地输出/smd_chunk21_uncleaved_v01.mdout	483755	cd6ff05fbe7adf78a80632ae30f62a529f94a6e1d4b5708f944b4f6935d692fa	COPIED_HASH_VERIFIED
uncleaved	03_SMD正式生产	local_md_output	simulations/construct-X/uncleaved/charmm-gui-8644096179/amber/smd_production/smd_chunk21.nc	work/cprime_local_restructure_candidate_20260820/03_SMD运行/uncleaved/03_SMD正式生产/本地输出/smd_chunk21_uncleaved_v01.nc	145402604	f5f45f1cd81e95a9af10a01d895fbaa2717d1eda5cb2c88aee1cc111764325d7	COPIED_HASH_VERIFIED
uncleaved	03_SMD正式生产	local_md_output	simulations/construct-X/uncleaved/charmm-gui-8644096179/amber/smd_production/smd_chunk21.out	work/cprime_local_restructure_candidate_20260820/03_SMD运行/uncleaved/03_SMD正式生产/本地输出/smd_chunk21_uncleaved_v01.out	5700	e8afebf5970588b90d36c47bfa4cd7730e81ccd014cc05efe0477e2e735ebfdd	COPIED_HASH_VERIFIED
uncleaved	03_SMD正式生产	local_md_output	simulations/construct-X/uncleaved/charmm-gui-8644096179/amber/smd_production/smd_chunk21.rst7	work/cprime_local_restructure_candidate_20260820/03_SMD运行/uncleaved/03_SMD正式生产/本地输出/smd_chunk21_uncleaved_v01.rst7	11632892	6b2ea0e360c11b88a5932435c268508595110965a9c8198340d827c84c7218f3	COPIED_HASH_VERIFIED
uncleaved	03_SMD正式生产	local_md_output	simulations/construct-X/uncleaved/charmm-gui-8644096179/amber/smd_production/smd_chunk22.mdout	work/cprime_local_restructure_candidate_20260820/03_SMD运行/uncleaved/03_SMD正式生产/本地输出/smd_chunk22_uncleaved_v01.mdout	483849	6b08a3bfdca9f926ac1a03b39ae27ff3e19431e2570813900a24e5d6b39cf96e	COPIED_HASH_VERIFIED
uncleaved	03_SMD正式生产	local_md_output	simulations/construct-X/uncleaved/charmm-gui-8644096179/amber/smd_production/smd_chunk22.nc	work/cprime_local_restructure_candidate_20260820/03_SMD运行/uncleaved/03_SMD正式生产/本地输出/smd_chunk22_uncleaved_v01.nc	145402604	67d40feb11b4addf4cf0e870b1051013c978c90f7cb4fcb44da417227c9a110d	COPIED_HASH_VERIFIED
uncleaved	03_SMD正式生产	local_md_output	simulations/construct-X/uncleaved/charmm-gui-8644096179/amber/smd_production/smd_chunk22.out	work/cprime_local_restructure_candidate_20260820/03_SMD运行/uncleaved/03_SMD正式生产/本地输出/smd_chunk22_uncleaved_v01.out	5700	e762c5576d9f3b49dc51e539c929461261a7b1ad4ebc7ec7176ac4c83c1c5483	COPIED_HASH_VERIFIED
uncleaved	03_SMD正式生产	local_md_output	simulations/construct-X/uncleaved/charmm-gui-8644096179/amber/smd_production/smd_chunk22.rst7	work/cprime_local_restructure_candidate_20260820/03_SMD运行/uncleaved/03_SMD正式生产/本地输出/smd_chunk22_uncleaved_v01.rst7	11632892	f4095124d56f5205218dacaec90190f476def84a96acec5162912259a9405512	COPIED_HASH_VERIFIED
uncleaved	03_SMD正式生产	local_md_output	simulations/construct-X/uncleaved/charmm-gui-8644096179/amber/smd_production/smd_chunk23.mdout	work/cprime_local_restructure_candidate_20260820/03_SMD运行/uncleaved/03_SMD正式生产/本地输出/smd_chunk23_uncleaved_v01.mdout	359972	8f6137af857dcc40f9a322369f49cfb1204c802435409467fdf395d0fcd70a68	COPIED_HASH_VERIFIED
uncleaved	03_SMD正式生产	local_md_output	simulations/construct-X/uncleaved/charmm-gui-8644096179/amber/smd_production/smd_chunk23.nc	work/cprime_local_restructure_candidate_20260820/03_SMD运行/uncleaved/03_SMD正式生产/本地输出/smd_chunk23_uncleaved_v01.nc	104690100	a07cc48257cc6a0e418ace9161b51ebfe48f9ff4ddcc19737a7bab069e1af0b0	COPIED_HASH_VERIFIED
uncleaved	03_SMD正式生产	local_md_output	simulations/construct-X/uncleaved/charmm-gui-8644096179/amber/smd_production/smd_chunk23.out	work/cprime_local_restructure_candidate_20260820/03_SMD运行/uncleaved/03_SMD正式生产/本地输出/smd_chunk23_uncleaved_v01.out	4161	e07ab1fd5efae9de260218c4957dc0adae984c214f804e778b66567129e7b74f	COPIED_HASH_VERIFIED
uncleaved	03_SMD正式生产	local_md_output	simulations/construct-X/uncleaved/charmm-gui-8644096179/amber/smd_production/smd_chunk23.rst7	work/cprime_local_restructure_candidate_20260820/03_SMD运行/uncleaved/03_SMD正式生产/本地输出/smd_chunk23_uncleaved_v01.rst7	11632892	ae7363a3d0b1bce95f6637a3da1069b51ac3e64dd458ad87eb3dad494e8cce41	COPIED_HASH_VERIFIED
uncleaved	03_SMD正式生产	local_md_output	simulations/construct-X/uncleaved/charmm-gui-8644096179/amber/smd_production/smd.out	work/cprime_local_restructure_candidate_20260820/03_SMD运行/uncleaved/03_SMD正式生产/本地输出/smd_production_uncleaved_v01.out	135261	b09334efa83a238051afe6b2256db78ab59aa58cf78972bcbb7c9f9a6b9f4b28	COPIED_HASH_VERIFIED
uncleaved	03_SMD正式生产	local_md_output	simulations/construct-X/uncleaved/charmm-gui-8644096179/amber/smd_production/smd_quant.log	work/cprime_local_restructure_candidate_20260820/03_SMD运行/uncleaved/03_SMD正式生产/本地输出/smd_quant_uncleaved_v01.log	5839	7669eabb0cd0e27dd6293df13edd47a3915672d8b25e605fbd6e9b75f9096368	COPIED_HASH_VERIFIED
uncleaved	03_SMD正式生产	local_analysis	simulations/construct-X/uncleaved/charmm-gui-8644096179/amber/smd_production/smd_curves.dat	work/cprime_local_restructure_candidate_20260820/04_分析/uncleaved/03_SMD正式生产/本地分析/smd_curves_uncleaved_v01.dat	297319	a2e264fce21d614dc2b57c36bb8cd4ea89b35405347e89854ed8e1f65ebd9699	COPIED_HASH_VERIFIED
uncleaved	03_SMD正式生产	local_analysis	simulations/construct-X/uncleaved/charmm-gui-8644096179/amber/smd_production/smd_curves.png	work/cprime_local_restructure_candidate_20260820/04_分析/uncleaved/03_SMD正式生产/本地分析/smd_curves_uncleaved_v01.png	287424	b7e5551b73efda30c73723c5d145d208f7c6e3bfd73d8264ab8b2b750c639be7	COPIED_HASH_VERIFIED
uncleaved	contacts	local_analysis	simulations/construct-X/uncleaved/charmm-gui-8644096179/amber/contacts_uncleaved_contact_map.png	work/cprime_local_restructure_candidate_20260820/04_分析/uncleaved/contacts/本地分析/contacts_contact_map_uncleaved_v01.png	69847	a22067ad889b6ada32892739d6a3d7c70b505fb3269ce1210d9639a576f6dc8a	COPIED_HASH_VERIFIED
uncleaved	contacts	local_analysis	simulations/construct-X/uncleaved/charmm-gui-8644096179/amber/contacts_uncleaved_residue_contacts.tsv	work/cprime_local_restructure_candidate_20260820/04_分析/uncleaved/contacts/本地分析/contacts_residue_contacts_uncleaved_v01.tsv	4123	83662ff8a26085c49f2934f6e0d739e4037bcc1db3d1e4223d1a28f3f55478c0	COPIED_HASH_VERIFIED
uncleaved	contacts	local_analysis	simulations/construct-X/uncleaved/charmm-gui-8644096179/amber/contacts_uncleaved_saltbridges.png	work/cprime_local_restructure_candidate_20260820/04_分析/uncleaved/contacts/本地分析/contacts_saltbridges_uncleaved_v01.png	53348	18a5fe0d81ddecdcc4c1245481d6bcd2f53ab4f2643c967c7471b272593a4e6d	COPIED_HASH_VERIFIED
uncleaved	contacts	local_analysis	simulations/construct-X/uncleaved/charmm-gui-8644096179/amber/contacts_uncleaved_saltbridges.tsv	work/cprime_local_restructure_candidate_20260820/04_分析/uncleaved/contacts/本地分析/contacts_saltbridges_uncleaved_v01.tsv	14688	a9efb81df24755b49676d073ae71754ea17ec8edbade110e43117a60490eee2d	COPIED_HASH_VERIFIED
uncleaved	contacts	local_analysis	simulations/construct-X/uncleaved/charmm-gui-8644096179/amber/contacts_uncleaved_window_forces.png	work/cprime_local_restructure_candidate_20260820/04_分析/uncleaved/contacts/本地分析/contacts_window_forces_uncleaved_v01.png	30013	8057f5a2ac750aab76897e6df4a29ab8eb2254742136c7beacda480993d9b2b9	COPIED_HASH_VERIFIED
uncleaved	contacts	local_analysis	simulations/construct-X/uncleaved/charmm-gui-8644096179/amber/contacts_uncleaved_windows.tsv	work/cprime_local_restructure_candidate_20260820/04_分析/uncleaved/contacts/本地分析/contacts_windows_uncleaved_v01.tsv	180	e11e17e1875de0fa3052b9b9c10807abdf8f625b9a0d0faa3c49ddcb12ed6e5e	COPIED_HASH_VERIFIED
