# t_ps  r2_target_Ang  dist_Ang  force_kcal_per_mol_per_Ang  work_cum_kcal_per_mol
0.000000000000000000e+00 3.126999999999999957e+01 3.127384999999999948e+01 -5.543000000000000010e-02 0.000000000000000000e+00
1.000000000000156319e+01 3.128000000000000114e+01 3.108659000000000106e+01 2.785120000000000040e+00 -6.550000000000000266e-03
1.999999999999957367e+01 3.128999999999999915e+01 3.115299999999999869e+01 1.972760000000000069e+00 1.362999999999999975e-02
3.000000000000113687e+01 3.130000000000000071e+01 3.119417999999999935e+01 1.523879999999999901e+00 4.474000000000000199e-02
3.999999999999914735e+01 3.130999999999999872e+01 3.122322000000000131e+01 1.249570000000000070e+00 5.684000000000000163e-02
5.000000000000071054e+01 3.132000000000000028e+01 3.127334000000000103e+01 6.718399999999999928e-01 5.183999999999999719e-02
5.999999999999872102e+01 3.132999999999999829e+01 3.128134999999999977e+01 7.005900000000000460e-01 7.191999999999999782e-02
7.000000000000028422e+01 3.133999999999999986e+01 3.110907999999999873e+01 3.325180000000000025e+00 8.461000000000000465e-02
8.000000000000184741e+01 3.135000000000000142e+01 3.125719000000000136e+01 1.336430000000000007e+00 9.739000000000000434e-02
8.999999999999985789e+01 3.135999999999999943e+01 3.114467000000000141e+01 3.100820000000000132e+00 1.146800000000000042e-01
1.000000000000014211e+02 3.137000000000000099e+01 3.101913000000000054e+01 5.052509999999999835e+00 1.570799999999999974e-01
1.099999999999994316e+02 3.137999999999999901e+01 3.096577999999999875e+01 5.964789999999999814e+00 2.110100000000000031e-01
1.200000000000009948e+02 3.139000000000000057e+01 3.090313000000000088e+01 7.010869999999999713e+00 2.680000000000000160e-01
1.299999999999990052e+02 3.139999999999999858e+01 3.111808999999999870e+01 4.059520000000000017e+00 3.302999999999999825e-01
1.400000000000005684e+02 3.141000000000000014e+01 3.131578999999999979e+01 1.356570000000000054e+00 3.504900000000000237e-01
1.500000000000021316e+02 3.142000000000000171e+01 3.132226999999999961e+01 1.407259999999999955e+00 3.491400000000000059e-01
1.600000000000001421e+02 3.142999999999999972e+01 3.152274999999999849e+01 -1.335560000000000080e+00 3.532600000000000184e-01
1.700000000000017053e+02 3.144000000000000128e+01 3.150047999999999959e+01 -8.709000000000000075e-01 3.469900000000000206e-01
1.799999999999997158e+02 3.144999999999999929e+01 3.153610000000000113e+01 -1.239810000000000079e+00 3.346700000000000230e-01
1.900000000000012790e+02 3.146000000000000085e+01 3.149932000000000087e+01 -5.662800000000000056e-01 3.167800000000000060e-01
1.999999999999992895e+02 3.146999999999999886e+01 3.147813000000000017e+01 -1.171200000000000019e-01 3.083799999999999875e-01
2.100000000000008527e+02 3.148000000000000043e+01 3.161965000000000003e+01 -2.010930000000000106e+00 3.032900000000000040e-01
2.199999999999988631e+02 3.148999999999999844e+01 3.143883999999999901e+01 7.367700000000000360e-01 2.931300000000000017e-01
2.300000000000004263e+02 3.150000000000000000e+01 3.139570000000000149e+01 1.501900000000000013e+00 2.994600000000000040e-01
2.400000000000019895e+02 3.151000000000000156e+01 3.127909999999999968e+01 3.325029999999999930e+00 3.160600000000000076e-01
2.500000000000000000e+02 3.151999999999999957e+01 3.152126000000000161e+01 -1.819000000000000131e-02 3.328800000000000092e-01
2.600000000000015348e+02 3.153000000000000114e+01 3.141674000000000078e+01 1.630900000000000016e+00 3.331000000000000072e-01
2.699999999999995453e+02 3.153999999999999915e+01 3.163516999999999868e+01 -1.370460000000000012e+00 3.417000000000000037e-01
2.800000000000011369e+02 3.155000000000000071e+01 3.156315999999999988e+01 -1.894800000000000095e-01 3.362399999999999833e-01
2.899999999999991473e+02 3.155999999999999872e+01 3.192452000000000112e+01 -5.249050000000000438e+00 2.949700000000000100e-01
3.000000000000006821e+02 3.157000000000000028e+01 3.185951000000000022e+01 -4.168949999999999712e+00 2.501800000000000135e-01
3.099999999999986926e+02 3.157999999999999829e+01 3.186835999999999913e+01 -4.152389999999999581e+00 2.354100000000000081e-01
3.200000000000002842e+02 3.158999999999999986e+01 3.200177999999999656e+01 -5.929570000000000007e+00 1.957699999999999996e-01
3.300000000000018190e+02 3.160000000000000142e+01 3.190938999999999837e+01 -4.455239999999999867e+00 1.443599999999999883e-01
3.399999999999998295e+02 3.160999999999999943e+01 3.179482000000000141e+01 -2.661379999999999857e+00 1.206099999999999950e-01
3.500000000000014211e+02 3.162000000000000099e+01 3.158492000000000033e+01 5.052200000000000024e-01 1.152299999999999991e-01
3.599999999999994316e+02 3.162999999999999901e+01 3.192587999999999937e+01 -4.260629999999999917e+00 1.017300000000000010e-01
3.700000000000009663e+02 3.164000000000000057e+01 3.184543000000000035e+01 -2.958250000000000046e+00 7.858999999999999320e-02
3.799999999999989768e+02 3.164999999999999858e+01 3.175527999999999906e+01 -1.515970000000000040e+00 6.353000000000000314e-02
3.900000000000005684e+02 3.166000000000000014e+01 3.198382000000000147e+01 -4.663030000000000008e+00 4.415000000000000174e-02
4.000000000000021032e+02 3.167000000000000171e+01 3.172561999999999927e+01 -8.008699999999999708e-01 2.733999999999999972e-02
4.100000000000001137e+02 3.167999999999999972e+01 3.183088000000000051e+01 -2.172709999999999919e+00 1.729999999999999941e-02
4.200000000000017053e+02 3.169000000000000128e+01 3.179364999999999952e+01 -1.492550000000000043e+00 7.779999999999999589e-03
4.299999999999997158e+02 3.169999999999999929e+01 3.168223000000000056e+01 2.558400000000000118e-01 5.290000000000000431e-03
4.400000000000012506e+02 3.171000000000000085e+01 3.166498999999999953e+01 6.481799999999999784e-01 -3.499999999999999964e-04
4.499999999999992610e+02 3.171999999999999886e+01 3.159624000000000166e+01 1.782149999999999901e+00 -8.330000000000000598e-03
4.600000000000008527e+02 3.173000000000000043e+01 3.155574000000000012e+01 2.509290000000000020e+00 -8.400000000000000348e-04
4.699999999999988631e+02 3.173999999999999844e+01 3.168568000000000140e+01 7.822099999999999609e-01 8.200000000000000691e-03
4.800000000000003979e+02 3.175000000000000000e+01 3.197750999999999877e+01 -3.276120000000000143e+00 -6.939999999999999988e-03
4.900000000000019895e+02 3.176000000000000156e+01 3.200187999999999988e+01 -3.483010000000000161e+00 -4.490000000000000241e-02
5.000000000000000000e+02 3.176999999999999957e+01 3.183968000000000131e+01 -1.003349999999999964e+00 -6.250000000000000000e-02
5.100000000000015348e+02 3.178000000000000114e+01 3.169228000000000023e+01 1.263200000000000101e+00 -7.713000000000000411e-02
5.199999999999995453e+02 3.178999999999999915e+01 3.172913000000000139e+01 8.765899999999999803e-01 -7.971999999999999920e-02
5.300000000000011369e+02 3.180000000000000071e+01 3.168788999999999945e+01 1.614319999999999977e+00 -6.468999999999999750e-02
5.399999999999990905e+02 3.180999999999999872e+01 3.178912000000000049e+01 3.007099999999999773e-01 -5.995999999999999941e-02
5.500000000000006821e+02 3.182000000000000028e+01 3.171422000000000097e+01 1.523239999999999927e+00 -5.002000000000000196e-02
5.599999999999987494e+02 3.182999999999999829e+01 3.155601000000000056e+01 3.945450000000000124e+00 -3.083999999999999936e-02
5.700000000000002274e+02 3.183999999999999986e+01 3.177779999999999916e+01 8.957100000000000062e-01 -4.029999999999999728e-03
5.800000000000018190e+02 3.185000000000000142e+01 3.193962000000000145e+01 -1.290540000000000020e+00 -1.434999999999999991e-02
5.899999999999998863e+02 3.185999999999999943e+01 3.190560999999999936e+01 -6.568199999999999594e-01 -2.181999999999999912e-02
6.000000000000013642e+02 3.187000000000000099e+01 3.173115999999999914e+01 1.999270000000000103e+00 -1.318000000000000074e-02
6.099999999999994316e+02 3.187999999999999901e+01 3.197237000000000151e+01 -1.330200000000000049e+00 -1.607000000000000095e-02
6.200000000000010232e+02 3.189000000000000057e+01 3.196285999999999916e+01 -1.049120000000000053e+00 -1.874999999999999931e-02
6.299999999999989768e+02 3.189999999999999858e+01 3.191091000000000122e+01 -1.570699999999999874e-01 -3.429000000000000103e-02
6.400000000000005684e+02 3.191000000000000014e+01 3.191152999999999906e+01 -2.205000000000000016e-02 -2.772000000000000158e-02
6.500000000000021600e+02 3.192000000000000171e+01 3.206103000000000236e+01 -2.030759999999999899e+00 -3.264999999999999847e-02
6.600000000000001137e+02 3.192999999999999972e+01 3.190827000000000169e+01 3.128900000000000015e-01 -4.442999999999999727e-02
6.700000000000017053e+02 3.194000000000000128e+01 3.186391000000000062e+01 1.095660000000000078e+00 -3.561999999999999889e-02
6.799999999999996589e+02 3.194999999999999929e+01 3.181502000000000052e+01 1.943680000000000074e+00 -3.899999999999999994e-02
6.900000000000012506e+02 3.196000000000000085e+01 3.197537000000000162e+01 -2.212899999999999867e-01 -4.309999999999999942e-02
6.999999999999993179e+02 3.196999999999999886e+01 3.199642000000000053e+01 -3.805100000000000149e-01 -5.741000000000000270e-02
7.100000000000007958e+02 3.198000000000000043e+01 3.199505999999999872e+01 -2.168499999999999872e-01 -5.813000000000000111e-02
7.199999999999988631e+02 3.198999999999999844e+01 3.170945999999999998e+01 4.039760000000000240e+00 -4.469999999999999668e-02
7.300000000000004547e+02 3.200000000000000000e+01 3.199971999999999994e+01 4.060000000000000241e-03 -1.059000000000000045e-02
7.399999999999984084e+02 3.200999999999999801e+01 3.216783999999999821e+01 -2.272899999999999920e+00 -2.714000000000000093e-02
7.500000000000035243e+02 3.202000000000000313e+01 3.207876000000000261e+01 -8.461100000000000287e-01 -4.005999999999999839e-02
7.600000000000015916e+02 3.203000000000000114e+01 3.218786000000000058e+01 -2.273120000000000029e+00 -5.739999999999999963e-02
7.699999999999995453e+02 3.203999999999999915e+01 3.212053999999999832e+01 -1.159759999999999902e+00 -7.677000000000000490e-02
7.799999999999976126e+02 3.204999999999999716e+01 3.210555000000000092e+01 -7.998899999999999899e-01 -9.227000000000000479e-02
7.900000000000027285e+02 3.206000000000000227e+01 3.211551999999999651e+01 -7.994400000000000395e-01 -9.704999999999999738e-02
8.000000000000006821e+02 3.207000000000000028e+01 3.215626999999999924e+01 -1.242259999999999920e+00 -9.357000000000000040e-02
8.099999999999987494e+02 3.207999999999999829e+01 3.211889000000000038e+01 -5.600699999999999568e-01 -1.029100000000000015e-01
8.200000000000038654e+02 3.209000000000000341e+01 3.204023000000000110e+01 7.166599999999999637e-01 -9.907000000000000528e-02
8.300000000000018190e+02 3.210000000000000142e+01 3.188983999999999952e+01 3.026339999999999808e+00 -8.974000000000000032e-02
8.399999999999998863e+02 3.210999999999999943e+01 3.191236999999999924e+01 2.845819999999999794e+00 -6.253000000000000225e-02
8.499999999999978400e+02 3.211999999999999744e+01 3.210271999999999792e+01 2.488299999999999956e-01 -4.250000000000000305e-02
8.600000000000029559e+02 3.213000000000000256e+01 3.207298999999999722e+01 8.209600000000000231e-01 -2.937999999999999987e-02
8.700000000000010232e+02 3.214000000000000057e+01 3.194014999999999915e+01 2.877909999999999968e+00 -8.500000000000000611e-03
8.799999999999989768e+02 3.214999999999999858e+01 3.196345000000000169e+01 2.686350000000000016e+00 7.270000000000000420e-03
8.899999999999970441e+02 3.215999999999999659e+01 3.228115999999999985e+01 -1.744720000000000049e+00 1.332999999999999984e-02
9.000000000000021600e+02 3.217000000000000171e+01 3.220730999999999966e+01 -5.372500000000000053e-01 1.868999999999999828e-02
9.100000000000001137e+02 3.217999999999999972e+01 3.200735999999999848e+01 2.485970000000000013e+00 2.745999999999999830e-02
9.199999999999981810e+02 3.218999999999999773e+01 3.210575000000000045e+01 1.213170000000000082e+00 3.728999999999999676e-02
9.300000000000032969e+02 3.220000000000000284e+01 3.193959999999999866e+01 3.749810000000000088e+00 6.201999999999999874e-02
9.400000000000012506e+02 3.221000000000000085e+01 3.193629999999999924e+01 3.941279999999999895e+00 1.057400000000000007e-01
9.499999999999993179e+02 3.221999999999999886e+01 3.200404999999999944e+01 3.109620000000000051e+00 1.316100000000000048e-01
9.599999999999972715e+02 3.222999999999999687e+01 3.202069000000000187e+01 3.013990000000000169e+00 1.754100000000000104e-01
9.700000000000023874e+02 3.224000000000000199e+01 3.214052999999999827e+01 1.432420000000000027e+00 1.950000000000000067e-01
9.800000000000004547e+02 3.225000000000000000e+01 3.191441000000000017e+01 4.832530000000000214e+00 2.047299999999999953e-01
9.899999999999984084e+02 3.225999999999999801e+01 3.201953000000000316e+01 3.462699999999999889e+00 2.266700000000000104e-01
1.000000000000003524e+03 3.227000000000000313e+01 3.217152999999999707e+01 1.417910000000000004e+00 2.266700000000000104e-01
1.010000000000001592e+03 3.228000000000000114e+01 3.202714999999999890e+01 3.641080000000000094e+00 2.558300000000000018e-01
1.019999999999999545e+03 3.228999999999999915e+01 3.214674999999999727e+01 2.062819999999999876e+00 2.803900000000000281e-01
1.029999999999997499e+03 3.229999999999999716e+01 3.223187000000000069e+01 9.810600000000000431e-01 2.966000000000000303e-01
1.040000000000002728e+03 3.231000000000000227e+01 3.246218999999999966e+01 -2.191559999999999953e+00 2.863999999999999879e-01
1.050000000000000682e+03 3.232000000000000028e+01 3.210159000000000162e+01 3.145099999999999785e+00 2.914800000000000169e-01
1.059999999999998636e+03 3.232999999999999829e+01 3.228990000000000293e+01 5.774799999999999933e-01 3.036800000000000055e-01
1.070000000000003865e+03 3.234000000000000341e+01 3.239394000000000062e+01 -7.767300000000000315e-01 3.127100000000000435e-01
1.080000000000001819e+03 3.235000000000000142e+01 3.229323999999999728e+01 8.173099999999999810e-01 3.168900000000000050e-01
1.089999999999999773e+03 3.235999999999999943e+01 3.212780999999999665e+01 3.343469999999999942e+00 3.309900000000000064e-01
1.099999999999997954e+03 3.236999999999999744e+01 3.235983000000000231e+01 1.464799999999999991e-01 3.484300000000000175e-01
1.110000000000002956e+03 3.238000000000000256e+01 3.247466000000000008e+01 -1.363129999999999953e+00 3.516200000000000436e-01
1.120000000000000909e+03 3.239000000000000057e+01 3.235307000000000244e+01 5.317199999999999704e-01 3.479599999999999915e-01
1.129999999999999091e+03 3.239999999999999858e+01 3.224443999999999733e+01 2.240019999999999900e+00 3.471600000000000241e-01
1.139999999999997044e+03 3.240999999999999659e+01 3.232254999999999967e+01 1.259339999999999904e+00 3.672800000000000509e-01
1.150000000000002046e+03 3.242000000000000171e+01 3.241620999999999952e+01 5.449999999999999983e-02 3.628000000000000114e-01
1.160000000000000227e+03 3.242999999999999972e+01 3.255837999999999965e+01 -1.848670000000000035e+00 3.661800000000000055e-01
1.169999999999998181e+03 3.243999999999999773e+01 3.262780999999999665e+01 -2.704530000000000101e+00 3.446000000000000174e-01
1.180000000000003183e+03 3.245000000000000284e+01 3.255183000000000249e+01 -1.466369999999999951e+00 3.426100000000000256e-01
1.190000000000001364e+03 3.246000000000000085e+01 3.262810999999999950e+01 -2.420770000000000088e+00 3.161700000000000066e-01
1.199999999999999318e+03 3.246999999999999886e+01 3.238676000000000244e+01 1.198730000000000073e+00 3.056600000000000428e-01
1.209999999999997272e+03 3.247999999999999687e+01 3.261216000000000292e+01 -1.903049999999999908e+00 3.048600000000000199e-01
1.220000000000002501e+03 3.249000000000000199e+01 3.239213999999999771e+01 1.409210000000000074e+00 3.048199999999999799e-01
1.230000000000000455e+03 3.250000000000000000e+01 3.240950999999999738e+01 1.303010000000000002e+00 3.171800000000000175e-01
1.239999999999998408e+03 3.250999999999999801e+01 3.243021000000000242e+01 1.148970000000000047e+00 3.364900000000000113e-01
1.250000000000003638e+03 3.252000000000000313e+01 3.256313000000000102e+01 -6.211299999999999599e-01 3.495199999999999974e-01
1.260000000000001592e+03 3.253000000000000114e+01 3.234796000000000049e+01 2.621319999999999872e+00 3.718799999999999883e-01
1.269999999999999545e+03 3.253999999999999915e+01 3.236561999999999983e+01 2.511050000000000004e+00 4.017399999999999860e-01
1.279999999999997499e+03 3.254999999999999716e+01 3.234456000000000131e+01 2.958359999999999879e+00 4.219399999999999817e-01
1.290000000000002728e+03 3.256000000000000227e+01 3.243493000000000137e+01 1.800990000000000091e+00 4.517700000000000049e-01
1.300000000000000682e+03 3.257000000000000028e+01 3.257911000000000001e+01 -1.312399999999999956e-01 4.553200000000000025e-01
1.309999999999998636e+03 3.257999999999999829e+01 3.237915000000000276e+01 2.892209999999999948e+00 4.794199999999999573e-01
1.320000000000003865e+03 3.259000000000000341e+01 3.250679000000000229e+01 1.198199999999999932e+00 5.030200000000000227e-01
1.330000000000001819e+03 3.260000000000000142e+01 3.231062000000000012e+01 4.167049999999999699e+00 5.293799999999999617e-01
1.339999999999999773e+03 3.260999999999999943e+01 3.219608000000000203e+01 5.960510000000000197e+00 5.825500000000000123e-01
1.349999999999997954e+03 3.261999999999999744e+01 3.251442999999999728e+01 1.520280000000000076e+00 6.352100000000000524e-01
1.360000000000002956e+03 3.263000000000000256e+01 3.253105999999999653e+01 1.424719999999999986e+00 6.550700000000000411e-01
1.370000000000000909e+03 3.264000000000000057e+01 3.253372999999999848e+01 1.530359999999999943e+00 6.732500000000000151e-01
1.379999999999998863e+03 3.264999999999999858e+01 3.250482999999999834e+01 2.090479999999999894e+00 6.939499999999999558e-01
1.389999999999997044e+03 3.265999999999999659e+01 3.273156000000000176e+01 -1.030459999999999932e+00 7.030399999999999983e-01
1.400000000000002046e+03 3.267000000000000171e+01 3.235179000000000116e+01 4.582180000000000142e+00 7.257299999999999862e-01
1.410000000000000000e+03 3.267999999999999972e+01 3.246227999999999980e+01 3.135099999999999998e+00 7.536400000000000876e-01
1.419999999999998181e+03 3.268999999999999773e+01 3.261164999999999736e+01 1.128179999999999961e+00 7.858300000000000285e-01
1.430000000000003183e+03 3.270000000000000284e+01 3.254688999999999766e+01 2.204829999999999846e+00 8.032900000000000595e-01
1.440000000000001137e+03 3.271000000000000085e+01 3.256170999999999793e+01 2.135320000000000107e+00 8.368400000000000283e-01
1.449999999999999318e+03 3.271999999999999886e+01 3.235253999999999763e+01 5.291409999999999947e+00 8.761200000000000099e-01
1.459999999999997272e+03 3.272999999999999687e+01 3.245394000000000290e+01 3.975270000000000081e+00 9.266600000000000392e-01
1.470000000000002274e+03 3.274000000000000199e+01 3.249756000000000000e+01 3.491070000000000118e+00 9.495800000000000907e-01
1.480000000000000455e+03 3.275000000000000000e+01 3.255031999999999925e+01 2.875340000000000007e+00 9.818100000000000716e-01
1.489999999999998408e+03 3.275999999999999801e+01 3.263362000000000052e+01 1.819919999999999982e+00 1.013979999999999881e+00
1.500000000000003411e+03 3.277000000000000313e+01 3.257753000000000299e+01 2.771510000000000140e+00 1.040680000000000049e+00
1.510000000000001592e+03 3.278000000000000114e+01 3.240362999999999971e+01 5.419769999999999754e+00 1.086840000000000028e+00
1.519999999999999545e+03 3.278999999999999915e+01 3.244682999999999851e+01 4.941690000000000360e+00 1.139920000000000044e+00
1.529999999999997499e+03 3.279999999999999716e+01 3.259908000000000072e+01 2.893310000000000048e+00 1.188679999999999959e+00
1.540000000000002728e+03 3.281000000000000227e+01 3.240695999999999799e+01 5.803709999999999702e+00 1.238599999999999923e+00
1.550000000000000682e+03 3.282000000000000028e+01 3.259331999999999852e+01 3.264139999999999819e+00 1.275830000000000020e+00
1.559999999999998636e+03 3.282999999999999829e+01 3.246542999999999779e+01 5.249839999999999840e+00 1.306130000000000013e+00
1.570000000000003865e+03 3.284000000000000341e+01 3.259000999999999948e+01 3.599790000000000045e+00 1.343689999999999829e+00
1.580000000000001819e+03 3.285000000000000142e+01 3.252179999999999893e+01 4.726130000000000386e+00 1.381920000000000037e+00
1.589999999999999773e+03 3.285999999999999943e+01 3.243874999999999886e+01 6.066049999999999720e+00 1.440149999999999819e+00
1.599999999999997726e+03 3.286999999999999744e+01 3.237496000000000151e+01 7.128599999999999604e+00 1.506279999999999841e+00
1.610000000000002956e+03 3.288000000000000256e+01 3.250643000000000171e+01 5.379349999999999632e+00 1.574919999999999876e+00
1.620000000000000909e+03 3.289000000000000057e+01 3.240361000000000047e+01 7.003960000000000186e+00 1.635449999999999848e+00
1.629999999999998863e+03 3.289999999999999858e+01 3.247576999999999714e+01 6.108880000000000088e+00 1.694459999999999855e+00
1.639999999999997044e+03 3.290999999999999659e+01 3.234040000000000248e+01 8.202189999999999870e+00 1.759859999999999980e+00
1.650000000000002046e+03 3.292000000000000171e+01 3.266805000000000092e+01 3.628049999999999997e+00 1.822259999999999991e+00
1.660000000000000000e+03 3.292999999999999972e+01 3.250455999999999790e+01 6.126380000000000159e+00 1.869070000000000009e+00
1.669999999999998181e+03 3.293999999999999773e+01 3.262082999999999799e+01 4.596090000000000231e+00 1.920239999999999947e+00
1.680000000000003183e+03 3.295000000000000284e+01 3.291062999999999761e+01 5.668600000000000305e-01 1.967049999999999965e+00
1.690000000000001137e+03 3.296000000000000085e+01 3.296502999999999872e+01 -7.241999999999999826e-02 1.974609999999999976e+00
1.699999999999999318e+03 3.296999999999999886e+01 3.291295999999999822e+01 8.213300000000000045e-01 1.968459999999999877e+00
1.709999999999997272e+03 3.297999999999999687e+01 3.301192999999999955e+01 -4.597800000000000220e-01 1.980489999999999862e+00
1.720000000000002274e+03 3.299000000000000199e+01 3.277960000000000207e+01 3.029760000000000009e+00 1.995829999999999993e+00
1.730000000000000455e+03 3.300000000000000000e+01 3.286912999999999840e+01 1.884579999999999922e+00 2.016420000000000101e+00
1.739999999999998408e+03 3.300999999999999801e+01 3.254249999999999687e+01 6.731989999999999696e+00 2.053869999999999862e+00
1.750000000000003411e+03 3.302000000000000313e+01 3.271114000000000033e+01 4.447540000000000049e+00 2.123549999999999827e+00
1.760000000000001592e+03 3.303000000000000114e+01 3.258080999999999960e+01 6.468399999999999928e+00 2.192029999999999923e+00
1.769999999999999545e+03 3.303999999999999915e+01 3.274730999999999881e+01 4.214800000000000324e+00 2.218529999999999891e+00
1.779999999999997499e+03 3.304999999999999716e+01 3.262946999999999775e+01 6.055659999999999599e+00 2.270589999999999886e+00
1.790000000000002728e+03 3.306000000000000227e+01 3.301751999999999754e+01 6.117299999999999960e-01 2.303030000000000133e+00
1.800000000000000682e+03 3.307000000000000028e+01 3.295541999999999661e+01 1.649920000000000053e+00 2.310540000000000038e+00
1.809999999999998636e+03 3.307999999999999829e+01 3.286955999999999989e+01 3.030400000000000205e+00 2.326789999999999914e+00
1.820000000000003865e+03 3.309000000000000341e+01 3.272171000000000163e+01 5.303309999999999746e+00 2.366509999999999891e+00
1.830000000000001819e+03 3.310000000000000142e+01 3.262530999999999892e+01 6.835560000000000080e+00 2.442219999999999835e+00
1.839999999999999773e+03 3.310999999999999943e+01 3.246459999999999724e+01 9.293730000000000047e+00 2.518250000000000099e+00
1.849999999999997726e+03 3.311999999999999744e+01 3.254807000000000272e+01 8.235860000000000625e+00 2.613319999999999865e+00
1.860000000000002956e+03 3.313000000000000256e+01 3.246128000000000213e+01 9.629630000000000578e+00 2.705670000000000019e+00
1.870000000000000909e+03 3.314000000000000057e+01 3.237530000000000285e+01 1.101168000000000013e+01 2.799239999999999728e+00
1.879999999999998863e+03 3.314999999999999858e+01 3.276977000000000118e+01 5.475270000000000081e+00 2.894699999999999829e+00
1.889999999999997044e+03 3.315999999999999659e+01 3.276827000000000112e+01 5.640900000000000247e+00 2.944039999999999768e+00
1.900000000000002046e+03 3.317000000000000171e+01 3.299985000000000213e+01 2.450169999999999959e+00 2.988029999999999742e+00
1.910000000000000000e+03 3.317999999999999972e+01 3.289865000000000350e+01 4.051440000000000374e+00 3.014990000000000059e+00
1.919999999999998181e+03 3.318999999999999773e+01 3.282482999999999862e+01 5.258409999999999584e+00 3.071190000000000087e+00
1.930000000000003183e+03 3.320000000000000284e+01 3.285316999999999865e+01 4.994410000000000238e+00 3.120029999999999859e+00
1.940000000000001137e+03 3.321000000000000085e+01 3.298476999999999748e+01 3.243320000000000203e+00 3.171459999999999724e+00
1.949999999999999318e+03 3.321999999999999886e+01 3.273051999999999850e+01 7.048549999999999649e+00 3.232829999999999870e+00
1.959999999999997272e+03 3.322999999999999687e+01 3.282885000000000275e+01 5.776580000000000048e+00 3.301609999999999712e+00
1.970000000000002274e+03 3.324000000000000199e+01 3.252673000000000059e+01 1.027106999999999992e+01 3.388160000000000061e+00
1.980000000000000455e+03 3.325000000000000000e+01 3.246650999999999954e+01 1.128231000000000073e+01 3.477729999999999766e+00
1.989999999999998408e+03 3.325999999999999801e+01 3.260300000000000153e+01 9.460839999999999250e+00 3.572550000000000114e+00
2.000000000000003411e+03 3.327000000000000313e+01 3.277165000000000106e+01 7.176260000000000083e+00 3.572550000000000114e+00
2.010000000000001592e+03 3.328000000000000114e+01 3.295073000000000008e+01 4.741489999999999760e+00 3.633550000000000058e+00
2.019999999999999545e+03 3.328999999999999915e+01 3.298940999999999946e+01 4.328470000000000262e+00 3.672400000000000109e+00
2.029999999999997499e+03 3.329999999999999716e+01 3.321656999999999726e+01 1.201349999999999918e+00 3.710809999999999942e+00
2.040000000000002728e+03 3.331000000000000227e+01 3.283919999999999817e+01 6.779550000000000409e+00 3.762999999999999901e+00
2.050000000000000455e+03 3.332000000000000028e+01 3.264175000000000182e+01 9.766790000000000305e+00 3.842850000000000321e+00
2.059999999999998636e+03 3.332999999999999829e+01 3.284505999999999659e+01 6.983200000000000074e+00 3.924420000000000019e+00
2.070000000000003638e+03 3.334000000000000341e+01 3.313353000000000037e+01 2.973219999999999974e+00 3.975170000000000314e+00
2.080000000000001819e+03 3.335000000000000142e+01 3.297601000000000226e+01 5.385480000000000267e+00 4.016919999999999824e+00
2.090000000000000000e+03 3.335999999999999943e+01 3.279941000000000173e+01 8.072530000000000427e+00 4.093210000000000015e+00
2.099999999999997726e+03 3.336999999999999744e+01 3.288062000000000040e+01 7.047069999999999723e+00 4.162700000000000067e+00
2.110000000000002728e+03 3.338000000000000256e+01 3.273604999999999876e+01 9.272830000000000794e+00 4.237339999999999662e+00
2.120000000000000909e+03 3.339000000000000057e+01 3.281371000000000038e+01 8.298560000000000159e+00 4.316530000000000200e+00
2.129999999999999091e+03 3.339999999999999858e+01 3.314356999999999687e+01 3.692600000000000104e+00 4.376050000000000217e+00
2.139999999999996817e+03 3.340999999999999659e+01 3.286805999999999983e+01 7.803980000000000139e+00 4.437020000000000408e+00
2.150000000000002274e+03 3.342000000000000171e+01 3.327571999999999974e+01 2.077659999999999840e+00 4.482809999999999739e+00
2.160000000000000000e+03 3.342999999999999972e+01 3.318623999999999796e+01 3.510089999999999932e+00 4.523369999999999891e+00
2.169999999999998181e+03 3.343999999999999773e+01 3.311303999999999803e+01 4.708239999999999981e+00 4.568260000000000431e+00
2.180000000000003183e+03 3.345000000000000284e+01 3.305194999999999794e+01 5.731849999999999667e+00 4.623789999999999623e+00
2.190000000000001364e+03 3.346000000000000085e+01 3.300012000000000256e+01 6.622230000000000061e+00 4.692660000000000053e+00
2.199999999999999091e+03 3.346999999999999886e+01 3.293014000000000152e+01 7.773979999999999890e+00 4.770749999999999602e+00
2.209999999999997272e+03 3.347999999999999687e+01 3.291718000000000188e+01 8.104589999999999961e+00 4.852389999999999759e+00
2.220000000000002274e+03 3.349000000000000199e+01 3.285374999999999801e+01 9.161979999999999791e+00 4.931810000000000471e+00
2.230000000000000455e+03 3.350000000000000000e+01 3.301353000000000293e+01 7.005200000000000315e+00 5.007719999999999949e+00
2.239999999999998181e+03 3.350999999999999801e+01 3.295931999999999817e+01 7.929789999999999672e+00 5.081010000000000026e+00
2.250000000000003638e+03 3.352000000000000313e+01 3.290198000000000178e+01 8.899430000000000618e+00 5.156259999999999621e+00
2.260000000000001364e+03 3.353000000000000114e+01 3.327293000000000234e+01 3.701750000000000096e+00 5.221300000000000274e+00
2.269999999999999545e+03 3.353999999999999915e+01 3.326487999999999801e+01 3.961759999999999948e+00 5.270190000000000374e+00
2.279999999999997726e+03 3.354999999999999716e+01 3.316812999999999789e+01 5.498929999999999652e+00 5.327950000000000408e+00
2.290000000000002728e+03 3.356000000000000227e+01 3.337875999999999976e+01 2.609849999999999781e+00 5.360079999999999956e+00
2.300000000000000455e+03 3.357000000000000028e+01 3.329379999999999740e+01 3.977339999999999876e+00 5.403039999999999843e+00
2.309999999999998636e+03 3.357999999999999829e+01 3.315044000000000324e+01 6.185719999999999885e+00 5.454069999999999752e+00
2.320000000000003638e+03 3.359000000000000341e+01 3.327335000000000065e+01 4.559700000000000308e+00 5.511969999999999814e+00
2.330000000000001819e+03 3.360000000000000142e+01 3.337971999999999895e+01 3.172010000000000218e+00 5.554420000000000357e+00
2.340000000000000000e+03 3.360999999999999943e+01 3.352018000000000342e+01 1.293369999999999909e+00 5.565080000000000027e+00
2.349999999999997726e+03 3.361999999999999744e+01 3.343341999999999814e+01 2.686710000000000154e+00 5.595790000000000042e+00
2.360000000000002728e+03 3.363000000000000256e+01 3.345617000000000019e+01 2.503159999999999830e+00 5.614670000000000272e+00
2.370000000000000909e+03 3.364000000000000057e+01 3.349949999999999761e+01 2.023219999999999796e+00 5.648719999999999963e+00
2.379999999999999091e+03 3.364999999999999858e+01 3.346985999999999706e+01 2.593999999999999861e+00 5.674949999999999939e+00
2.389999999999996817e+03 3.365999999999999659e+01 3.330100000000000193e+01 5.169570000000000221e+00 5.721460000000000434e+00
2.400000000000002274e+03 3.367000000000000171e+01 3.338519999999999754e+01 4.101180000000000270e+00 5.766650000000000276e+00
2.410000000000000000e+03 3.367999999999999972e+01 3.339862999999999715e+01 4.051759999999999806e+00 5.814849999999999852e+00
2.419999999999998181e+03 3.368999999999999773e+01 3.351068999999999676e+01 2.582120000000000193e+00 5.844860000000000610e+00
2.430000000000003183e+03 3.370000000000000284e+01 3.326088000000000022e+01 6.323299999999999699e+00 5.902260000000000062e+00
2.440000000000001364e+03 3.371000000000000085e+01 3.364654000000000167e+01 9.137600000000000167e-01 5.957050000000000622e+00
2.449999999999999091e+03 3.371999999999999886e+01 3.340196999999999861e+01 4.579609999999999737e+00 5.985820000000000363e+00
2.459999999999997272e+03 3.372999999999999687e+01 3.350403000000000020e+01 3.253989999999999938e+00 6.034130000000000216e+00
2.470000000000002274e+03 3.374000000000000199e+01 3.367811999999999983e+01 8.910599999999999632e-01 6.051299999999999457e+00
2.480000000000000455e+03 3.375000000000000000e+01 3.366667000000000343e+01 1.199899999999999967e+00 6.062860000000000582e+00
2.489999999999998181e+03 3.375999999999999801e+01 3.369212000000000273e+01 9.774399999999999755e-01 6.074870000000000658e+00
2.500000000000003638e+03 3.377000000000000313e+01 3.356018000000000256e+01 3.021430000000000060e+00 6.091499999999999915e+00
2.510000000000001364e+03 3.378000000000000114e+01 3.375352999999999781e+01 3.811599999999999988e-01 6.115140000000000242e+00
2.519999999999999545e+03 3.378999999999999915e+01 3.364108999999999838e+01 2.144260000000000055e+00 6.118120000000000225e+00
2.529999999999997726e+03 3.379999999999999716e+01 3.354081000000000046e+01 3.732369999999999965e+00 6.149969999999999715e+00
2.540000000000002728e+03 3.381000000000000227e+01 3.356954000000000349e+01 3.462590000000000057e+00 6.183580000000000076e+00
2.550000000000000455e+03 3.382000000000000028e+01 3.366698999999999842e+01 2.203339999999999854e+00 6.209540000000000504e+00
2.559999999999998636e+03 3.382999999999999829e+01 3.358541999999999916e+01 3.521900000000000031e+00 6.236810000000000187e+00
2.570000000000003638e+03 3.384000000000000341e+01 3.355120000000000147e+01 4.158780000000000143e+00 6.274900000000000588e+00
2.580000000000001819e+03 3.385000000000000142e+01 3.377732999999999919e+01 1.046429999999999971e+00 6.310489999999999711e+00
2.590000000000000000e+03 3.385999999999999943e+01 3.374157999999999902e+01 1.705240000000000089e+00 6.334900000000000198e+00
2.599999999999997726e+03 3.386999999999999744e+01 3.394389999999999930e+01 -1.064210000000000100e+00 6.343890000000000029e+00
2.610000000000002728e+03 3.388000000000000256e+01 3.379955000000000354e+01 1.158449999999999980e+00 6.362099999999999866e+00
2.620000000000000909e+03 3.389000000000000057e+01 3.373676999999999992e+01 2.206550000000000011e+00 6.389170000000000016e+00
2.629999999999999091e+03 3.389999999999999858e+01 3.376003999999999650e+01 2.015379999999999949e+00 6.412729999999999819e+00
2.639999999999996817e+03 3.390999999999999659e+01 3.352669000000000210e+01 5.519639999999999880e+00 6.445560000000000400e+00
2.650000000000002274e+03 3.392000000000000171e+01 3.383310000000000173e+01 1.251319999999999988e+00 6.479800000000000004e+00
2.660000000000000000e+03 3.392999999999999972e+01 3.371009999999999707e+01 3.166589999999999794e+00 6.518250000000000099e+00
2.669999999999998181e+03 3.393999999999999773e+01 3.360766000000000275e+01 4.785709999999999908e+00 6.562129999999999797e+00
2.680000000000003183e+03 3.395000000000000284e+01 3.373331000000000301e+01 3.120369999999999866e+00 6.607789999999999608e+00
2.690000000000001364e+03 3.396000000000000085e+01 3.369968000000000075e+01 3.748549999999999827e+00 6.645100000000000229e+00
2.699999999999999091e+03 3.396999999999999886e+01 3.381830999999999676e+01 2.184330000000000105e+00 6.672570000000000334e+00
2.709999999999997272e+03 3.397999999999999687e+01 3.393061000000000149e+01 7.112199999999999633e-01 6.689230000000000231e+00
2.720000000000002274e+03 3.399000000000000199e+01 3.407283999999999935e+01 -1.192849999999999966e+00 6.671250000000000568e+00
2.730000000000000455e+03 3.400000000000000000e+01 3.422520999999999702e+01 -3.243030000000000079e+00 6.649750000000000050e+00
2.739999999999998181e+03 3.400999999999999801e+01 3.415187999999999846e+01 -2.043109999999999982e+00 6.633650000000000269e+00
2.750000000000003638e+03 3.402000000000000313e+01 3.420756999999999692e+01 -2.701029999999999820e+00 6.614729999999999777e+00
2.760000000000001364e+03 3.403000000000000114e+01 3.403153999999999968e+01 -2.222999999999999976e-02 6.599890000000000256e+00
2.769999999999999545e+03 3.403999999999999915e+01 3.386845000000000283e+01 2.470250000000000057e+00 6.597220000000000084e+00
2.779999999999997726e+03 3.404999999999999716e+01 3.415373000000000303e+01 -1.493730000000000002e+00 6.600970000000000226e+00
2.790000000000002728e+03 3.406000000000000227e+01 3.406672999999999973e+01 -9.697999999999999676e-02 6.587159999999999904e+00
2.800000000000000455e+03 3.407000000000000028e+01 3.392201000000000022e+01 2.131069999999999798e+00 6.603130000000000166e+00
2.809999999999998636e+03 3.407999999999999829e+01 3.394973999999999847e+01 1.875680000000000014e+00 6.618290000000000006e+00
2.820000000000003638e+03 3.409000000000000341e+01 3.422095999999999805e+01 -1.885809999999999986e+00 6.636560000000000237e+00
2.830000000000001819e+03 3.410000000000000142e+01 3.407815999999999690e+01 3.144500000000000073e-01 6.619690000000000296e+00
2.840000000000000000e+03 3.410999999999999943e+01 3.414267999999999859e+01 -4.706299999999999928e-01 6.612470000000000070e+00
2.849999999999997726e+03 3.411999999999999744e+01 3.428437000000000268e+01 -2.366999999999999993e+00 6.589949999999999974e+00
2.860000000000002728e+03 3.413000000000000256e+01 3.406725999999999743e+01 9.034400000000000208e-01 6.593569999999999709e+00
2.870000000000000909e+03 3.414000000000000057e+01 3.399577000000000027e+01 2.076869999999999994e+00 6.604750000000000121e+00
2.879999999999999091e+03 3.414999999999999858e+01 3.390209999999999724e+01 3.569739999999999913e+00 6.616999999999999993e+00
2.889999999999996817e+03 3.415999999999999659e+01 3.386229000000000156e+01 4.287040000000000184e+00 6.656290000000000262e+00
2.900000000000002274e+03 3.417000000000000171e+01 3.379057999999999851e+01 5.463610000000000078e+00 6.707060000000000244e+00
2.910000000000000000e+03 3.417999999999999972e+01 3.393104999999999905e+01 3.584880000000000067e+00 6.749220000000000219e+00
2.919999999999998181e+03 3.418999999999999773e+01 3.414424999999999955e+01 6.587399999999999922e-01 6.774729999999999919e+00
2.930000000000003183e+03 3.420000000000000284e+01 3.418464000000000169e+01 2.211400000000000032e-01 6.781550000000000189e+00
2.940000000000001364e+03 3.421000000000000085e+01 3.412903000000000020e+01 1.165920000000000067e+00 6.804410000000000736e+00
2.949999999999999091e+03 3.421999999999999886e+01 3.384541000000000111e+01 5.394059999999999633e+00 6.819380000000000663e+00
2.959999999999997272e+03 3.422999999999999687e+01 3.388987000000000194e+01 4.897829999999999906e+00 6.871489999999999654e+00
2.970000000000002274e+03 3.424000000000000199e+01 3.392477999999999838e+01 4.539109999999999978e+00 6.919370000000000687e+00
2.980000000000000455e+03 3.425000000000000000e+01 3.386988000000000198e+01 5.473690000000000389e+00 6.976980000000000182e+00
2.989999999999998181e+03 3.425999999999999801e+01 3.392750000000000199e+01 4.788039999999999630e+00 7.029860000000000220e+00
3.000000000000003638e+03 3.427000000000000313e+01 3.407216999999999985e+01 2.848700000000000010e+00 7.029860000000000220e+00
3.010000000000001364e+03 3.428000000000000114e+01 3.404829999999999757e+01 3.336530000000000218e+00 7.063320000000000043e+00
3.019999999999999545e+03 3.428999999999999915e+01 3.430863999999999692e+01 -2.683499999999999774e-01 7.069609999999999950e+00
3.029999999999997726e+03 3.429999999999999716e+01 3.445123000000000246e+01 -2.177690000000000126e+00 7.049059999999999881e+00
3.040000000000002728e+03 3.431000000000000227e+01 3.422943000000000069e+01 1.160150000000000015e+00 7.038499999999999979e+00
3.050000000000000455e+03 3.432000000000000028e+01 3.417493999999999943e+01 2.088870000000000005e+00 7.052050000000000374e+00
3.059999999999998636e+03 3.432999999999999829e+01 3.424054999999999893e+01 1.288089999999999957e+00 7.075569999999999915e+00
3.070000000000003638e+03 3.434000000000000341e+01 3.434691000000000116e+01 -9.950000000000000511e-02 7.076389999999999958e+00
3.080000000000001819e+03 3.435000000000000142e+01 3.417358999999999725e+01 2.540270000000000028e+00 7.077350000000000030e+00
3.090000000000000000e+03 3.435999999999999943e+01 3.419883000000000095e+01 2.320829999999999949e+00 7.091980000000000395e+00
3.099999999999997726e+03 3.436999999999999744e+01 3.416114000000000317e+01 3.007589999999999986e+00 7.111100000000000421e+00
3.110000000000002728e+03 3.438000000000000256e+01 3.433274000000000115e+01 6.804900000000000393e-01 7.130160000000000053e+00
3.120000000000000909e+03 3.439000000000000057e+01 3.431593999999999767e+01 1.066519999999999913e+00 7.149540000000000006e+00
3.129999999999999091e+03 3.439999999999999858e+01 3.425303000000000253e+01 2.116420000000000190e+00 7.173099999999999810e+00
3.139999999999996817e+03 3.440999999999999659e+01 3.409886000000000195e+01 4.480480000000000018e+00 7.200280000000000236e+00
3.150000000000002274e+03 3.442000000000000171e+01 3.423532999999999760e+01 2.659240000000000048e+00 7.228790000000000049e+00
3.160000000000000000e+03 3.442999999999999972e+01 3.413703000000000287e+01 4.218700000000000117e+00 7.253790000000000404e+00
3.169999999999998181e+03 3.443999999999999773e+01 3.426324000000000325e+01 2.545370000000000132e+00 7.295150000000000468e+00
3.180000000000003183e+03 3.445000000000000284e+01 3.433306000000000324e+01 1.683980000000000032e+00 7.309540000000000148e+00
3.190000000000001364e+03 3.446000000000000085e+01 3.436120999999999981e+01 1.422509999999999941e+00 7.317210000000000214e+00
3.199999999999999091e+03 3.446999999999999886e+01 3.415144999999999698e+01 4.587139999999999773e+00 7.363269999999999982e+00
3.209999999999997272e+03 3.447999999999999687e+01 3.457712999999999681e+01 -1.398679999999999923e+00 7.370659999999999989e+00
3.220000000000002274e+03 3.449000000000000199e+01 3.425345000000000084e+01 3.406289999999999818e+00 7.386589999999999989e+00
3.230000000000000455e+03 3.450000000000000000e+01 3.430335999999999785e+01 2.831630000000000091e+00 7.426670000000000549e+00
3.239999999999998181e+03 3.450999999999999801e+01 3.417240000000000322e+01 4.861430000000000362e+00 7.454100000000000392e+00
3.250000000000003638e+03 3.452000000000000313e+01 3.439909999999999712e+01 1.740909999999999958e+00 7.475660000000000416e+00
3.260000000000001364e+03 3.453000000000000114e+01 3.444355000000000189e+01 1.244850000000000012e+00 7.502000000000000668e+00
3.269999999999999545e+03 3.453999999999999915e+01 3.450657999999999959e+01 4.812699999999999756e-01 7.504979999999999762e+00
3.279999999999997726e+03 3.454999999999999716e+01 3.452533999999999992e+01 3.551500000000000212e-01 7.529740000000000322e+00
3.290000000000002728e+03 3.456000000000000227e+01 3.447981999999999658e+01 1.154649999999999954e+00 7.543860000000000454e+00
3.300000000000000455e+03 3.457000000000000028e+01 3.426876000000000033e+01 4.337869999999999671e+00 7.572960000000000136e+00
3.309999999999998636e+03 3.457999999999999829e+01 3.447547999999999746e+01 1.505030000000000090e+00 7.604260000000000019e+00
3.320000000000003638e+03 3.459000000000000341e+01 3.477174999999999727e+01 -2.617189999999999905e+00 7.606519999999999726e+00
3.330000000000001819e+03 3.460000000000000142e+01 3.449481999999999715e+01 1.514620000000000077e+00 7.614679999999999893e+00
3.340000000000000000e+03 3.460999999999999943e+01 3.439797000000000082e+01 3.053220000000000045e+00 7.626929999999999765e+00
3.349999999999997726e+03 3.461999999999999744e+01 3.455324000000000240e+01 9.613099999999999978e-01 7.637970000000000148e+00
3.360000000000002728e+03 3.463000000000000256e+01 3.446688999999999936e+01 2.348780000000000090e+00 7.662080000000000446e+00
3.370000000000000909e+03 3.464000000000000057e+01 3.445806999999999931e+01 2.619819999999999816e+00 7.669970000000000176e+00
3.379999999999999091e+03 3.464999999999999858e+01 3.442571999999999832e+01 3.229670000000000041e+00 7.690470000000000361e+00
3.389999999999996817e+03 3.465999999999999659e+01 3.444769000000000148e+01 3.057199999999999918e+00 7.721820000000000128e+00
3.400000000000002274e+03 3.467000000000000171e+01 3.428038000000000096e+01 5.610570000000000057e+00 7.750290000000000568e+00
3.410000000000000000e+03 3.467999999999999972e+01 3.446956000000000131e+01 3.030289999999999928e+00 7.793680000000000163e+00
3.419999999999998181e+03 3.468999999999999773e+01 3.440688999999999709e+01 4.076780000000000292e+00 7.822049999999999947e+00
3.430000000000003183e+03 3.470000000000000284e+01 3.444100000000000250e+01 3.729540000000000077e+00 7.859320000000000306e+00
3.440000000000001364e+03 3.471000000000000085e+01 3.408962999999999965e+01 8.933350000000000790e+00 7.921260000000000190e+00
3.449999999999999091e+03 3.471999999999999886e+01 3.421652000000000271e+01 7.250090000000000146e+00 8.005530000000000257e+00
3.459999999999997272e+03 3.472999999999999687e+01 3.421847000000000349e+01 7.366089999999999804e+00 8.087469999999999715e+00
3.470000000000002274e+03 3.474000000000000199e+01 3.444129999999999825e+01 4.301300000000000345e+00 8.137740000000000862e+00
3.480000000000000455e+03 3.475000000000000000e+01 3.459951999999999828e+01 2.166970000000000063e+00 8.167690000000000339e+00
3.489999999999998181e+03 3.475999999999999801e+01 3.464598999999999762e+01 1.641680000000000028e+00 8.189970000000000638e+00
3.500000000000003638e+03 3.477000000000000313e+01 3.427288999999999675e+01 7.158330000000000304e+00 8.227719999999999700e+00
3.510000000000001364e+03 3.478000000000000114e+01 3.463794999999999646e+01 2.045560000000000045e+00 8.272140000000000271e+00
3.519999999999999545e+03 3.478999999999999915e+01 3.461368999999999829e+01 2.538819999999999855e+00 8.306900000000000617e+00
3.529999999999997726e+03 3.479999999999999716e+01 3.465950999999999738e+01 2.023010000000000197e+00 8.339819999999999567e+00
3.540000000000002728e+03 3.481000000000000227e+01 3.478790999999999656e+01 3.180700000000000194e-01 8.349730000000000985e+00
3.550000000000000455e+03 3.482000000000000028e+01 3.477311000000000263e+01 6.752799999999999914e-01 8.355790000000000717e+00
3.559999999999998636e+03 3.482999999999999829e+01 3.486840999999999724e+01 -5.530500000000000416e-01 8.338359999999999772e+00
3.570000000000003638e+03 3.484000000000000341e+01 3.477830999999999761e+01 8.883499999999999730e-01 8.329340000000000188e+00
3.580000000000001819e+03 3.485000000000000142e+01 3.477783000000000158e+01 1.039250000000000007e+00 8.341910000000000380e+00
3.590000000000000000e+03 3.485999999999999943e+01 3.476988000000000056e+01 1.297739999999999894e+00 8.353809999999999292e+00
3.599999999999997726e+03 3.486999999999999744e+01 3.482276000000000238e+01 6.802799999999999958e-01 8.355430000000000135e+00
3.610000000000002728e+03 3.488000000000000256e+01 3.471949000000000041e+01 2.311339999999999950e+00 8.371380000000000265e+00
3.620000000000000909e+03 3.489000000000000057e+01 3.466772999999999882e+01 3.200759999999999827e+00 8.408239999999999270e+00
3.629999999999999091e+03 3.489999999999999858e+01 3.454223999999999961e+01 5.151709999999999567e+00 8.441800000000000637e+00
3.639999999999996817e+03 3.490999999999999659e+01 3.482404999999999973e+01 1.237630000000000008e+00 8.481149999999999523e+00
3.650000000000002274e+03 3.492000000000000171e+01 3.449293999999999727e+01 6.149600000000000399e+00 8.511580000000000368e+00
3.660000000000000000e+03 3.492999999999999972e+01 3.473069000000000273e+01 2.870089999999999808e+00 8.564799999999999969e+00
3.669999999999998181e+03 3.493999999999999773e+01 3.441785999999999746e+01 7.518849999999999589e+00 8.607610000000001094e+00
3.680000000000003183e+03 3.495000000000000284e+01 3.447827000000000197e+01 6.792930000000000135e+00 8.681129999999999569e+00
3.690000000000001364e+03 3.496000000000000085e+01 3.446538999999999930e+01 7.122440000000000104e+00 8.759690000000000865e+00
3.699999999999999091e+03 3.496999999999999886e+01 3.455058999999999969e+01 6.039480000000000182e+00 8.826650000000000773e+00
3.709999999999997272e+03 3.497999999999999687e+01 3.475164999999999793e+01 3.288199999999999790e+00 8.877309999999999590e+00
3.720000000000002274e+03 3.499000000000000199e+01 3.461724999999999852e+01 5.367569999999999730e+00 8.925930000000001030e+00
3.730000000000000455e+03 3.500000000000000000e+01 3.468890999999999991e+01 4.479720000000000368e+00 8.980819999999999581e+00
3.739999999999998181e+03 3.500999999999999801e+01 3.489538999999999902e+01 1.650349999999999984e+00 9.015439999999999898e+00
3.750000000000003638e+03 3.502000000000000313e+01 3.509205999999999648e+01 -1.037649999999999961e+00 9.013619999999999521e+00
3.760000000000001364e+03 3.503000000000000114e+01 3.513340000000000174e+01 -1.489020000000000010e+00 9.006890000000000285e+00
3.769999999999999545e+03 3.503999999999999915e+01 3.491094999999999970e+01 1.858379999999999921e+00 9.011300000000000310e+00
3.779999999999997726e+03 3.504999999999999716e+01 3.485640000000000072e+01 2.787900000000000045e+00 9.032530000000001280e+00
3.790000000000002728e+03 3.506000000000000227e+01 3.483879999999999910e+01 3.185309999999999864e+00 9.059699999999999420e+00
3.800000000000000455e+03 3.507000000000000028e+01 3.507636000000000109e+01 -9.160999999999999699e-02 9.076170000000001181e+00
3.809999999999998636e+03 3.507999999999999829e+01 3.516396999999999906e+01 -1.209230000000000027e+00 9.081680000000000419e+00
3.820000000000003638e+03 3.509000000000000341e+01 3.487413000000000096e+01 3.108530000000000015e+00 9.069860000000000255e+00
3.830000000000001819e+03 3.510000000000000142e+01 3.484756000000000142e+01 3.635110000000000063e+00 9.096669999999999590e+00
3.840000000000000000e+03 3.510999999999999943e+01 3.493502000000000152e+01 2.519740000000000091e+00 9.124909999999999854e+00
3.849999999999997726e+03 3.511999999999999744e+01 3.511113000000000284e+01 1.277600000000000124e-01 9.143919999999999604e+00
3.860000000000002728e+03 3.513000000000000256e+01 3.540914999999999679e+01 -4.019790000000000418e+00 9.132319999999999993e+00
3.870000000000000909e+03 3.514000000000000057e+01 3.504925999999999675e+01 1.306589999999999918e+00 9.134180000000000632e+00
3.879999999999999091e+03 3.514999999999999858e+01 3.501910000000000167e+01 1.884949999999999903e+00 9.155979999999999563e+00
3.889999999999996817e+03 3.515999999999999659e+01 3.517401000000000266e+01 -2.017599999999999949e-01 9.162230000000000985e+00
3.900000000000002274e+03 3.517000000000000171e+01 3.508037999999999812e+01 1.290529999999999955e+00 9.170680000000000831e+00
3.910000000000000000e+03 3.517999999999999972e+01 3.515111999999999881e+01 4.158299999999999774e-01 9.178180000000001115e+00
3.919999999999998181e+03 3.518999999999999773e+01 3.539256999999999920e+01 -2.916990000000000194e+00 9.167460000000000164e+00
3.930000000000003183e+03 3.520000000000000284e+01 3.512315999999999860e+01 1.106510000000000105e+00 9.145880000000000010e+00
3.940000000000001364e+03 3.521000000000000085e+01 3.506237000000000137e+01 2.125929999999999875e+00 9.151630000000000820e+00
3.949999999999999091e+03 3.521999999999999886e+01 3.521835000000000093e+01 2.380000000000000171e-02 9.163569999999999993e+00
3.959999999999997272e+03 3.522999999999999687e+01 3.520156000000000063e+01 4.095599999999999796e-01 9.158770000000000522e+00
3.970000000000002274e+03 3.524000000000000199e+01 3.522603000000000151e+01 2.012299999999999922e-01 9.161730000000000373e+00
3.980000000000000455e+03 3.525000000000000000e+01 3.505960999999999927e+01 2.741620000000000168e+00 9.172040000000000859e+00
3.989999999999998181e+03 3.525999999999999801e+01 3.512758999999999787e+01 1.906740000000000101e+00 9.208650000000000446e+00
4.000000000000003638e+03 3.527000000000000313e+01 3.497867000000000104e+01 4.195120000000000182e+00 9.208650000000000446e+00
4.010000000000001364e+03 3.528000000000000114e+01 3.505720999999999776e+01 3.208159999999999901e+00 9.243960000000001287e+00
4.019999999999999545e+03 3.528999999999999915e+01 3.516591999999999985e+01 1.786720000000000086e+00 9.285550000000000637e+00
4.029999999999997726e+03 3.529999999999999716e+01 3.501200999999999652e+01 4.147109999999999630e+00 9.327770000000001005e+00
4.040000000000002728e+03 3.531000000000000227e+01 3.508505999999999858e+01 3.239110000000000156e+00 9.355710000000000193e+00
4.050000000000000455e+03 3.532000000000000028e+01 3.498190000000000310e+01 4.868669999999999831e+00 9.407510000000000261e+00
4.059999999999998636e+03 3.532999999999999829e+01 3.513186999999999927e+01 2.853019999999999889e+00 9.432349999999999568e+00
4.070000000000003638e+03 3.534000000000000341e+01 3.503197000000000116e+01 4.435670000000000002e+00 9.464780000000001081e+00
4.080000000000001819e+03 3.535000000000000142e+01 3.515064000000000277e+01 2.870789999999999953e+00 9.498649999999999594e+00
4.090000000000000000e+03 3.535999999999999943e+01 3.526315000000000310e+01 1.394640000000000102e+00 9.514390000000000569e+00
4.099999999999998181e+03 3.536999999999999744e+01 3.522961999999999705e+01 2.021490000000000009e+00 9.515510000000000801e+00
4.110000000000002728e+03 3.538000000000000256e+01 3.519183999999999912e+01 2.709480000000000111e+00 9.536550000000000082e+00
4.120000000000000909e+03 3.539000000000000057e+01 3.543637999999999977e+01 -6.677999999999999492e-01 9.568190000000001305e+00
4.129999999999999091e+03 3.539999999999999858e+01 3.534111999999999654e+01 8.478799999999999670e-01 9.580070000000000974e+00
4.139999999999997272e+03 3.540999999999999659e+01 3.539092000000000127e+01 2.747399999999999842e-01 9.598080000000001277e+00
4.150000000000001819e+03 3.542000000000000171e+01 3.516413000000000011e+01 3.684579999999999966e+00 9.626850000000001017e+00
4.160000000000000000e+03 3.542999999999999972e+01 3.534541000000000111e+01 1.218069999999999986e+00 9.652169999999999916e+00
4.169999999999998181e+03 3.543999999999999773e+01 3.528403000000000134e+01 2.245960000000000178e+00 9.669590000000001240e+00
4.180000000000002728e+03 3.545000000000000284e+01 3.517907999999999902e+01 3.901279999999999859e+00 9.703290000000000859e+00
4.190000000000000909e+03 3.546000000000000085e+01 3.515666999999999831e+01 4.367910000000000181e+00 9.745860000000000412e+00
4.199999999999999091e+03 3.546999999999999886e+01 3.547144000000000119e+01 -2.078999999999999945e-02 9.766289999999999694e+00
4.209999999999997272e+03 3.547999999999999687e+01 3.530490999999999957e+01 2.521319999999999784e+00 9.777789999999999537e+00
4.220000000000002728e+03 3.549000000000000199e+01 3.520909999999999940e+01 4.045020000000000060e+00 9.800060000000000215e+00
4.230000000000000000e+03 3.550000000000000000e+01 3.540044000000000324e+01 1.433680000000000065e+00 9.809190000000000964e+00
4.239999999999998181e+03 3.550999999999999801e+01 3.535157999999999845e+01 2.281280000000000197e+00 9.820600000000000662e+00
4.250000000000003638e+03 3.552000000000000313e+01 3.541033000000000186e+01 1.579180000000000028e+00 9.837270000000000181e+00
4.260000000000001819e+03 3.553000000000000114e+01 3.544774999999999920e+01 1.184360000000000079e+00 9.869049999999999656e+00
4.269999999999999091e+03 3.553999999999999915e+01 3.522220000000000084e+01 4.576360000000000205e+00 9.898800000000001376e+00
4.279999999999997272e+03 3.554999999999999716e+01 3.523695000000000022e+01 4.507869999999999600e+00 9.934319999999999595e+00
4.290000000000002728e+03 3.556000000000000227e+01 3.506371000000000038e+01 7.146539999999999893e+00 9.995180000000001286e+00
4.300000000000000909e+03 3.557000000000000028e+01 3.519223999999999819e+01 5.439729999999999954e+00 1.006642000000000081e+01
4.309999999999998181e+03 3.557999999999999829e+01 3.519684000000000168e+01 5.517479999999999940e+00 1.012785000000000046e+01
4.320000000000003638e+03 3.559000000000000341e+01 3.513092000000000326e+01 6.610710000000000086e+00 1.017039000000000115e+01
4.330000000000001819e+03 3.560000000000000142e+01 3.550773999999999830e+01 1.328589999999999938e+00 1.020037000000000127e+01
4.340000000000000000e+03 3.560999999999999943e+01 3.517421000000000220e+01 6.275319999999999787e+00 1.023793000000000042e+01
4.349999999999998181e+03 3.561999999999999744e+01 3.513669000000000153e+01 6.959629999999999761e+00 1.029856000000000016e+01
4.360000000000002728e+03 3.563000000000000256e+01 3.531611000000000189e+01 4.520059999999999967e+00 1.037944000000000067e+01
4.370000000000000909e+03 3.564000000000000057e+01 3.536957000000000306e+01 3.894229999999999858e+00 1.042628000000000021e+01
4.379999999999999091e+03 3.564999999999999858e+01 3.560349999999999682e+01 6.695400000000000240e-01 1.044659000000000049e+01
4.389999999999997272e+03 3.565999999999999659e+01 3.557085000000000008e+01 1.283830000000000027e+00 1.045912000000000042e+01
4.400000000000001819e+03 3.567000000000000171e+01 3.540066999999999808e+01 3.878319999999999990e+00 1.048794000000000004e+01
4.410000000000000000e+03 3.567999999999999972e+01 3.541223000000000098e+01 3.855949999999999989e+00 1.053418000000000099e+01
4.419999999999998181e+03 3.568999999999999773e+01 3.546352000000000260e+01 3.261319999999999997e+00 1.057685000000000031e+01
4.430000000000002728e+03 3.570000000000000284e+01 3.542320999999999742e+01 3.985770000000000035e+00 1.062131000000000114e+01
4.440000000000000909e+03 3.571000000000000085e+01 3.545042000000000115e+01 3.738010000000000055e+00 1.064540000000000042e+01
4.449999999999999091e+03 3.571999999999999886e+01 3.533534000000000219e+01 5.539049999999999585e+00 1.069836000000000098e+01
4.459999999999997272e+03 3.572999999999999687e+01 3.534221999999999753e+01 5.584069999999999645e+00 1.075802000000000014e+01
4.470000000000002728e+03 3.574000000000000199e+01 3.527754999999999797e+01 6.659279999999999866e+00 1.082438000000000144e+01
4.480000000000000000e+03 3.575000000000000000e+01 3.541284000000000276e+01 4.855100000000000193e+00 1.088675000000000104e+01
4.489999999999998181e+03 3.575999999999999801e+01 3.564189999999999969e+01 1.700690000000000035e+00 1.091727999999999987e+01
4.500000000000003638e+03 3.577000000000000313e+01 3.577062000000000097e+01 -8.890000000000000333e-03 1.093815000000000026e+01
4.510000000000001819e+03 3.578000000000000114e+01 3.537389999999999901e+01 5.847809999999999953e+00 1.097100000000000009e+01
4.519999999999999091e+03 3.578999999999999915e+01 3.554283000000000214e+01 3.559289999999999843e+00 1.101393000000000022e+01
4.529999999999997272e+03 3.579999999999999716e+01 3.559669000000000239e+01 2.927639999999999798e+00 1.103696000000000055e+01
4.540000000000002728e+03 3.581000000000000227e+01 3.584517000000000309e+01 -5.064100000000000268e-01 1.103930000000000078e+01
4.550000000000000909e+03 3.582000000000000028e+01 3.583908000000000271e+01 -2.747600000000000042e-01 1.103769000000000133e+01
4.559999999999998181e+03 3.582999999999999829e+01 3.568598999999999677e+01 2.073710000000000164e+00 1.105074000000000112e+01
4.570000000000003638e+03 3.584000000000000341e+01 3.538477999999999923e+01 6.555189999999999628e+00 1.109247000000000050e+01
4.580000000000001819e+03 3.585000000000000142e+01 3.551120000000000232e+01 4.878650000000000375e+00 1.114259999999999984e+01
4.590000000000000000e+03 3.585999999999999943e+01 3.536641000000000190e+01 7.107709999999999972e+00 1.117930000000000135e+01
4.599999999999998181e+03 3.586999999999999744e+01 3.567562000000000211e+01 2.799129999999999896e+00 1.122339000000000020e+01
4.610000000000002728e+03 3.588000000000000256e+01 3.546905999999999892e+01 5.917480000000000295e+00 1.126011000000000095e+01
4.620000000000000909e+03 3.589000000000000057e+01 3.568218000000000245e+01 2.992640000000000189e+00 1.129752000000000045e+01
4.629999999999999091e+03 3.589999999999999858e+01 3.556483000000000061e+01 4.826480000000000103e+00 1.133303000000000083e+01
4.639999999999997272e+03 3.590999999999999659e+01 3.554755000000000109e+01 5.219280000000000364e+00 1.137658000000000058e+01
4.650000000000001819e+03 3.592000000000000171e+01 3.561977999999999867e+01 4.323190000000000310e+00 1.142529000000000039e+01
4.660000000000000000e+03 3.592999999999999972e+01 3.584291999999999945e+01 1.253989999999999938e+00 1.146448000000000000e+01
4.669999999999998181e+03 3.593999999999999773e+01 3.546206999999999709e+01 6.882119999999999571e+00 1.151646999999999998e+01
4.680000000000002728e+03 3.595000000000000284e+01 3.546520000000000294e+01 6.981130000000000280e+00 1.158793000000000006e+01
4.690000000000000909e+03 3.596000000000000085e+01 3.553047000000000111e+01 6.185190000000000410e+00 1.164381000000000022e+01
4.699999999999999091e+03 3.596999999999999886e+01 3.573785999999999774e+01 3.342839999999999812e+00 1.169576999999999956e+01
4.709999999999997272e+03 3.597999999999999687e+01 3.556738000000000000e+01 5.941729999999999734e+00 1.174589000000000105e+01
4.720000000000002728e+03 3.599000000000000199e+01 3.578782999999999959e+01 2.911210000000000075e+00 1.179201000000000121e+01
4.730000000000000000e+03 3.600000000000000000e+01 3.575748999999999711e+01 3.492119999999999891e+00 1.183377000000000123e+01
4.739999999999998181e+03 3.600999999999999801e+01 3.557106999999999886e+01 6.320630000000000415e+00 1.188826000000000072e+01
4.750000000000003638e+03 3.602000000000000313e+01 3.581316999999999950e+01 2.978400000000000158e+00 1.194312000000000040e+01
4.760000000000001819e+03 3.603000000000000114e+01 3.594577000000000311e+01 1.212979999999999947e+00 1.198185000000000144e+01
4.769999999999999091e+03 3.603999999999999915e+01 3.582674999999999699e+01 3.070840000000000014e+00 1.199694000000000038e+01
4.779999999999997272e+03 3.604999999999999716e+01 3.580371000000000237e+01 3.546499999999999986e+00 1.202838000000000029e+01
4.790000000000002728e+03 3.606000000000000227e+01 3.579491000000000156e+01 3.817309999999999981e+00 1.205839000000000105e+01
4.800000000000000909e+03 3.607000000000000028e+01 3.582432000000000016e+01 3.537770000000000081e+00 1.207990000000000030e+01
4.809999999999998181e+03 3.607999999999999829e+01 3.569921000000000078e+01 5.483410000000000117e+00 1.212412000000000134e+01
4.820000000000003638e+03 3.609000000000000341e+01 3.578065000000000140e+01 4.454620000000000246e+00 1.218116000000000021e+01
4.830000000000001819e+03 3.610000000000000142e+01 3.564585999999999899e+01 6.539620000000000211e+00 1.223317000000000121e+01
4.840000000000000000e+03 3.610999999999999943e+01 3.601039000000000101e+01 1.434390000000000054e+00 1.227036999999999978e+01
4.849999999999998181e+03 3.611999999999999744e+01 3.571110999999999791e+01 5.887999999999999901e+00 1.232652000000000037e+01
4.860000000000002728e+03 3.613000000000000256e+01 3.580355999999999739e+01 4.700730000000000075e+00 1.238024000000000058e+01
4.870000000000000909e+03 3.614000000000000057e+01 3.578849999999999909e+01 5.061670000000000336e+00 1.242487999999999992e+01
4.879999999999999091e+03 3.614999999999999858e+01 3.584282000000000323e+01 4.423350000000000115e+00 1.246626000000000012e+01
4.889999999999997272e+03 3.615999999999999659e+01 3.583635999999999910e+01 4.660389999999999588e+00 1.250616000000000128e+01
4.900000000000001819e+03 3.617000000000000171e+01 3.606846999999999781e+01 1.462029999999999941e+00 1.253085000000000093e+01
4.910000000000000000e+03 3.617999999999999972e+01 3.596663000000000210e+01 3.072579999999999867e+00 1.254931999999999981e+01
4.919999999999998181e+03 3.618999999999999773e+01 3.593657000000000323e+01 3.649329999999999963e+00 1.258262000000000036e+01
4.930000000000002728e+03 3.620000000000000284e+01 3.606345999999999918e+01 1.966150000000000064e+00 1.260926000000000080e+01
4.940000000000000909e+03 3.621000000000000085e+01 3.606360000000000099e+01 2.108169999999999877e+00 1.263898000000000010e+01
4.949999999999999091e+03 3.621999999999999886e+01 3.606725999999999743e+01 2.199460000000000193e+00 1.265136000000000038e+01
4.959999999999997272e+03 3.622999999999999687e+01 3.618478999999999957e+01 6.510200000000000431e-01 1.267293000000000092e+01
4.970000000000002728e+03 3.624000000000000199e+01 3.601550000000000296e+01 3.232740000000000169e+00 1.268703000000000003e+01
4.980000000000000000e+03 3.625000000000000000e+01 3.617875000000000085e+01 1.026070000000000038e+00 1.271231000000000044e+01
4.989999999999998181e+03 3.625999999999999801e+01 3.634991999999999734e+01 -1.294829999999999925e+00 1.271358999999999995e+01
5.000000000000003638e+03 3.627000000000000313e+01 3.631674999999999898e+01 -6.732599999999999696e-01 1.271358999999999995e+01
5.010000000000001819e+03 3.628000000000000114e+01 3.616937000000000069e+01 1.593029999999999946e+00 1.271177999999999919e+01
5.019999999999999091e+03 3.628999999999999915e+01 3.634393000000000029e+01 -7.765199999999999880e-01 1.270219999999999949e+01
5.029999999999997272e+03 3.629999999999999716e+01 3.583568000000000353e+01 6.686189999999999856e+00 1.272058000000000000e+01
5.040000000000002728e+03 3.631000000000000227e+01 3.608961999999999648e+01 3.173430000000000195e+00 1.277074999999999960e+01
5.050000000000000909e+03 3.632000000000000028e+01 3.608612999999999715e+01 3.367760000000000087e+00 1.281007999999999925e+01
5.059999999999998181e+03 3.632999999999999829e+01 3.597567000000000093e+01 5.102409999999999890e+00 1.284754000000000040e+01
5.070000000000003638e+03 3.634000000000000341e+01 3.595194000000000045e+01 5.588079999999999714e+00 1.288343000000000060e+01
5.080000000000001819e+03 3.635000000000000142e+01 3.621124999999999972e+01 1.998019999999999907e+00 1.290526999999999980e+01
5.090000000000000000e+03 3.635999999999999943e+01 3.624258999999999986e+01 1.690700000000000092e+00 1.293115000000000059e+01
5.099999999999998181e+03 3.636999999999999744e+01 3.620127000000000095e+01 2.429739999999999789e+00 1.298343999999999987e+01
5.110000000000002728e+03 3.638000000000000256e+01 3.609922999999999860e+01 4.043070000000000164e+00 1.300370999999999988e+01
5.120000000000000909e+03 3.639000000000000057e+01 3.605409999999999826e+01 4.836899999999999977e+00 1.303135999999999939e+01
5.129999999999999091e+03 3.639999999999999858e+01 3.624506000000000228e+01 2.231110000000000149e+00 1.307497000000000043e+01
5.139999999999997272e+03 3.640999999999999659e+01 3.635972999999999900e+01 7.238999999999999879e-01 1.310304999999999964e+01
5.150000000000001819e+03 3.642000000000000171e+01 3.634463000000000221e+01 1.085329999999999906e+00 1.312512000000000079e+01
5.160000000000000000e+03 3.642999999999999972e+01 3.635786999999999836e+01 1.038620000000000099e+00 1.313707999999999920e+01
5.169999999999998181e+03 3.643999999999999773e+01 3.634801000000000215e+01 1.324640000000000040e+00 1.315368999999999922e+01
5.180000000000002728e+03 3.645000000000000284e+01 3.646952999999999889e+01 -2.811899999999999955e-01 1.315039999999999942e+01
5.190000000000000909e+03 3.646000000000000085e+01 3.648964999999999748e+01 -4.269700000000000162e-01 1.314654999999999951e+01
5.199999999999999091e+03 3.646999999999999886e+01 3.668225000000000335e+01 -3.056449999999999889e+00 1.312462999999999980e+01
5.209999999999997272e+03 3.647999999999999687e+01 3.641566000000000258e+01 9.264999999999999902e-01 1.311804000000000059e+01
5.220000000000002728e+03 3.649000000000000199e+01 3.645803000000000083e+01 4.604300000000000059e-01 1.311707999999999963e+01
5.230000000000000000e+03 3.650000000000000000e+01 3.648904000000000281e+01 1.578100000000000058e-01 1.311028999999999911e+01
5.239999999999998181e+03 3.650999999999999801e+01 3.645875999999999806e+01 7.378700000000000259e-01 1.309037000000000006e+01
5.250000000000003638e+03 3.652000000000000313e+01 3.667287000000000319e+01 -2.201280000000000125e+00 1.310310999999999915e+01
5.260000000000001819e+03 3.653000000000000114e+01 3.648105000000000331e+01 7.049299999999999455e-01 1.310172999999999988e+01
5.269999999999999091e+03 3.653999999999999915e+01 3.617210000000000036e+01 5.297749999999999737e+00 1.313841999999999999e+01
5.279999999999997272e+03 3.654999999999999716e+01 3.637924000000000291e+01 2.458889999999999798e+00 1.318586999999999954e+01
5.290000000000002728e+03 3.656000000000000227e+01 3.632864000000000004e+01 3.331529999999999880e+00 1.321672000000000047e+01
5.300000000000000909e+03 3.657000000000000028e+01 3.631401000000000323e+01 3.686240000000000183e+00 1.325801000000000052e+01
5.309999999999998181e+03 3.657999999999999829e+01 3.648017999999999716e+01 1.437440000000000051e+00 1.327205999999999975e+01
5.320000000000003638e+03 3.659000000000000341e+01 3.651805999999999841e+01 1.035940000000000083e+00 1.327455999999999925e+01
5.330000000000001819e+03 3.660000000000000142e+01 3.644496999999999787e+01 2.232460000000000111e+00 1.328943999999999903e+01
5.340000000000000000e+03 3.660999999999999943e+01 3.631356999999999857e+01 4.268650000000000055e+00 1.332581000000000060e+01
5.349999999999998181e+03 3.661999999999999744e+01 3.661220000000000141e+01 1.123200000000000032e-01 1.333647000000000027e+01
5.360000000000002728e+03 3.663000000000000256e+01 3.671927000000000163e+01 -1.285479999999999956e+00 1.333375999999999983e+01
5.370000000000000909e+03 3.664000000000000057e+01 3.666669000000000267e+01 -3.842700000000000005e-01 1.332161999999999935e+01
5.379999999999999091e+03 3.664999999999999858e+01 3.668402999999999992e+01 -4.900499999999999856e-01 1.331670000000000087e+01
5.389999999999997272e+03 3.665999999999999659e+01 3.657303999999999888e+01 1.252250000000000085e+00 1.330837999999999965e+01
5.400000000000001819e+03 3.667000000000000171e+01 3.652074000000000353e+01 2.149280000000000079e+00 1.332590000000000074e+01
5.410000000000000000e+03 3.667999999999999972e+01 3.663396999999999792e+01 6.628199999999999648e-01 1.333637000000000050e+01
5.419999999999998181e+03 3.668999999999999773e+01 3.666760000000000019e+01 3.226200000000000179e-01 1.333938999999999986e+01
5.430000000000002728e+03 3.670000000000000284e+01 3.682245999999999952e+01 -1.763419999999999987e+00 1.332845999999999975e+01
5.440000000000000909e+03 3.671000000000000085e+01 3.688389000000000095e+01 -2.504059999999999953e+00 1.331531999999999982e+01
5.449999999999999091e+03 3.671999999999999886e+01 3.669218000000000046e+01 4.006700000000000261e-01 1.331728000000000023e+01
5.459999999999997272e+03 3.672999999999999687e+01 3.663689000000000107e+01 1.340780000000000083e+00 1.331963999999999970e+01
5.470000000000002728e+03 3.674000000000000199e+01 3.650356000000000023e+01 3.404729999999999812e+00 1.335777999999999999e+01
5.480000000000000000e+03 3.675000000000000000e+01 3.649555999999999756e+01 3.663990000000000080e+00 1.338918999999999926e+01
5.489999999999998181e+03 3.675999999999999801e+01 3.660361000000000331e+01 2.251970000000000027e+00 1.343694999999999951e+01
5.500000000000003638e+03 3.677000000000000313e+01 3.658243999999999829e+01 2.700849999999999973e+00 1.345425999999999966e+01
5.510000000000001819e+03 3.678000000000000114e+01 3.638947999999999894e+01 5.623440000000000438e+00 1.350475999999999921e+01
5.519999999999999091e+03 3.678999999999999915e+01 3.635969999999999658e+01 6.196290000000000298e+00 1.356289999999999907e+01
5.529999999999997272e+03 3.679999999999999716e+01 3.643010000000000304e+01 5.326500000000000234e+00 1.362860000000000049e+01
5.540000000000002728e+03 3.681000000000000227e+01 3.656271000000000271e+01 3.561030000000000140e+00 1.368140000000000001e+01
5.550000000000000909e+03 3.682000000000000028e+01 3.650560000000000116e+01 4.527350000000000207e+00 1.372841000000000022e+01
5.559999999999998181e+03 3.682999999999999829e+01 3.670268999999999693e+01 1.833299999999999930e+00 1.376289000000000051e+01
5.570000000000003638e+03 3.684000000000000341e+01 3.678381000000000256e+01 8.090800000000000214e-01 1.377979000000000021e+01
5.580000000000001819e+03 3.685000000000000142e+01 3.664090000000000202e+01 3.011099999999999888e+00 1.378984999999999950e+01
5.590000000000000000e+03 3.685999999999999943e+01 3.670727999999999724e+01 2.199120000000000186e+00 1.382080999999999982e+01
5.599999999999998181e+03 3.686999999999999744e+01 3.662288999999999817e+01 3.558409999999999851e+00 1.385998000000000019e+01
5.610000000000002728e+03 3.688000000000000256e+01 3.658729000000000298e+01 4.215019999999999989e+00 1.390223999999999904e+01
5.620000000000000909e+03 3.689000000000000057e+01 3.629440000000000310e+01 8.576599999999999113e+00 1.398015000000000008e+01
5.629999999999999091e+03 3.689999999999999858e+01 3.647142999999999802e+01 6.171409999999999840e+00 1.405508000000000024e+01
5.639999999999997272e+03 3.690999999999999659e+01 3.664088999999999885e+01 3.875210000000000043e+00 1.411120999999999981e+01
5.650000000000001819e+03 3.692000000000000171e+01 3.670998000000000161e+01 3.024319999999999897e+00 1.414814999999999934e+01
5.660000000000000000e+03 3.692999999999999972e+01 3.653414000000000073e+01 5.700409999999999755e+00 1.419108999999999909e+01
5.669999999999998181e+03 3.693999999999999773e+01 3.670642999999999745e+01 3.363459999999999894e+00 1.424275000000000091e+01
5.680000000000002728e+03 3.695000000000000284e+01 3.658879000000000303e+01 5.201399999999999579e+00 1.429146000000000072e+01
5.690000000000000909e+03 3.696000000000000085e+01 3.668981999999999744e+01 3.890610000000000124e+00 1.432798999999999978e+01
5.699999999999999091e+03 3.696999999999999886e+01 3.642819000000000074e+01 7.802059999999999995e+00 1.438192000000000093e+01
5.709999999999997272e+03 3.697999999999999687e+01 3.666111000000000075e+01 4.591990000000000016e+00 1.442559999999999931e+01
5.720000000000002728e+03 3.699000000000000199e+01 3.675798999999999950e+01 3.341000000000000192e+00 1.447202000000000055e+01
5.730000000000000000e+03 3.700000000000000000e+01 3.672850999999999999e+01 3.909390000000000143e+00 1.452744000000000035e+01
5.739999999999998181e+03 3.700999999999999801e+01 3.667824999999999847e+01 4.777199999999999669e+00 1.456933000000000078e+01
5.750000000000003638e+03 3.702000000000000313e+01 3.681107000000000085e+01 3.008560000000000123e+00 1.460777999999999999e+01
5.760000000000001819e+03 3.703000000000000114e+01 3.685611000000000104e+01 2.504080000000000084e+00 1.465549000000000035e+01
5.769999999999999091e+03 3.703999999999999915e+01 3.675417000000000201e+01 4.115920000000000023e+00 1.469567999999999941e+01
5.779999999999997272e+03 3.704999999999999716e+01 3.658465000000000344e+01 6.701019999999999754e+00 1.475290000000000035e+01
5.790000000000002728e+03 3.706000000000000227e+01 3.711202000000000112e+01 -7.491100000000000536e-01 1.477680999999999933e+01
5.800000000000000909e+03 3.707000000000000028e+01 3.685922000000000054e+01 3.035179999999999989e+00 1.478786999999999985e+01
5.809999999999998181e+03 3.707999999999999829e+01 3.694172999999999973e+01 1.991049999999999986e+00 1.481282000000000032e+01
5.820000000000003638e+03 3.709000000000000341e+01 3.699869999999999948e+01 1.314659999999999940e+00 1.482066000000000017e+01
5.830000000000001819e+03 3.710000000000000142e+01 3.717871000000000237e+01 -1.133369999999999989e+00 1.481414000000000009e+01
5.840000000000000000e+03 3.710999999999999943e+01 3.690876999999999697e+01 2.897670000000000190e+00 1.481756000000000029e+01
5.849999999999998181e+03 3.711999999999999744e+01 3.701704000000000150e+01 1.482679999999999998e+00 1.485086000000000084e+01
5.860000000000002728e+03 3.713000000000000256e+01 3.674237000000000108e+01 5.581920000000000215e+00 1.487964000000000020e+01
5.870000000000000909e+03 3.714000000000000057e+01 3.686795000000000044e+01 3.917580000000000062e+00 1.492046000000000028e+01
5.879999999999999091e+03 3.714999999999999858e+01 3.696199000000000012e+01 2.707279999999999909e+00 1.496669999999999945e+01
5.889999999999997272e+03 3.715999999999999659e+01 3.679525000000000290e+01 5.252430000000000376e+00 1.501439000000000057e+01
5.900000000000001819e+03 3.717000000000000171e+01 3.682240000000000180e+01 5.005499999999999616e+00 1.505208000000000013e+01
5.910000000000000000e+03 3.717999999999999972e+01 3.713344000000000023e+01 6.705299999999999594e-01 1.507967000000000013e+01
5.919999999999998181e+03 3.718999999999999773e+01 3.700688000000000244e+01 2.636960000000000193e+00 1.509576000000000029e+01
5.930000000000002728e+03 3.720000000000000284e+01 3.708859999999999957e+01 1.604109999999999925e+00 1.510332000000000008e+01
5.940000000000000909e+03 3.721000000000000085e+01 3.725160000000000338e+01 -5.990400000000000169e-01 1.512359999999999971e+01
5.949999999999999091e+03 3.721999999999999886e+01 3.708908999999999878e+01 1.885110000000000063e+00 1.512142000000000053e+01
5.959999999999997272e+03 3.722999999999999687e+01 3.707847999999999900e+01 2.181859999999999911e+00 1.514232999999999940e+01
5.970000000000002728e+03 3.724000000000000199e+01 3.671491999999999933e+01 7.561219999999999608e+00 1.516948000000000008e+01
5.980000000000000000e+03 3.725000000000000000e+01 3.691899000000000086e+01 4.766539999999999999e+00 1.523171999999999926e+01
5.989999999999998181e+03 3.725999999999999801e+01 3.700079999999999814e+01 3.732419999999999849e+00 1.527848999999999968e+01
6.000000000000003638e+03 3.727000000000000313e+01 3.696596999999999866e+01 4.378090000000000259e+00 1.527848999999999968e+01
6.010000000000001819e+03 3.728000000000000114e+01 3.722026000000000323e+01 8.601999999999999647e-01 1.530082999999999949e+01
6.019999999999999091e+03 3.728999999999999915e+01 3.725003999999999849e+01 5.754500000000000171e-01 1.528851000000000049e+01
6.029999999999997272e+03 3.729999999999999716e+01 3.753231000000000250e+01 -3.345310000000000006e+00 1.525737999999999950e+01
6.040000000000002728e+03 3.731000000000000227e+01 3.721719999999999828e+01 1.336389999999999967e+00 1.523780000000000001e+01
6.050000000000000909e+03 3.732000000000000028e+01 3.730991999999999820e+01 1.451999999999999957e-01 1.523537999999999926e+01
6.059999999999998181e+03 3.732999999999999829e+01 3.756967000000000212e+01 -3.451220000000000176e+00 1.521670999999999907e+01
6.070000000000003638e+03 3.734000000000000341e+01 3.734637000000000029e+01 -9.171999999999999598e-02 1.520577999999999896e+01
6.080000000000001819e+03 3.735000000000000142e+01 3.721336999999999762e+01 1.967440000000000078e+00 1.521823000000000015e+01
6.090000000000000000e+03 3.735999999999999943e+01 3.700759999999999650e+01 5.074589999999999712e+00 1.526175999999999888e+01
6.099999999999998181e+03 3.736999999999999744e+01 3.711654999999999660e+01 3.649709999999999788e+00 1.530177999999999905e+01
6.110000000000002728e+03 3.738000000000000256e+01 3.738259999999999650e+01 -3.740999999999999881e-02 1.531674999999999898e+01
6.120000000000000909e+03 3.739000000000000057e+01 3.711052000000000106e+01 4.024510000000000254e+00 1.535130000000000017e+01
6.129999999999999091e+03 3.739999999999999858e+01 3.703759000000000157e+01 5.218659999999999854e+00 1.539932999999999907e+01
6.139999999999997272e+03 3.740999999999999659e+01 3.720024000000000086e+01 3.020570000000000199e+00 1.545194000000000045e+01
6.150000000000001819e+03 3.742000000000000171e+01 3.725706999999999880e+01 2.346159999999999801e+00 1.549746999999999986e+01
6.160000000000000000e+03 3.742999999999999972e+01 3.716667999999999950e+01 3.791770000000000085e+00 1.552505999999999986e+01
6.169999999999998181e+03 3.743999999999999773e+01 3.750478999999999985e+01 -9.330300000000000260e-01 1.555790000000000006e+01
6.180000000000002728e+03 3.745000000000000284e+01 3.747952999999999690e+01 -4.252000000000000224e-01 1.555262999999999884e+01
6.190000000000000909e+03 3.746000000000000085e+01 3.746108999999999867e+01 -1.575000000000000011e-02 1.554795999999999978e+01
6.199999999999999091e+03 3.746999999999999886e+01 3.731078000000000117e+01 2.292710000000000026e+00 1.556213999999999942e+01
6.209999999999997272e+03 3.747999999999999687e+01 3.750663000000000125e+01 -3.834400000000000031e-01 1.557465999999999973e+01
6.220000000000002728e+03 3.749000000000000199e+01 3.732155000000000200e+01 2.425670000000000215e+00 1.558709999999999951e+01
6.230000000000000000e+03 3.750000000000000000e+01 3.712364000000000175e+01 5.419550000000000090e+00 1.561880000000000024e+01
6.239999999999998181e+03 3.750999999999999801e+01 3.726131999999999778e+01 3.580940000000000012e+00 1.567203999999999908e+01
6.250000000000003638e+03 3.752000000000000313e+01 3.708682999999999907e+01 6.237580000000000346e+00 1.571369999999999933e+01
6.260000000000001819e+03 3.753000000000000114e+01 3.728233000000000175e+01 3.566500000000000004e+00 1.575277999999999956e+01
6.269999999999999091e+03 3.753999999999999915e+01 3.726606000000000307e+01 3.944710000000000161e+00 1.579286999999999885e+01
6.279999999999997272e+03 3.754999999999999716e+01 3.743296999999999741e+01 1.685259999999999980e+00 1.582207999999999970e+01
6.290000000000002728e+03 3.756000000000000227e+01 3.734935000000000116e+01 3.033300000000000107e+00 1.584957999999999956e+01
6.300000000000000909e+03 3.757000000000000028e+01 3.735302000000000078e+01 3.124480000000000146e+00 1.587861999999999973e+01
6.309999999999998181e+03 3.757999999999999829e+01 3.738618999999999915e+01 2.790880000000000027e+00 1.590915999999999997e+01
6.320000000000003638e+03 3.759000000000000341e+01 3.735555000000000092e+01 3.376050000000000217e+00 1.594315999999999889e+01
6.330000000000001819e+03 3.760000000000000142e+01 3.741671000000000191e+01 2.639369999999999994e+00 1.598526000000000025e+01
6.340000000000000000e+03 3.760999999999999943e+01 3.743381999999999721e+01 2.536979999999999791e+00 1.602362000000000108e+01
6.349999999999998181e+03 3.761999999999999744e+01 3.729113000000000255e+01 4.735660000000000203e+00 1.604898000000000025e+01
6.360000000000002728e+03 3.763000000000000256e+01 3.721533999999999764e+01 5.971160000000000245e+00 1.610913000000000039e+01
6.370000000000000909e+03 3.764000000000000057e+01 3.713443000000000183e+01 7.280260000000000176e+00 1.617603000000000080e+01
6.379999999999999091e+03 3.764999999999999858e+01 3.718545000000000300e+01 6.689530000000000420e+00 1.623332999999999871e+01
6.389999999999997272e+03 3.765999999999999659e+01 3.730183999999999855e+01 5.157530000000000392e+00 1.629635000000000034e+01
6.400000000000001819e+03 3.767000000000000171e+01 3.727922000000000224e+01 5.627239999999999576e+00 1.634632999999999825e+01
6.410000000000000000e+03 3.767999999999999972e+01 3.738313000000000130e+01 4.274939999999999962e+00 1.639308000000000121e+01
6.419999999999998181e+03 3.768999999999999773e+01 3.728866000000000014e+01 5.779279999999999973e+00 1.645901999999999887e+01
6.430000000000002728e+03 3.770000000000000284e+01 3.711252999999999957e+01 8.459559999999999746e+00 1.653738999999999848e+01
6.440000000000000909e+03 3.771000000000000085e+01 3.705834000000000117e+01 9.383960000000000079e+00 1.662037000000000120e+01
6.449999999999999091e+03 3.771999999999999886e+01 3.719498999999999711e+01 7.560080000000000133e+00 1.669626999999999839e+01
6.459999999999997272e+03 3.772999999999999687e+01 3.733543000000000234e+01 5.681809999999999583e+00 1.675002999999999886e+01
6.470000000000002728e+03 3.774000000000000199e+01 3.725061999999999784e+01 7.047119999999999607e+00 1.681132999999999811e+01
6.480000000000000000e+03 3.775000000000000000e+01 3.740608999999999895e+01 4.952250000000000263e+00 1.686261999999999972e+01
6.489999999999998181e+03 3.775999999999999801e+01 3.721775000000000233e+01 7.808340000000000281e+00 1.692056999999999789e+01
6.500000000000003638e+03 3.777000000000000313e+01 3.715966999999999842e+01 8.788790000000000546e+00 1.700591000000000008e+01
6.510000000000001819e+03 3.778000000000000114e+01 3.728623000000000332e+01 7.110319999999999752e+00 1.708023000000000025e+01
6.519999999999999091e+03 3.778999999999999915e+01 3.749759999999999849e+01 4.210580000000000211e+00 1.713793000000000077e+01
6.529999999999997272e+03 3.779999999999999716e+01 3.729135000000000133e+01 7.324559999999999960e+00 1.719247000000000014e+01
6.540000000000002728e+03 3.781000000000000227e+01 3.745454999999999757e+01 5.118529999999999802e+00 1.725878000000000156e+01
6.550000000000000909e+03 3.782000000000000028e+01 3.764188000000000045e+01 2.564950000000000063e+00 1.729867000000000132e+01
6.559999999999998181e+03 3.782999999999999829e+01 3.745904999999999774e+01 5.341639999999999944e+00 1.733518000000000114e+01
6.570000000000003638e+03 3.784000000000000341e+01 3.744568000000000296e+01 5.678189999999999849e+00 1.738084999999999880e+01
6.580000000000001819e+03 3.785000000000000142e+01 3.763246999999999787e+01 3.132410000000000139e+00 1.741456000000000159e+01
6.590000000000000000e+03 3.785999999999999943e+01 3.761646999999999963e+01 3.506800000000000139e+00 1.746369999999999933e+01
6.599999999999998181e+03 3.786999999999999744e+01 3.737198000000000064e+01 7.171540000000000248e+00 1.751315999999999917e+01
6.610000000000002728e+03 3.788000000000000256e+01 3.729124999999999801e+01 8.477980000000000516e+00 1.758301000000000158e+01
6.620000000000000909e+03 3.789000000000000057e+01 3.763586000000000098e+01 3.659559999999999924e+00 1.763685999999999865e+01
6.629999999999999091e+03 3.789999999999999858e+01 3.737745999999999924e+01 7.524610000000000021e+00 1.768543000000000021e+01
6.639999999999997272e+03 3.790999999999999659e+01 3.769089000000000311e+01 3.155110000000000081e+00 1.772673999999999950e+01
6.650000000000001819e+03 3.792000000000000171e+01 3.754422999999999888e+01 5.411150000000000126e+00 1.777175000000000082e+01
6.660000000000000000e+03 3.792999999999999972e+01 3.752933000000000163e+01 5.769700000000000273e+00 1.782771999999999935e+01
6.669999999999998181e+03 3.793999999999999773e+01 3.770304999999999751e+01 3.412100000000000133e+00 1.787749999999999773e+01
6.680000000000002728e+03 3.795000000000000284e+01 3.762353999999999843e+01 4.700980000000000381e+00 1.792896999999999963e+01
6.690000000000000909e+03 3.796000000000000085e+01 3.774748999999999910e+01 3.060150000000000148e+00 1.795999000000000123e+01
6.699999999999999091e+03 3.796999999999999886e+01 3.767998000000000047e+01 4.176289999999999836e+00 1.800441999999999965e+01
6.709999999999997272e+03 3.797999999999999687e+01 3.756618000000000279e+01 5.958999999999999631e+00 1.806342000000000070e+01
6.720000000000002728e+03 3.799000000000000199e+01 3.743477000000000032e+01 7.995309999999999917e+00 1.812967000000000084e+01
6.730000000000000000e+03 3.800000000000000000e+01 3.762317000000000178e+01 5.426379999999999981e+00 1.819626999999999839e+01
6.739999999999998181e+03 3.800999999999999801e+01 3.763488000000000255e+01 5.401720000000000077e+00 1.825902999999999921e+01
6.750000000000003638e+03 3.802000000000000313e+01 3.764343999999999824e+01 5.422489999999999810e+00 1.831754000000000104e+01
6.760000000000001819e+03 3.803000000000000114e+01 3.764464000000000254e+01 5.549159999999999648e+00 1.837917999999999807e+01
6.769999999999999091e+03 3.803999999999999915e+01 3.769787000000000177e+01 4.926650000000000418e+00 1.843219999999999814e+01
6.779999999999997272e+03 3.804999999999999716e+01 3.754171999999999798e+01 7.319270000000000387e+00 1.847574999999999790e+01
6.790000000000002728e+03 3.806000000000000227e+01 3.783847000000000094e+01 3.190100000000000158e+00 1.851327999999999818e+01
6.800000000000000909e+03 3.807000000000000028e+01 3.783019000000000176e+01 3.453219999999999956e+00 1.856168999999999869e+01
6.809999999999998181e+03 3.807999999999999829e+01 3.772099000000000046e+01 5.169699999999999740e+00 1.858707000000000065e+01
6.820000000000003638e+03 3.809000000000000341e+01 3.786357000000000284e+01 3.260569999999999968e+00 1.862884999999999991e+01
6.830000000000001819e+03 3.810000000000000142e+01 3.797605000000000075e+01 1.784810000000000008e+00 1.865921000000000163e+01
6.840000000000000000e+03 3.810999999999999943e+01 3.804256000000000171e+01 9.711199999999999832e-01 1.867878999999999934e+01
6.849999999999997272e+03 3.811999999999999744e+01 3.795109999999999673e+01 2.432209999999999983e+00 1.870412999999999926e+01
6.860000000000002728e+03 3.813000000000000256e+01 3.783344999999999914e+01 4.270319999999999894e+00 1.874647999999999826e+01
6.870000000000000909e+03 3.814000000000000057e+01 3.814544000000000068e+01 -7.832999999999999685e-02 1.877870000000000061e+01
6.879999999999999091e+03 3.814999999999999858e+01 3.789797999999999689e+01 3.629030000000000200e+00 1.878972999999999871e+01
6.889999999999997272e+03 3.815999999999999659e+01 3.789354000000000156e+01 3.837029999999999941e+00 1.881444000000000116e+01
6.900000000000001819e+03 3.817000000000000171e+01 3.800394000000000005e+01 2.391300000000000203e+00 1.886137000000000086e+01
6.910000000000000000e+03 3.817999999999999972e+01 3.800842000000000098e+01 2.470819999999999794e+00 1.889441000000000059e+01
6.919999999999998181e+03 3.818999999999999773e+01 3.793666000000000338e+01 3.648099999999999898e+00 1.890923000000000087e+01
6.930000000000002728e+03 3.820000000000000284e+01 3.793048999999999893e+01 3.881009999999999849e+00 1.894605999999999923e+01
6.940000000000000909e+03 3.821000000000000085e+01 3.800001000000000317e+01 3.023820000000000174e+00 1.899222999999999928e+01
6.949999999999999091e+03 3.821999999999999886e+01 3.803625000000000256e+01 2.646020000000000039e+00 1.902143999999999835e+01
6.959999999999997272e+03 3.822999999999999687e+01 3.779415999999999798e+01 6.276099999999999568e+00 1.906554999999999822e+01
6.970000000000001819e+03 3.824000000000000199e+01 3.751825999999999794e+01 1.039301000000000030e+01 1.913580999999999932e+01
6.980000000000000000e+03 3.825000000000000000e+01 3.776579000000000264e+01 6.972570000000000157e+00 1.922560000000000002e+01
6.989999999999998181e+03 3.825999999999999801e+01 3.753379999999999939e+01 1.045734000000000030e+01 1.931322000000000116e+01
7.000000000000003638e+03 3.827000000000000313e+01 3.760287999999999897e+01 9.606500000000000483e+00 1.931322000000000116e+01
7.010000000000001819e+03 3.828000000000000114e+01 3.773420999999999736e+01 7.859359999999999680e+00 1.939186000000000121e+01
7.019999999999999091e+03 3.828999999999999915e+01 3.746179000000000059e+01 1.192628000000000021e+01 1.948601999999999990e+01
7.029999999999997272e+03 3.829999999999999716e+01 3.766969999999999885e+01 9.076299999999999812e+00 1.956410999999999945e+01
7.040000000000002728e+03 3.831000000000000227e+01 3.791326000000000107e+01 5.713009999999999700e+00 1.963451000000000235e+01
7.050000000000000909e+03 3.832000000000000028e+01 3.781922000000000139e+01 7.211299999999999599e+00 1.970198000000000249e+01
7.059999999999998181e+03 3.832999999999999829e+01 3.784217000000000297e+01 7.024680000000000035e+00 1.976904000000000039e+01
7.070000000000003638e+03 3.834000000000000341e+01 3.795548000000000144e+01 5.537029999999999674e+00 1.982418000000000191e+01
7.080000000000001819e+03 3.835000000000000142e+01 3.788526000000000238e+01 6.692300000000000360e+00 1.987949000000000055e+01
7.090000000000000000e+03 3.835999999999999943e+01 3.799851999999999919e+01 5.205300000000000260e+00 1.994238000000000000e+01
7.099999999999997272e+03 3.836999999999999744e+01 3.799262000000000228e+01 5.434210000000000207e+00 1.999577999999999989e+01
7.110000000000002728e+03 3.838000000000000256e+01 3.812006000000000228e+01 3.743160000000000043e+00 2.005357000000000056e+01
7.120000000000000909e+03 3.839000000000000057e+01 3.788963999999999999e+01 7.205119999999999969e+00 2.011536000000000257e+01
7.129999999999999091e+03 3.839999999999999858e+01 3.785289000000000215e+01 7.878350000000000186e+00 2.018406000000000233e+01
7.139999999999997272e+03 3.840999999999999659e+01 3.800726999999999833e+01 5.799280000000000435e+00 2.025870000000000104e+01
7.150000000000001819e+03 3.842000000000000171e+01 3.789815000000000111e+01 7.514639999999999986e+00 2.032044000000000139e+01
7.160000000000000000e+03 3.842999999999999972e+01 3.775229999999999819e+01 9.758929999999999438e+00 2.040765999999999991e+01
7.169999999999998181e+03 3.843999999999999773e+01 3.786818000000000239e+01 8.234199999999999520e+00 2.051288000000000267e+01
7.180000000000002728e+03 3.845000000000000284e+01 3.784826000000000334e+01 8.665119999999999933e+00 2.060270000000000223e+01
7.190000000000000909e+03 3.846000000000000085e+01 3.793274000000000257e+01 7.592559999999999754e+00 2.069835000000000136e+01
7.199999999999999091e+03 3.846999999999999886e+01 3.772182999999999709e+01 1.077361999999999931e+01 2.078240000000000265e+01
7.209999999999997272e+03 3.847999999999999687e+01 3.805295000000000272e+01 6.149589999999999890e+00 2.085460000000000136e+01
7.220000000000001819e+03 3.849000000000000199e+01 3.802946000000000026e+01 6.631800000000000139e+00 2.092236000000000118e+01
7.230000000000000000e+03 3.850000000000000000e+01 3.800229999999999819e+01 7.166909999999999670e+00 2.099204000000000292e+01
7.239999999999998181e+03 3.850999999999999801e+01 3.817103999999999786e+01 4.881050000000000111e+00 2.107319999999999993e+01
7.250000000000003638e+03 3.852000000000000313e+01 3.793102999999999980e+01 8.481189999999999785e+00 2.115094000000000207e+01
7.260000000000001819e+03 3.853000000000000114e+01 3.809149000000000029e+01 6.314510000000000289e+00 2.123516000000000048e+01
7.269999999999999091e+03 3.853999999999999915e+01 3.805333999999999861e+01 7.007959999999999745e+00 2.129967000000000255e+01
7.279999999999997272e+03 3.854999999999999716e+01 3.819456000000000273e+01 5.118330000000000268e+00 2.135985000000000156e+01
7.290000000000002728e+03 3.856000000000000227e+01 3.824710000000000321e+01 4.505729999999999791e+00 2.141166000000000125e+01
7.300000000000000909e+03 3.857000000000000028e+01 3.804124000000000194e+01 7.614099999999999646e+00 2.147750000000000270e+01
7.309999999999998181e+03 3.857999999999999829e+01 3.836858000000000146e+01 3.044470000000000010e+00 2.154435000000000144e+01
7.320000000000003638e+03 3.859000000000000341e+01 3.829334999999999667e+01 4.271810000000000329e+00 2.156436000000000064e+01
7.330000000000001819e+03 3.860000000000000142e+01 3.807086999999999932e+01 7.619439999999999991e+00 2.161691000000000074e+01
7.340000000000000000e+03 3.860999999999999943e+01 3.818424000000000262e+01 6.130930000000000213e+00 2.168117000000000161e+01
7.349999999999997272e+03 3.861999999999999744e+01 3.846999999999999886e+01 2.159959999999999880e+00 2.172792000000000101e+01
7.360000000000002728e+03 3.863000000000000256e+01 3.829032000000000124e+01 4.891429999999999723e+00 2.176453000000000060e+01
7.370000000000000909e+03 3.864000000000000057e+01 3.806338999999999828e+01 8.303200000000000358e+00 2.183549000000000007e+01
7.379999999999999091e+03 3.864999999999999858e+01 3.850630000000000308e+01 2.069269999999999943e+00 2.187922000000000011e+01
7.389999999999997272e+03 3.865999999999999659e+01 3.836146999999999707e+01 4.298779999999999824e+00 2.191403999999999996e+01
7.400000000000001819e+03 3.867000000000000171e+01 3.831768000000000285e+01 5.073369999999999713e+00 2.195733000000000246e+01
7.410000000000000000e+03 3.867999999999999972e+01 3.842737000000000336e+01 3.637809999999999988e+00 2.198869000000000185e+01
7.419999999999998181e+03 3.868999999999999773e+01 3.841118000000000166e+01 4.015019999999999811e+00 2.201573000000000135e+01
7.430000000000002728e+03 3.870000000000000284e+01 3.850410999999999717e+01 2.820759999999999934e+00 2.204259000000000057e+01
7.440000000000000909e+03 3.871000000000000085e+01 3.861270999999999987e+01 1.401040000000000063e+00 2.207982000000000156e+01
7.449999999999999091e+03 3.871999999999999886e+01 3.857851999999999748e+01 2.037370000000000125e+00 2.210059000000000040e+01
7.459999999999997272e+03 3.872999999999999687e+01 3.850419999999999732e+01 3.251510000000000122e+00 2.215000000000000213e+01
7.470000000000001819e+03 3.874000000000000199e+01 3.816559000000000168e+01 8.271520000000000650e+00 2.219815000000000182e+01
7.480000000000000000e+03 3.875000000000000000e+01 3.810130999999999801e+01 9.341070000000000206e+00 2.227352000000000132e+01
7.489999999999998181e+03 3.875999999999999801e+01 3.842889000000000266e+01 4.767990000000000173e+00 2.236015000000000086e+01
7.500000000000003638e+03 3.877000000000000313e+01 3.859611000000000303e+01 2.504059999999999953e+00 2.240587999999999980e+01
7.510000000000001819e+03 3.878000000000000114e+01 3.858547000000000082e+01 2.801270000000000149e+00 2.243127000000000137e+01
7.519999999999999091e+03 3.878999999999999915e+01 3.869004999999999939e+01 1.439249999999999918e+00 2.245697000000000187e+01
7.529999999999997272e+03 3.879999999999999716e+01 3.865118999999999971e+01 2.142799999999999816e+00 2.246964000000000183e+01
7.540000000000002728e+03 3.881000000000000227e+01 3.859711000000000070e+01 3.065669999999999895e+00 2.247573000000000221e+01
7.550000000000000909e+03 3.882000000000000028e+01 3.866134000000000270e+01 2.284670000000000201e+00 2.251134000000000057e+01
7.559999999999998181e+03 3.882999999999999829e+01 3.867764999999999986e+01 2.193770000000000220e+00 2.252544999999999931e+01
7.570000000000003638e+03 3.884000000000000341e+01 3.861997999999999820e+01 3.168340000000000156e+00 2.256243000000000265e+01
7.580000000000001819e+03 3.885000000000000142e+01 3.846059999999999945e+01 5.607319999999999638e+00 2.259308000000000050e+01
7.590000000000000000e+03 3.885999999999999943e+01 3.858556999999999704e+01 3.951839999999999797e+00 2.263839000000000112e+01
7.599999999999997272e+03 3.886999999999999744e+01 3.863971999999999696e+01 3.316019999999999968e+00 2.268950000000000244e+01
7.610000000000002728e+03 3.888000000000000256e+01 3.860582000000000136e+01 3.948199999999999932e+00 2.273137000000000185e+01
7.620000000000000909e+03 3.889000000000000057e+01 3.836352000000000118e+01 7.581330000000000346e+00 2.278737000000000279e+01
7.629999999999999091e+03 3.889999999999999858e+01 3.837275999999999954e+01 7.592209999999999681e+00 2.285247000000000028e+01
7.639999999999997272e+03 3.890999999999999659e+01 3.865408999999999651e+01 3.685090000000000199e+00 2.289649000000000001e+01
7.650000000000001819e+03 3.892000000000000171e+01 3.848465000000000202e+01 6.269090000000000273e+00 2.295354999999999990e+01
7.660000000000000000e+03 3.892999999999999972e+01 3.880671999999999855e+01 1.775179999999999980e+00 2.298707000000000278e+01
7.669999999999998181e+03 3.893999999999999773e+01 3.845705999999999847e+01 6.954310000000000436e+00 2.303703000000000145e+01
7.680000000000002728e+03 3.895000000000000284e+01 3.858836000000000155e+01 5.207569999999999588e+00 2.307681000000000182e+01
7.690000000000000909e+03 3.896000000000000085e+01 3.866113000000000000e+01 4.303659999999999819e+00 2.312537000000000020e+01
7.699999999999999091e+03 3.896999999999999886e+01 3.857206999999999653e+01 5.730129999999999946e+00 2.317459000000000202e+01
7.709999999999997272e+03 3.897999999999999687e+01 3.852210999999999785e+01 6.593560000000000088e+00 2.324231999999999942e+01
7.720000000000001819e+03 3.899000000000000199e+01 3.883129000000000275e+01 2.285419999999999785e+00 2.328072000000000230e+01
7.730000000000000000e+03 3.900000000000000000e+01 3.874842999999999904e+01 3.622679999999999900e+00 2.331953999999999994e+01
7.739999999999998181e+03 3.900999999999999801e+01 3.857287000000000177e+01 6.294660000000000366e+00 2.335202999999999918e+01
7.750000000000003638e+03 3.902000000000000313e+01 3.883218000000000103e+01 2.704579999999999984e+00 2.339733000000000018e+01
7.760000000000001819e+03 3.903000000000000114e+01 3.873461000000000354e+01 4.253639999999999866e+00 2.343400000000000105e+01
7.769999999999999091e+03 3.903999999999999915e+01 3.870049000000000206e+01 4.888969999999999594e+00 2.349418000000000006e+01
7.779999999999997272e+03 3.904999999999999716e+01 3.867520999999999987e+01 5.397009999999999863e+00 2.353438000000000230e+01
7.790000000000002728e+03 3.906000000000000227e+01 3.871437999999999846e+01 4.976869999999999905e+00 2.358803000000000338e+01
7.800000000000000909e+03 3.907000000000000028e+01 3.879373999999999967e+01 3.978079999999999838e+00 2.363673000000000002e+01
7.809999999999998181e+03 3.907999999999999829e+01 3.880687000000000353e+01 3.933019999999999960e+00 2.367916000000000309e+01
7.820000000000003638e+03 3.909000000000000341e+01 3.881723999999999819e+01 3.927690000000000126e+00 2.372861000000000331e+01
7.830000000000001819e+03 3.910000000000000142e+01 3.881609000000000265e+01 4.088370000000000282e+00 2.375867000000000218e+01
7.840000000000000000e+03 3.910999999999999943e+01 3.864377999999999957e+01 6.713549999999999685e+00 2.381371000000000038e+01
7.849999999999997272e+03 3.911999999999999744e+01 3.883624999999999972e+01 4.086039999999999672e+00 2.388226000000000226e+01
7.860000000000002728e+03 3.913000000000000256e+01 3.866812999999999789e+01 6.650890000000000413e+00 2.395106000000000179e+01
7.870000000000000909e+03 3.914000000000000057e+01 3.877299000000000007e+01 5.284970000000000390e+00 2.401659000000000077e+01
7.879999999999999091e+03 3.914999999999999858e+01 3.857547000000000281e+01 8.273250000000000881e+00 2.408725000000000094e+01
7.889999999999997272e+03 3.915999999999999659e+01 3.858384999999999820e+01 8.296490000000000364e+00 2.418008999999999986e+01
7.900000000000001819e+03 3.917000000000000171e+01 3.877736000000000161e+01 5.654020000000000046e+00 2.425386999999999915e+01
7.910000000000000000e+03 3.917999999999999972e+01 3.882531000000000176e+01 5.107549999999999812e+00 2.430880000000000152e+01
7.919999999999998181e+03 3.918999999999999773e+01 3.869055000000000177e+01 7.192090000000000316e+00 2.436940000000000239e+01
7.930000000000002728e+03 3.920000000000000284e+01 3.904531000000000063e+01 2.227469999999999839e+00 2.443252000000000024e+01
7.940000000000000909e+03 3.921000000000000085e+01 3.891723000000000354e+01 4.215849999999999653e+00 2.447223000000000326e+01
7.949999999999999091e+03 3.921999999999999886e+01 3.909967000000000326e+01 1.732739999999999947e+00 2.448880000000000123e+01
7.959999999999997272e+03 3.922999999999999687e+01 3.888929999999999865e+01 4.906139999999999723e+00 2.453688000000000002e+01
7.970000000000001819e+03 3.924000000000000199e+01 3.871891000000000105e+01 7.503720000000000390e+00 2.460116000000000014e+01
7.980000000000000000e+03 3.925000000000000000e+01 3.897762000000000171e+01 3.922239999999999949e+00 2.465606000000000009e+01
7.989999999999998181e+03 3.925999999999999801e+01 3.880948000000000064e+01 6.487440000000000317e+00 2.470368000000000208e+01
8.000000000000003638e+03 3.927000000000000313e+01 3.881615000000000038e+01 6.535479999999999734e+00 2.470368000000000208e+01
8.010000000000001819e+03 3.928000000000000114e+01 3.876662000000000319e+01 7.392730000000000246e+00 2.478215000000000146e+01
8.019999999999999091e+03 3.928999999999999915e+01 3.847225999999999857e+01 1.177542000000000044e+01 2.486424000000000234e+01
8.029999999999997272e+03 3.929999999999999716e+01 3.878640000000000043e+01 7.395800000000000374e+00 2.496368000000000364e+01
8.040000000000002728e+03 3.931000000000000227e+01 3.871137000000000228e+01 8.620219999999999771e+00 2.505305000000000248e+01
8.050000000000000909e+03 3.932000000000000028e+01 3.891214000000000084e+01 5.873129999999999740e+00 2.512650000000000361e+01
8.059999999999998181e+03 3.932999999999999829e+01 3.863880000000000337e+01 9.953350000000000364e+00 2.520675000000000310e+01
8.070000000000003638e+03 3.934000000000000341e+01 3.893227000000000260e+01 5.871290000000000120e+00 2.528419000000000239e+01
8.080000000000001819e+03 3.935000000000000142e+01 3.903647999999999740e+01 4.514669999999999739e+00 2.533612000000000108e+01
8.090000000000000000e+03 3.935999999999999943e+01 3.930151000000000039e+01 8.422399999999999887e-01 2.537539000000000300e+01
8.099999999999997272e+03 3.936999999999999744e+01 3.921365000000000123e+01 2.251479999999999926e+00 2.539900000000000091e+01
8.110000000000002728e+03 3.938000000000000256e+01 3.907697000000000287e+01 4.363620000000000054e+00 2.542612000000000094e+01
8.120000000000000909e+03 3.939000000000000057e+01 3.921119000000000199e+01 2.574819999999999887e+00 2.545682000000000045e+01
8.129999999999999091e+03 3.939999999999999858e+01 3.923570000000000135e+01 2.365909999999999958e+00 2.546866000000000341e+01
8.139999999999997272e+03 3.940999999999999659e+01 3.912259999999999849e+01 4.138609999999999900e+00 2.547614000000000090e+01
8.150000000000001819e+03 3.942000000000000171e+01 3.925023000000000195e+01 2.444749999999999979e+00 2.549265000000000114e+01
8.160000000000000000e+03 3.942999999999999972e+01 3.929073999999999955e+01 2.005380000000000162e+00 2.551044000000000267e+01
8.169999999999998181e+03 3.943999999999999773e+01 3.906119999999999948e+01 5.454699999999999882e+00 2.555402000000000129e+01
8.180000000000002728e+03 3.945000000000000284e+01 3.900439000000000078e+01 6.416780000000000150e+00 2.560108000000000317e+01
8.190000000000000909e+03 3.946000000000000085e+01 3.887574000000000041e+01 8.413289999999999935e+00 2.567155000000000342e+01
8.200000000000000000e+03 3.946999999999999886e+01 3.878804999999999836e+01 9.820029999999999148e+00 2.576779000000000153e+01
8.209999999999996362e+03 3.947999999999999687e+01 3.896643999999999863e+01 7.395260000000000389e+00 2.585403000000000162e+01
8.220000000000001819e+03 3.949000000000000199e+01 3.880123999999999995e+01 9.918070000000000164e+00 2.595086000000000226e+01
8.230000000000000000e+03 3.950000000000000000e+01 3.883516999999999797e+01 9.573539999999999495e+00 2.606159000000000248e+01
8.239999999999998181e+03 3.950999999999999801e+01 3.892121999999999815e+01 8.478400000000000603e+00 2.614295000000000258e+01
8.250000000000003638e+03 3.952000000000000313e+01 3.911910999999999916e+01 5.772759999999999891e+00 2.620009000000000299e+01
8.260000000000001819e+03 3.953000000000000114e+01 3.900213000000000108e+01 7.601280000000000037e+00 2.627267000000000152e+01
8.270000000000000000e+03 3.953999999999999915e+01 3.907921999999999940e+01 6.635270000000000223e+00 2.634832000000000107e+01
8.279999999999998181e+03 3.954999999999999716e+01 3.868106999999999829e+01 1.251260000000000083e+01 2.644183000000000305e+01
8.290000000000001819e+03 3.956000000000000227e+01 3.900383999999999673e+01 8.008699999999999264e+00 2.653728000000000264e+01
8.300000000000000000e+03 3.957000000000000028e+01 3.882276000000000238e+01 1.076018999999999970e+01 2.662790000000000390e+01
8.309999999999998181e+03 3.957999999999999829e+01 3.866526999999999958e+01 1.317207999999999934e+01 2.676014000000000337e+01
8.320000000000003638e+03 3.959000000000000341e+01 3.900871000000000066e+01 8.370570000000000732e+00 2.686830000000000140e+01
8.330000000000001819e+03 3.960000000000000142e+01 3.908639999999999759e+01 7.395800000000000374e+00 2.693740000000000379e+01
8.340000000000000000e+03 3.960999999999999943e+01 3.898633999999999844e+01 8.980689999999999173e+00 2.701189000000000107e+01
8.349999999999998181e+03 3.961999999999999744e+01 3.915729999999999933e+01 6.662939999999999863e+00 2.710238000000000369e+01
8.360000000000003638e+03 3.963000000000000256e+01 3.919418000000000291e+01 6.275780000000000136e+00 2.715424000000000149e+01
8.370000000000000000e+03 3.964000000000000057e+01 3.917340999999999696e+01 6.718950000000000422e+00 2.722402000000000299e+01
8.379999999999998181e+03 3.964999999999999858e+01 3.935889000000000237e+01 4.192040000000000433e+00 2.729442000000000235e+01
8.389999999999996362e+03 3.965999999999999659e+01 3.910587000000000302e+01 7.979420000000000179e+00 2.735523000000000238e+01
8.400000000000001819e+03 3.967000000000000171e+01 3.887897000000000247e+01 1.139090000000000025e+01 2.745024000000000086e+01
8.410000000000000000e+03 3.967999999999999972e+01 3.887695000000000078e+01 1.156385000000000041e+01 2.755312000000000339e+01
8.419999999999998181e+03 3.968999999999999773e+01 3.902123999999999882e+01 9.630129999999999413e+00 2.766792000000000229e+01
8.430000000000003638e+03 3.970000000000000284e+01 3.898926999999999765e+01 1.023446999999999996e+01 2.777953000000000117e+01
8.440000000000001819e+03 3.971000000000000085e+01 3.909844999999999970e+01 8.806309999999999860e+00 2.786955000000000382e+01
8.450000000000000000e+03 3.971999999999999886e+01 3.915229000000000070e+01 8.175019999999999953e+00 2.795754000000000161e+01
8.459999999999996362e+03 3.972999999999999687e+01 3.925213999999999714e+01 6.881240000000000023e+00 2.804385000000000261e+01
8.470000000000001819e+03 3.974000000000000199e+01 3.916481000000000279e+01 8.282709999999999795e+00 2.812847000000000008e+01
8.480000000000000000e+03 3.975000000000000000e+01 3.917835000000000178e+01 8.231719999999999260e+00 2.822411000000000314e+01
8.489999999999998181e+03 3.975999999999999801e+01 3.921204999999999785e+01 7.890550000000000175e+00 2.830003000000000313e+01
8.500000000000003638e+03 3.977000000000000313e+01 3.920955000000000013e+01 8.070429999999999993e+00 2.839134000000000313e+01
8.510000000000001819e+03 3.978000000000000114e+01 3.922178999999999860e+01 8.038209999999999411e+00 2.845936000000000377e+01
8.520000000000000000e+03 3.978999999999999915e+01 3.919024000000000285e+01 8.636540000000000106e+00 2.853065000000000140e+01
8.529999999999998181e+03 3.979999999999999716e+01 3.940892999999999802e+01 5.631380000000000052e+00 2.860596000000000316e+01
8.540000000000001819e+03 3.981000000000000227e+01 3.936043999999999699e+01 6.473600000000000243e+00 2.866984000000000066e+01
8.550000000000000000e+03 3.982000000000000028e+01 3.961346000000000345e+01 2.974239999999999995e+00 2.872445000000000093e+01
8.559999999999998181e+03 3.982999999999999829e+01 3.960898000000000252e+01 3.182760000000000034e+00 2.875453000000000259e+01
8.570000000000003638e+03 3.984000000000000341e+01 3.936303999999999803e+01 6.868210000000000370e+00 2.879472000000000165e+01
8.580000000000001819e+03 3.985000000000000142e+01 3.943037000000000347e+01 6.042609999999999815e+00 2.885332000000000363e+01
8.590000000000000000e+03 3.985999999999999943e+01 3.901706000000000074e+01 1.213831000000000060e+01 2.893691000000000102e+01
8.599999999999998181e+03 3.986999999999999744e+01 3.948465999999999809e+01 5.548860000000000348e+00 2.903019000000000105e+01
8.610000000000003638e+03 3.988000000000000256e+01 3.945593000000000217e+01 6.106589999999999741e+00 2.908739000000000274e+01
8.620000000000000000e+03 3.989000000000000057e+01 3.939690000000000225e+01 7.100679999999999659e+00 2.915729000000000326e+01
8.629999999999998181e+03 3.989999999999999858e+01 3.973252999999999702e+01 2.411639999999999784e+00 2.919950000000000045e+01
8.639999999999996362e+03 3.990999999999999659e+01 3.930169999999999675e+01 8.759470000000000312e+00 2.925189000000000306e+01
8.650000000000001819e+03 3.992000000000000171e+01 3.923595999999999862e+01 9.850149999999999295e+00 2.932742000000000360e+01
8.660000000000000000e+03 3.992999999999999972e+01 3.950464000000000198e+01 6.125160000000000160e+00 2.940887000000000029e+01
8.669999999999998181e+03 3.993999999999999773e+01 3.949273999999999774e+01 6.440579999999999750e+00 2.946866000000000341e+01
8.680000000000003638e+03 3.995000000000000284e+01 3.958518000000000114e+01 5.253429999999999822e+00 2.951491000000000042e+01
8.690000000000001819e+03 3.996000000000000085e+01 3.958227000000000118e+01 5.439309999999999867e+00 2.958453000000000088e+01
8.700000000000000000e+03 3.996999999999999886e+01 3.946141999999999683e+01 7.323579999999999757e+00 2.964889000000000152e+01
8.709999999999996362e+03 3.997999999999999687e+01 3.979348999999999847e+01 2.685709999999999820e+00 2.970527000000000228e+01
8.720000000000001819e+03 3.999000000000000199e+01 3.957338000000000022e+01 5.999360000000000248e+00 2.975684000000000395e+01
8.730000000000000000e+03 4.000000000000000000e+01 3.943307000000000073e+01 8.163809999999999789e+00 2.982533000000000101e+01
8.739999999999998181e+03 4.000999999999999801e+01 3.928488000000000113e+01 1.044168999999999947e+01 2.991318000000000410e+01
8.750000000000003638e+03 4.002000000000000313e+01 3.963980999999999710e+01 5.474660000000000082e+00 2.998259000000000185e+01
8.760000000000001819e+03 4.003000000000000114e+01 3.993433999999999884e+01 1.377439999999999998e+00 3.001995000000000147e+01
8.770000000000000000e+03 4.003999999999999915e+01 3.963922999999999774e+01 5.771049999999999791e+00 3.005522000000000205e+01
8.779999999999998181e+03 4.004999999999999716e+01 3.974557999999999680e+01 4.383580000000000254e+00 3.009292000000000300e+01
8.790000000000001819e+03 4.006000000000000227e+01 3.988752000000000209e+01 2.483729999999999993e+00 3.012203000000000230e+01
8.800000000000000000e+03 4.007000000000000028e+01 3.976223000000000241e+01 4.431879999999999598e+00 3.017609000000000208e+01
8.809999999999998181e+03 4.007999999999999829e+01 3.980409999999999826e+01 3.973030000000000062e+00 3.024028000000000205e+01
8.820000000000003638e+03 4.009000000000000341e+01 3.991174000000000177e+01 2.566959999999999908e+00 3.027935000000000088e+01
8.830000000000001819e+03 4.010000000000000142e+01 3.982050999999999874e+01 4.024709999999999788e+00 3.031115000000000137e+01
8.840000000000000000e+03 4.010999999999999943e+01 3.990870000000000317e+01 2.898730000000000029e+00 3.034988000000000241e+01
8.849999999999998181e+03 4.011999999999999744e+01 3.971307999999999794e+01 5.859609999999999985e+00 3.038484000000000407e+01
8.860000000000003638e+03 4.013000000000000256e+01 3.964236999999999966e+01 7.021840000000000082e+00 3.044292000000000087e+01
8.870000000000000000e+03 4.014000000000000057e+01 3.966938999999999993e+01 6.776779999999999582e+00 3.050764000000000209e+01
8.879999999999998181e+03 4.014999999999999858e+01 3.978844000000000136e+01 5.206489999999999618e+00 3.056404000000000210e+01
8.889999999999996362e+03 4.015999999999999659e+01 3.985654999999999859e+01 4.369670000000000165e+00 3.060675000000000168e+01
8.900000000000001819e+03 4.017000000000000171e+01 3.979854999999999876e+01 5.348939999999999806e+00 3.065121000000000251e+01
8.910000000000000000e+03 4.017999999999999972e+01 3.971726999999999919e+01 6.663350000000000328e+00 3.070770000000000266e+01
8.919999999999998181e+03 4.018999999999999773e+01 3.985759000000000185e+01 4.786690000000000111e+00 3.077023000000000152e+01
8.930000000000003638e+03 4.020000000000000284e+01 3.971450999999999709e+01 6.991119999999999557e+00 3.082899000000000100e+01
8.940000000000001819e+03 4.021000000000000085e+01 3.966434999999999889e+01 7.857420000000000293e+00 3.088816000000000273e+01
8.950000000000000000e+03 4.021999999999999886e+01 3.996999999999999886e+01 3.599990000000000023e+00 3.094544000000000139e+01
8.959999999999996362e+03 4.022999999999999687e+01 3.989417999999999864e+01 4.835880000000000400e+00 3.097759000000000285e+01
8.970000000000001819e+03 4.024000000000000199e+01 3.955302999999999969e+01 9.892400000000000304e+00 3.104732000000000269e+01
8.980000000000000000e+03 4.025000000000000000e+01 3.981177000000000277e+01 6.310469999999999580e+00 3.111455000000000126e+01
8.989999999999998181e+03 4.025999999999999801e+01 3.976216999999999757e+01 7.168800000000000061e+00 3.118003000000000213e+01
9.000000000000003638e+03 4.027000000000000313e+01 3.989235000000000042e+01 5.438170000000000393e+00 3.118003000000000213e+01
9.010000000000001819e+03 4.028000000000000114e+01 3.983512000000000342e+01 6.406310000000000393e+00 3.124319000000000202e+01
9.020000000000000000e+03 4.028999999999999915e+01 4.001154999999999973e+01 4.009669999999999845e+00 3.128783000000000314e+01
9.029999999999998181e+03 4.029999999999999716e+01 3.997321000000000168e+01 4.705709999999999837e+00 3.132929000000000386e+01
9.040000000000001819e+03 4.031000000000000227e+01 3.985851000000000255e+01 6.501520000000000188e+00 3.139549000000000234e+01
9.050000000000000000e+03 4.032000000000000028e+01 4.012662999999999869e+01 2.784559999999999924e+00 3.143524000000000385e+01
9.059999999999998181e+03 4.032999999999999829e+01 4.007925999999999789e+01 3.610590000000000188e+00 3.146987000000000378e+01
9.070000000000003638e+03 4.034000000000000341e+01 3.982085000000000008e+01 7.475719999999999921e+00 3.152827000000000268e+01
9.080000000000001819e+03 4.035000000000000142e+01 3.970640000000000214e+01 9.267860000000000653e+00 3.160612000000000066e+01
9.090000000000000000e+03 4.035999999999999943e+01 3.969257999999999953e+01 9.610829999999999984e+00 3.169231000000000265e+01
9.099999999999998181e+03 4.036999999999999744e+01 3.979204000000000008e+01 8.322599999999999554e+00 3.179296000000000078e+01
9.110000000000003638e+03 4.038000000000000256e+01 3.996191999999999922e+01 6.020389999999999908e+00 3.186808000000000263e+01
9.120000000000000000e+03 4.039000000000000057e+01 3.978361999999999910e+01 8.731909999999999172e+00 3.195975000000000321e+01
9.129999999999998181e+03 4.039999999999999858e+01 3.982721000000000089e+01 8.248179999999999623e+00 3.205310000000000059e+01
9.139999999999996362e+03 4.040999999999999659e+01 3.992743000000000109e+01 6.948940000000000339e+00 3.212483999999999895e+01
9.150000000000001819e+03 4.042000000000000171e+01 3.972375999999999863e+01 1.002582999999999913e+01 3.220070000000000476e+01
9.160000000000000000e+03 4.042999999999999972e+01 3.980619999999999692e+01 8.982720000000000482e+00 3.228970999999999947e+01
9.169999999999998181e+03 4.043999999999999773e+01 3.993999999999999773e+01 7.199970000000000425e+00 3.236919999999999931e+01
9.180000000000003638e+03 4.045000000000000284e+01 3.999891000000000219e+01 6.495709999999999873e+00 3.245322000000000173e+01
9.190000000000001819e+03 4.046000000000000085e+01 3.999953000000000003e+01 6.630810000000000315e+00 3.251123000000000474e+01
9.200000000000000000e+03 4.046999999999999886e+01 3.993609000000000009e+01 7.688360000000000305e+00 3.256831999999999994e+01
9.209999999999996362e+03 4.047999999999999687e+01 4.012073999999999785e+01 5.173280000000000101e+00 3.263251999999999953e+01
9.220000000000001819e+03 4.049000000000000199e+01 4.012939999999999685e+01 5.192590000000000039e+00 3.267710999999999899e+01
9.230000000000000000e+03 4.050000000000000000e+01 4.002611000000000274e+01 6.824029999999999596e+00 3.272552000000000305e+01
9.239999999999998181e+03 4.050999999999999801e+01 4.025146999999999764e+01 3.722879999999999967e+00 3.277570000000000050e+01
9.250000000000003638e+03 4.052000000000000313e+01 3.999031999999999698e+01 7.627430000000000376e+00 3.284249000000000507e+01
9.260000000000001819e+03 4.053000000000000114e+01 4.008858000000000033e+01 6.356410000000000338e+00 3.292576000000000391e+01
9.270000000000000000e+03 4.053999999999999915e+01 4.030125999999999920e+01 3.437920000000000087e+00 3.298598000000000496e+01
9.279999999999998181e+03 4.054999999999999716e+01 3.989903000000000333e+01 9.373989999999999156e+00 3.303162000000000376e+01
9.290000000000001819e+03 4.056000000000000227e+01 3.996676999999999680e+01 8.542479999999999407e+00 3.312054000000000542e+01
9.300000000000000000e+03 4.057000000000000028e+01 3.991042000000000201e+01 9.497949999999999449e+00 3.320181000000000182e+01
9.309999999999998181e+03 4.057999999999999829e+01 4.006524000000000285e+01 7.412550000000000416e+00 3.327743999999999858e+01
9.320000000000003638e+03 4.059000000000000341e+01 4.012924000000000291e+01 6.634900000000000020e+00 3.334067999999999898e+01
9.330000000000001819e+03 4.060000000000000142e+01 4.010679999999999978e+01 7.102009999999999934e+00 3.342898999999999887e+01
9.340000000000000000e+03 4.060999999999999943e+01 4.038790000000000191e+01 3.198249999999999815e+00 3.348569000000000528e+01
9.349999999999998181e+03 4.061999999999999744e+01 4.024526000000000181e+01 5.396279999999999966e+00 3.351268999999999920e+01
9.360000000000003638e+03 4.063000000000000256e+01 4.012863000000000113e+01 7.219719999999999693e+00 3.357529000000000252e+01
9.370000000000000000e+03 4.064000000000000057e+01 4.026633000000000351e+01 5.380779999999999674e+00 3.366168000000000404e+01
9.379999999999998181e+03 4.064999999999999858e+01 4.011533000000000015e+01 7.699270000000000280e+00 3.373461999999999961e+01
9.389999999999996362e+03 4.065999999999999659e+01 4.001541999999999888e+01 9.281990000000000407e+00 3.382630000000000337e+01
9.400000000000001819e+03 4.067000000000000171e+01 3.993486999999999654e+01 1.058591999999999977e+01 3.394073000000000206e+01
9.410000000000000000e+03 4.067999999999999972e+01 4.017893000000000114e+01 7.215480000000000338e+00 3.403240999999999872e+01
9.419999999999998181e+03 4.068999999999999773e+01 3.998622000000000298e+01 1.013447999999999993e+01 3.412178000000000111e+01
9.430000000000003638e+03 4.070000000000000284e+01 4.060134999999999650e+01 1.420539999999999914e+00 3.416130000000000422e+01
9.440000000000001819e+03 4.071000000000000085e+01 4.032683999999999713e+01 5.517500000000000071e+00 3.419159000000000503e+01
9.450000000000000000e+03 4.071999999999999886e+01 4.036569000000000074e+01 5.102089999999999570e+00 3.425518000000000285e+01
9.459999999999996362e+03 4.072999999999999687e+01 4.050800999999999874e+01 3.196590000000000042e+00 3.427051000000000158e+01
9.470000000000001819e+03 4.074000000000000199e+01 4.058100000000000307e+01 2.289579999999999949e+00 3.429252000000000322e+01
9.480000000000000000e+03 4.075000000000000000e+01 4.050392000000000081e+01 3.543569999999999887e+00 3.431965999999999894e+01
9.489999999999998181e+03 4.075999999999999801e+01 4.074092000000000269e+01 2.747600000000000042e-01 3.434181999999999846e+01
9.500000000000003638e+03 4.077000000000000313e+01 4.050737000000000165e+01 3.781880000000000130e+00 3.435792000000000002e+01
9.510000000000001819e+03 4.078000000000000114e+01 4.047046999999999883e+01 4.457200000000000273e+00 3.439773000000000280e+01
9.520000000000000000e+03 4.078999999999999915e+01 4.038698999999999728e+01 5.803329999999999878e+00 3.444791000000000025e+01
9.529999999999998181e+03 4.079999999999999716e+01 4.044216999999999729e+01 5.152689999999999770e+00 3.449686000000000519e+01
9.540000000000001819e+03 4.081000000000000227e+01 4.031853000000000264e+01 7.077189999999999870e+00 3.455363000000000540e+01
9.550000000000000000e+03 4.082000000000000028e+01 4.030973999999999791e+01 7.347749999999999559e+00 3.460728000000000293e+01
9.559999999999998181e+03 4.082999999999999829e+01 4.037859000000000265e+01 6.500300000000000189e+00 3.466436000000000206e+01
9.570000000000003638e+03 4.084000000000000341e+01 4.036925999999999704e+01 6.778620000000000090e+00 3.471896000000000271e+01
9.580000000000001819e+03 4.085000000000000142e+01 4.061068000000000211e+01 3.446190000000000087e+00 3.475589000000000084e+01
9.590000000000000000e+03 4.085999999999999943e+01 4.032385000000000019e+01 7.720530000000000115e+00 3.482106000000000279e+01
9.599999999999998181e+03 4.086999999999999744e+01 4.042069000000000045e+01 6.469999999999999751e+00 3.489238000000000284e+01
9.610000000000003638e+03 4.088000000000000256e+01 4.033803000000000338e+01 7.804339999999999833e+00 3.497445000000000448e+01
9.620000000000000000e+03 4.089000000000000057e+01 4.033059000000000083e+01 8.055540000000000589e+00 3.504563000000000272e+01
9.629999999999998181e+03 4.089999999999999858e+01 4.038369999999999749e+01 7.434779999999999944e+00 3.512145999999999901e+01
9.639999999999996362e+03 4.090999999999999659e+01 4.031651000000000096e+01 8.546310000000000073e+00 3.519960000000000377e+01
9.650000000000001819e+03 4.092000000000000171e+01 4.029867000000000132e+01 8.947100000000000719e+00 3.528226000000000084e+01
9.660000000000000000e+03 4.092999999999999972e+01 4.028370000000000317e+01 9.306699999999999307e+00 3.537008000000000152e+01
9.669999999999998181e+03 4.093999999999999773e+01 4.014314999999999856e+01 1.147464000000000084e+01 3.546990000000000265e+01
9.680000000000003638e+03 4.095000000000000284e+01 4.008254000000000161e+01 1.249136999999999986e+01 3.558924999999999983e+01
9.690000000000001819e+03 4.096000000000000085e+01 4.025735999999999848e+01 1.011805000000000021e+01 3.569847000000000037e+01
9.699999999999998181e+03 4.096999999999999886e+01 4.046844999999999715e+01 7.222330000000000361e+00 3.578946000000000538e+01
9.709999999999996362e+03 4.097999999999999687e+01 4.022035000000000338e+01 1.093895999999999979e+01 3.587094000000000449e+01
9.720000000000001819e+03 4.099000000000000199e+01 4.024051000000000045e+01 1.079268000000000072e+01 3.598011000000000337e+01
9.730000000000000000e+03 4.100000000000000000e+01 4.027060999999999780e+01 1.050322000000000067e+01 3.608312000000000097e+01
9.739999999999998181e+03 4.100999999999999801e+01 4.006213000000000335e+01 1.364925999999999995e+01 3.620168999999999926e+01
9.750000000000003638e+03 4.102000000000000313e+01 4.030751000000000062e+01 1.025980999999999987e+01 3.632343000000000188e+01
9.760000000000001819e+03 4.103000000000000114e+01 4.050878999999999763e+01 7.505399999999999849e+00 3.641721000000000430e+01
9.770000000000000000e+03 4.103999999999999915e+01 4.041973999999999734e+01 8.931720000000000326e+00 3.650516000000000361e+01
9.779999999999998181e+03 4.104999999999999716e+01 4.039683000000000135e+01 9.405649999999999622e+00 3.659902000000000299e+01
9.790000000000001819e+03 4.106000000000000227e+01 4.034158999999999651e+01 1.034515999999999991e+01 3.668850000000000477e+01
9.800000000000000000e+03 4.107000000000000028e+01 4.054001000000000232e+01 7.631829999999999892e+00 3.677873000000000303e+01
9.809999999999998181e+03 4.107999999999999829e+01 4.064540999999999826e+01 6.258099999999999774e+00 3.686398000000000508e+01
9.820000000000003638e+03 4.109000000000000341e+01 4.056772999999999740e+01 7.520640000000000214e+00 3.693945000000000078e+01
9.830000000000001819e+03 4.110000000000000142e+01 4.035092000000000212e+01 1.078680999999999912e+01 3.703941000000000372e+01
9.840000000000000000e+03 4.110999999999999943e+01 4.063448999999999955e+01 6.847290000000000099e+00 3.712637000000000143e+01
9.849999999999998181e+03 4.111999999999999744e+01 4.062606999999999857e+01 7.112659999999999982e+00 3.720859000000000094e+01
9.860000000000003638e+03 4.113000000000000256e+01 4.051332000000000022e+01 8.880229999999999180e+00 3.727851000000000425e+01
9.870000000000000000e+03 4.114000000000000057e+01 4.049837000000000131e+01 9.239489999999999981e+00 3.738626000000000005e+01
9.879999999999998181e+03 4.114999999999999858e+01 4.066308999999999685e+01 7.011470000000000091e+00 3.746668999999999983e+01
9.889999999999996362e+03 4.115999999999999659e+01 4.063694000000000273e+01 7.532079999999999664e+00 3.753373000000000559e+01
9.900000000000001819e+03 4.117000000000000171e+01 4.065321000000000140e+01 7.441769999999999996e+00 3.762033000000000271e+01
9.910000000000000000e+03 4.117999999999999972e+01 4.063976999999999862e+01 7.779270000000000351e+00 3.770306000000000068e+01
9.919999999999998181e+03 4.118999999999999773e+01 4.073315999999999804e+01 6.578479999999999883e+00 3.777528000000000219e+01
9.930000000000003638e+03 4.120000000000000284e+01 4.072185999999999950e+01 6.885189999999999699e+00 3.785155999999999921e+01
9.940000000000001819e+03 4.121000000000000085e+01 4.049222999999999928e+01 1.033583999999999925e+01 3.793515000000000015e+01
9.949999999999998181e+03 4.121999999999999886e+01 4.043713999999999942e+01 1.127312000000000047e+01 3.803320000000000078e+01
9.959999999999996362e+03 4.122999999999999687e+01 4.047888999999999982e+01 1.081593999999999944e+01 3.813703999999999894e+01
9.970000000000001819e+03 4.124000000000000199e+01 4.077658999999999878e+01 6.673040000000000305e+00 3.822258000000000067e+01
9.980000000000000000e+03 4.125000000000000000e+01 4.071343999999999852e+01 7.726499999999999702e+00 3.829626000000000374e+01
9.989999999999998181e+03 4.125999999999999801e+01 4.079657999999999873e+01 6.673180000000000334e+00 3.836048000000000258e+01
1.000000000000000364e+04 4.127000000000000313e+01 4.065028999999999826e+01 8.923880000000000479e+00 3.836048000000000258e+01
1.001000000000000182e+04 4.128000000000000114e+01 4.068892000000000309e+01 8.511620000000000630e+00 3.844358000000000430e+01
1.002000000000000000e+04 4.128999999999999915e+01 4.073169999999999646e+01 8.039479999999999293e+00 3.853223000000000553e+01
1.002999999999999818e+04 4.129999999999999716e+01 4.112747000000000241e+01 2.484500000000000153e+00 3.859923000000000570e+01
1.004000000000000182e+04 4.131000000000000227e+01 4.086966999999999928e+01 6.340760000000000396e+00 3.865868000000000393e+01
1.005000000000000000e+04 4.132000000000000028e+01 4.073980000000000246e+01 8.354929999999999524e+00 3.872908999999999935e+01
1.005999999999999818e+04 4.132999999999999829e+01 4.079133999999999816e+01 7.756750000000000256e+00 3.881134000000000128e+01
1.007000000000000364e+04 4.134000000000000341e+01 4.079290000000000305e+01 7.878230000000000288e+00 3.888061000000000433e+01
1.008000000000000182e+04 4.135000000000000142e+01 4.079843999999999937e+01 7.942520000000000024e+00 3.897426000000000101e+01
1.009000000000000000e+04 4.135999999999999943e+01 4.073499000000000336e+01 9.000209999999999155e+00 3.906818000000000524e+01
1.009999999999999818e+04 4.136999999999999744e+01 4.049786000000000286e+01 1.255879999999999974e+01 3.917132000000000147e+01
1.011000000000000364e+04 4.138000000000000256e+01 4.079634000000000071e+01 8.404640000000000555e+00 3.929452000000000567e+01
1.012000000000000000e+04 4.139000000000000057e+01 4.079296000000000078e+01 8.597310000000000230e+00 3.938348000000000582e+01
1.012999999999999818e+04 4.139999999999999858e+01 4.065950999999999738e+01 1.066311999999999927e+01 3.948498000000000019e+01
1.013999999999999636e+04 4.140999999999999659e+01 4.072386999999999802e+01 9.880219999999999558e+00 3.957402000000000442e+01
1.015000000000000182e+04 4.142000000000000171e+01 4.079735000000000156e+01 8.966169999999999973e+00 3.967347000000000179e+01
1.016000000000000000e+04 4.142999999999999972e+01 4.086889000000000038e+01 8.080040000000000333e+00 3.974978000000000122e+01
1.016999999999999818e+04 4.143999999999999773e+01 4.087695000000000078e+01 8.107960000000000278e+00 3.982489000000000345e+01
1.018000000000000364e+04 4.145000000000000284e+01 4.078567999999999927e+01 9.566169999999999618e+00 3.991405000000000314e+01
1.019000000000000182e+04 4.146000000000000085e+01 4.071972999999999843e+01 1.065989000000000075e+01 4.000068000000000268e+01
1.019999999999999818e+04 4.146999999999999886e+01 4.091738000000000142e+01 7.957720000000000127e+00 4.009279000000000082e+01
1.020999999999999636e+04 4.147999999999999687e+01 4.102725000000000222e+01 6.519549999999999734e+00 4.016721000000000430e+01
1.022000000000000182e+04 4.149000000000000199e+01 4.092085000000000150e+01 8.195790000000000575e+00 4.024496000000000606e+01
1.023000000000000000e+04 4.150000000000000000e+01 4.097737000000000052e+01 7.525809999999999889e+00 4.033176000000000272e+01
1.023999999999999818e+04 4.150999999999999801e+01 4.105785000000000196e+01 6.511020000000000252e+00 4.040435000000000088e+01
1.025000000000000364e+04 4.152000000000000313e+01 4.087149000000000143e+01 9.338530000000000442e+00 4.050130000000000052e+01
1.026000000000000182e+04 4.153000000000000114e+01 4.078909000000000162e+01 1.066905000000000037e+01 4.061524000000000001e+01
1.027000000000000000e+04 4.153999999999999915e+01 4.077324999999999733e+01 1.104121999999999915e+01 4.071103000000000094e+01
1.027999999999999818e+04 4.154999999999999716e+01 4.104986000000000246e+01 7.201990000000000336e+00 4.080964000000000169e+01
1.029000000000000182e+04 4.156000000000000227e+01 4.098237999999999914e+01 8.317769999999999442e+00 4.089906000000000574e+01
1.030000000000000000e+04 4.157000000000000028e+01 4.086043000000000092e+01 1.021787999999999919e+01 4.100710000000000122e+01
1.030999999999999818e+04 4.157999999999999829e+01 4.057381000000000171e+01 1.448916000000000004e+01 4.112942999999999927e+01
1.032000000000000364e+04 4.159000000000000341e+01 4.060661000000000342e+01 1.416088000000000058e+01 4.127809000000000594e+01
1.033000000000000182e+04 4.160000000000000142e+01 4.028242999999999796e+01 1.897299999999999898e+01 4.143998000000000559e+01
1.034000000000000000e+04 4.160999999999999943e+01 4.027926999999999680e+01 1.916252000000000066e+01 4.163824000000000325e+01
1.034999999999999818e+04 4.161999999999999744e+01 4.069326000000000221e+01 1.334511999999999965e+01 4.181014000000000408e+01
1.036000000000000364e+04 4.163000000000000256e+01 4.048944000000000187e+01 1.642408999999999963e+01 4.196465000000000600e+01
1.037000000000000000e+04 4.164000000000000057e+01 4.066689000000000220e+01 1.401281999999999961e+01 4.212199000000000382e+01
1.037999999999999818e+04 4.164999999999999858e+01 4.069080000000000297e+01 1.381244000000000050e+01 4.226388000000000034e+01
1.038999999999999636e+04 4.165999999999999659e+01 4.083829999999999671e+01 1.183242000000000083e+01 4.239245999999999981e+01
1.040000000000000182e+04 4.167000000000000171e+01 4.078766000000000247e+01 1.270566999999999958e+01 4.252456000000000103e+01
1.041000000000000000e+04 4.167999999999999972e+01 4.079970999999999748e+01 1.267618000000000045e+01 4.265870999999999924e+01
1.041999999999999818e+04 4.168999999999999773e+01 4.095647999999999911e+01 1.056267000000000067e+01 4.278467000000000553e+01
1.043000000000000364e+04 4.170000000000000284e+01 4.098360000000000269e+01 1.031611999999999973e+01 4.288672000000000395e+01
1.044000000000000182e+04 4.171000000000000085e+01 4.089016000000000162e+01 1.180569999999999986e+01 4.299475999999999942e+01
1.044999999999999818e+04 4.171999999999999886e+01 4.110562999999999789e+01 8.846940000000000026e+00 4.310937000000000552e+01
1.045999999999999636e+04 4.172999999999999687e+01 4.091467000000000098e+01 1.174070000000000036e+01 4.322562000000000637e+01
1.047000000000000182e+04 4.174000000000000199e+01 4.095591999999999899e+01 1.129077000000000019e+01 4.333056000000000552e+01
1.048000000000000000e+04 4.175000000000000000e+01 4.099351999999999663e+01 1.089331999999999923e+01 4.345268000000000086e+01
1.048999999999999818e+04 4.175999999999999801e+01 4.107822999999999780e+01 9.817429999999999879e+00 4.354581000000000301e+01
1.050000000000000364e+04 4.177000000000000313e+01 4.082853000000000065e+01 1.355713000000000079e+01 4.366929999999999978e+01
1.051000000000000182e+04 4.178000000000000114e+01 4.105411999999999750e+01 1.045273000000000074e+01 4.376766000000000645e+01
1.052000000000000000e+04 4.178999999999999915e+01 4.107303999999999888e+01 1.032418999999999976e+01 4.387530999999999892e+01
1.052999999999999818e+04 4.179999999999999716e+01 4.112543000000000148e+01 9.713829999999999742e+00 4.398154999999999859e+01
1.054000000000000182e+04 4.181000000000000227e+01 4.115704999999999814e+01 9.402480000000000615e+00 4.407776000000000494e+01
1.055000000000000000e+04 4.182000000000000028e+01 4.088329000000000235e+01 1.348867000000000083e+01 4.419923000000000002e+01
1.055999999999999818e+04 4.182999999999999829e+01 4.101722000000000179e+01 1.170404000000000089e+01 4.429733000000000231e+01
1.057000000000000364e+04 4.184000000000000341e+01 4.093198999999999899e+01 1.307536999999999949e+01 4.441673000000000116e+01
1.058000000000000182e+04 4.185000000000000142e+01 4.126068999999999676e+01 8.486060000000000159e+00 4.452578000000000458e+01
1.059000000000000000e+04 4.185999999999999943e+01 4.102394000000000318e+01 1.203932000000000002e+01 4.462913999999999959e+01
1.059999999999999818e+04 4.186999999999999744e+01 4.108550000000000324e+01 1.129674999999999940e+01 4.474881000000000597e+01
1.061000000000000364e+04 4.188000000000000256e+01 4.127273999999999887e+01 8.744569999999999510e+00 4.485326000000000590e+01
1.062000000000000000e+04 4.189000000000000057e+01 4.095718000000000103e+01 1.343263999999999925e+01 4.496038000000000068e+01
1.062999999999999818e+04 4.189999999999999858e+01 4.090382999999999925e+01 1.434491000000000049e+01 4.507737000000000194e+01
1.063999999999999636e+04 4.190999999999999659e+01 4.119724000000000075e+01 1.026375999999999955e+01 4.519738000000000255e+01
1.065000000000000182e+04 4.192000000000000171e+01 4.117414000000000129e+01 1.074043999999999954e+01 4.530425000000000324e+01
1.066000000000000000e+04 4.192999999999999972e+01 4.146574999999999989e+01 6.685209999999999653e+00 4.539803000000000566e+01
1.066999999999999818e+04 4.193999999999999773e+01 4.146800999999999959e+01 6.796640000000000015e+00 4.548396000000000328e+01
1.068000000000000364e+04 4.195000000000000284e+01 4.131727999999999668e+01 9.111119999999999663e+00 4.556119999999999948e+01
1.069000000000000182e+04 4.196000000000000085e+01 4.118381000000000114e+01 1.117716000000000065e+01 4.567271000000000214e+01
1.069999999999999818e+04 4.196999999999999886e+01 4.126310000000000144e+01 1.017937000000000047e+01 4.578737999999999886e+01
1.070999999999999636e+04 4.197999999999999687e+01 4.119959000000000060e+01 1.123797000000000068e+01 4.588719999999999999e+01
1.072000000000000182e+04 4.199000000000000199e+01 4.115055999999999869e+01 1.208799999999999919e+01 4.599766000000000332e+01
1.073000000000000000e+04 4.200000000000000000e+01 4.108948000000000178e+01 1.311151000000000089e+01 4.611569000000000074e+01
1.073999999999999818e+04 4.200999999999999801e+01 4.135007999999999839e+01 9.502819999999999823e+00 4.622599000000000302e+01
1.075000000000000364e+04 4.202000000000000313e+01 4.122259999999999991e+01 1.148263000000000034e+01 4.631050000000000466e+01
1.076000000000000182e+04 4.203000000000000114e+01 4.095456999999999681e+01 1.548625999999999969e+01 4.643648000000000309e+01
1.077000000000000000e+04 4.203999999999999915e+01 4.111310000000000286e+01 1.334730000000000061e+01 4.658198000000000150e+01
1.077999999999999818e+04 4.204999999999999716e+01 4.119950000000000045e+01 1.224727000000000032e+01 4.671232000000000539e+01
1.079000000000000182e+04 4.206000000000000227e+01 4.153309000000000140e+01 7.587530000000000108e+00 4.681504000000000332e+01
1.080000000000000000e+04 4.207000000000000028e+01 4.158610000000000184e+01 6.968230000000000146e+00 4.692425000000000068e+01
1.080999999999999818e+04 4.207999999999999829e+01 4.142844999999999800e+01 9.382260000000000488e+00 4.699929000000000201e+01
1.082000000000000364e+04 4.209000000000000341e+01 4.173387999999999920e+01 5.128190000000000026e+00 4.706774000000000058e+01
1.083000000000000182e+04 4.210000000000000142e+01 4.148649000000000342e+01 8.834509999999999863e+00 4.713994000000000284e+01
1.084000000000000000e+04 4.210999999999999943e+01 4.138660000000000139e+01 1.041695999999999955e+01 4.722585000000000122e+01
1.084999999999999818e+04 4.211999999999999744e+01 4.165075000000000216e+01 6.757240000000000357e+00 4.731651000000000096e+01
1.086000000000000364e+04 4.213000000000000256e+01 4.154084000000000287e+01 8.483950000000000102e+00 4.739701000000000164e+01
1.087000000000000000e+04 4.214000000000000057e+01 4.170185000000000031e+01 6.309319999999999595e+00 4.748085000000000377e+01
1.087999999999999818e+04 4.214999999999999858e+01 4.146117000000000274e+01 9.919180000000000774e+00 4.755057000000000045e+01
1.088999999999999636e+04 4.215999999999999659e+01 4.172957000000000249e+01 6.198150000000000048e+00 4.762422000000000111e+01
1.090000000000000182e+04 4.217000000000000171e+01 4.162950000000000017e+01 7.783140000000000391e+00 4.769534000000000162e+01
1.091000000000000000e+04 4.217999999999999972e+01 4.164849999999999852e+01 7.653539999999999566e+00 4.777003000000000554e+01
1.091999999999999818e+04 4.218999999999999773e+01 4.176536000000000115e+01 6.114819999999999922e+00 4.783386000000000138e+01
1.093000000000000364e+04 4.220000000000000284e+01 4.141649999999999920e+01 1.128241000000000049e+01 4.790178000000000225e+01
1.094000000000000182e+04 4.221000000000000085e+01 4.172986999999999824e+01 6.913929999999999687e+00 4.798629000000000389e+01
1.094999999999999818e+04 4.221999999999999886e+01 4.170302000000000220e+01 7.444519999999999804e+00 4.806113000000000568e+01
1.095999999999999636e+04 4.222999999999999687e+01 4.154050999999999760e+01 9.928630000000000067e+00 4.815248000000000417e+01
1.097000000000000182e+04 4.224000000000000199e+01 4.174873999999999796e+01 7.074089999999999989e+00 4.824231000000000336e+01
1.098000000000000000e+04 4.225000000000000000e+01 4.156179000000000201e+01 9.910180000000000433e+00 4.832283000000000328e+01
1.098999999999999818e+04 4.225999999999999801e+01 4.157061000000000206e+01 9.927260000000000417e+00 4.841656000000000404e+01
1.100000000000000364e+04 4.227000000000000313e+01 4.173165999999999798e+01 7.752119999999999678e+00 4.841656000000000404e+01
1.101000000000000182e+04 4.228000000000000114e+01 4.172961000000000098e+01 7.925639999999999574e+00 4.849159000000000219e+01
1.102000000000000000e+04 4.228999999999999915e+01 4.186384000000000327e+01 6.136669999999999625e+00 4.855961000000000638e+01
1.102999999999999818e+04 4.229999999999999716e+01 4.171056000000000097e+01 8.487940000000000040e+00 4.862817000000000434e+01
1.104000000000000182e+04 4.231000000000000227e+01 4.188582999999999856e+01 6.108019999999999783e+00 4.869963000000000619e+01
1.105000000000000000e+04 4.232000000000000028e+01 4.196829000000000320e+01 5.064659999999999940e+00 4.875290000000000390e+01
1.105999999999999818e+04 4.232999999999999829e+01 4.187010000000000076e+01 6.622630000000000017e+00 4.880426000000000641e+01
1.107000000000000364e+04 4.234000000000000341e+01 4.200701000000000107e+01 4.795079999999999565e+00 4.886034000000000077e+01
1.108000000000000182e+04 4.235000000000000142e+01 4.163228999999999758e+01 1.033500000000000085e+01 4.894445000000000334e+01
1.109000000000000000e+04 4.235999999999999943e+01 4.160475999999999885e+01 1.087545000000000073e+01 4.904550000000000409e+01
1.109999999999999818e+04 4.236999999999999744e+01 4.159633000000000180e+01 1.114077999999999946e+01 4.917185000000000628e+01
1.111000000000000364e+04 4.238000000000000256e+01 4.169843999999999795e+01 9.814420000000000144e+00 4.927684000000000708e+01
1.112000000000000000e+04 4.239000000000000057e+01 4.189605000000000246e+01 7.112919999999999909e+00 4.934262000000000370e+01
1.112999999999999818e+04 4.239999999999999858e+01 4.175303000000000253e+01 9.316430000000000433e+00 4.942218000000000444e+01
1.113999999999999636e+04 4.240999999999999659e+01 4.167660999999999660e+01 1.056079000000000079e+01 4.951781000000000432e+01
1.115000000000000182e+04 4.242000000000000171e+01 4.165433999999999770e+01 1.102547000000000033e+01 4.963502000000000436e+01
1.116000000000000000e+04 4.242999999999999972e+01 4.218907999999999703e+01 3.469300000000000050e+00 4.971498000000000417e+01
1.116999999999999818e+04 4.243999999999999773e+01 4.200495999999999697e+01 6.264649999999999608e+00 4.975134000000000611e+01
1.118000000000000364e+04 4.245000000000000284e+01 4.208174000000000348e+01 5.302990000000000315e+00 4.980383000000000493e+01
1.119000000000000182e+04 4.246000000000000085e+01 4.205803999999999832e+01 5.788299999999999557e+00 4.984856000000000620e+01
1.119999999999999818e+04 4.246999999999999886e+01 4.208135000000000048e+01 5.596540000000000070e+00 4.990983000000000658e+01
1.120999999999999636e+04 4.247999999999999687e+01 4.215209999999999724e+01 4.721809999999999619e+00 4.993438000000000443e+01
1.122000000000000182e+04 4.249000000000000199e+01 4.215850999999999971e+01 4.773439999999999905e+00 4.996121000000000123e+01
1.123000000000000000e+04 4.250000000000000000e+01 4.253282999999999703e+01 -4.727399999999999936e-01 4.999595000000000766e+01
1.123999999999999818e+04 4.250999999999999801e+01 4.209763999999999839e+01 5.937999999999999723e+00 5.001997000000000071e+01
1.125000000000000364e+04 4.252000000000000313e+01 4.235578000000000287e+01 2.364770000000000039e+00 5.007040000000000646e+01
1.126000000000000182e+04 4.253000000000000114e+01 4.222323999999999700e+01 4.417340000000000266e+00 5.011063000000000045e+01
1.127000000000000000e+04 4.253999999999999915e+01 4.216550000000000153e+01 5.392730000000000246e+00 5.018039000000000271e+01
1.127999999999999818e+04 4.254999999999999716e+01 4.212095000000000056e+01 6.178289999999999615e+00 5.023541000000000167e+01
1.129000000000000182e+04 4.256000000000000227e+01 4.223610000000000042e+01 4.664159999999999862e+00 5.027963000000000449e+01
1.130000000000000000e+04 4.257000000000000028e+01 4.214634000000000214e+01 6.100710000000000299e+00 5.033253000000000554e+01
1.130999999999999818e+04 4.257999999999999829e+01 4.218008999999999986e+01 5.758670000000000400e+00 5.039129000000000502e+01
1.132000000000000364e+04 4.259000000000000341e+01 4.215447000000000344e+01 6.271650000000000169e+00 5.045289000000000357e+01
1.133000000000000182e+04 4.260000000000000142e+01 4.239146999999999821e+01 3.002790000000000070e+00 5.049550000000000693e+01
1.134000000000000000e+04 4.260999999999999943e+01 4.224947999999999837e+01 5.191430000000000433e+00 5.053307000000000215e+01
1.134999999999999818e+04 4.261999999999999744e+01 4.224273999999999774e+01 5.432590000000000252e+00 5.058718000000000359e+01
1.136000000000000364e+04 4.263000000000000256e+01 4.213864000000000232e+01 7.075529999999999653e+00 5.063920000000000243e+01
1.137000000000000000e+04 4.264000000000000057e+01 4.216507000000000005e+01 6.838980000000000281e+00 5.070093000000000671e+01
1.137999999999999818e+04 4.264999999999999858e+01 4.219131000000000142e+01 6.605100000000000193e+00 5.075795000000000101e+01
1.138999999999999636e+04 4.265999999999999659e+01 4.228020000000000067e+01 5.469149999999999956e+00 5.081145000000000778e+01
1.140000000000000182e+04 4.267000000000000171e+01 4.239504000000000161e+01 3.959420000000000162e+00 5.083782000000000778e+01
1.141000000000000000e+04 4.267999999999999972e+01 4.251901000000000153e+01 2.318259999999999987e+00 5.087521000000000271e+01
1.141999999999999818e+04 4.268999999999999773e+01 4.231774000000000058e+01 5.360509999999999664e+00 5.091108000000000544e+01
1.143000000000000364e+04 4.270000000000000284e+01 4.241602999999999923e+01 4.089220000000000077e+00 5.095716000000000179e+01
1.144000000000000182e+04 4.271000000000000085e+01 4.261068999999999818e+01 1.430039999999999978e+00 5.098869000000000540e+01
1.144999999999999818e+04 4.271999999999999886e+01 4.244709999999999894e+01 3.929790000000000116e+00 5.102662000000000120e+01
1.145999999999999636e+04 4.272999999999999687e+01 4.243036000000000030e+01 4.314869999999999983e+00 5.107074000000000069e+01
1.147000000000000182e+04 4.274000000000000199e+01 4.228784999999999883e+01 6.510900000000000354e+00 5.110669000000000040e+01
1.148000000000000000e+04 4.275000000000000000e+01 4.238192000000000093e+01 5.300410000000000288e+00 5.116325000000000500e+01
1.148999999999999818e+04 4.275999999999999801e+01 4.231228999999999729e+01 6.447000000000000064e+00 5.124323000000000405e+01
1.150000000000000364e+04 4.277000000000000313e+01 4.240749999999999886e+01 5.220010000000000261e+00 5.128262000000000143e+01
1.151000000000000182e+04 4.278000000000000114e+01 4.228070000000000306e+01 7.189919999999999867e+00 5.134504000000000445e+01
1.152000000000000000e+04 4.278999999999999915e+01 4.220826000000000278e+01 8.377050000000000551e+00 5.143724000000000274e+01
1.152999999999999818e+04 4.279999999999999716e+01 4.213418999999999670e+01 9.587680000000000646e+00 5.153292000000000428e+01
1.154000000000000182e+04 4.281000000000000227e+01 4.217251000000000261e+01 9.179830000000000823e+00 5.160640000000000072e+01
1.155000000000000000e+04 4.282000000000000028e+01 4.228770000000000095e+01 7.665160000000000196e+00 5.170219000000000165e+01
1.155999999999999818e+04 4.282999999999999829e+01 4.247787000000000290e+01 5.070689999999999920e+00 5.175943000000000183e+01
1.157000000000000364e+04 4.284000000000000341e+01 4.224416000000000082e+01 8.580080000000000595e+00 5.181158000000000641e+01
1.158000000000000182e+04 4.285000000000000142e+01 4.239985000000000070e+01 6.482140000000000235e+00 5.189832000000000534e+01
1.159000000000000000e+04 4.285999999999999943e+01 4.244610000000000127e+01 5.960180000000000256e+00 5.196107000000000653e+01
1.159999999999999818e+04 4.286999999999999744e+01 4.259371999999999758e+01 3.978390000000000093e+00 5.200336000000000070e+01
1.161000000000000364e+04 4.288000000000000256e+01 4.270624000000000109e+01 2.502110000000000056e+00 5.204802000000000106e+01
1.162000000000000000e+04 4.289000000000000057e+01 4.222001000000000204e+01 9.647890000000000299e+00 5.210194000000000614e+01
1.162999999999999818e+04 4.289999999999999858e+01 4.235790999999999684e+01 7.806040000000000312e+00 5.216882000000000374e+01
1.163999999999999636e+04 4.290999999999999659e+01 4.209275000000000233e+01 1.176837000000000089e+01 5.226918000000000575e+01
1.165000000000000182e+04 4.292000000000000171e+01 4.236175999999999675e+01 8.038600000000000634e+00 5.237231000000000591e+01
1.166000000000000000e+04 4.292999999999999972e+01 4.267698000000000036e+01 3.643499999999999961e+00 5.242039000000000470e+01
1.166999999999999818e+04 4.293999999999999773e+01 4.272077000000000169e+01 3.156979999999999897e+00 5.246348000000000411e+01
1.168000000000000364e+04 4.295000000000000284e+01 4.267799000000000120e+01 3.917009999999999881e+00 5.248545000000000016e+01
1.169000000000000182e+04 4.296000000000000085e+01 4.256175999999999959e+01 5.734680000000000000e+00 5.252598000000000411e+01
1.169999999999999818e+04 4.296999999999999886e+01 4.225233000000000061e+01 1.033442999999999934e+01 5.261040000000000560e+01
1.170999999999999636e+04 4.297999999999999687e+01 4.213633000000000095e+01 1.214880999999999922e+01 5.272680000000000433e+01
1.172000000000000182e+04 4.299000000000000199e+01 4.244556000000000040e+01 7.839940000000000353e+00 5.283995000000000175e+01
1.173000000000000000e+04 4.300000000000000000e+01 4.255160000000000053e+01 6.456979999999999720e+00 5.290804000000000684e+01
1.173999999999999818e+04 4.300999999999999801e+01 4.259020999999999901e+01 6.045020000000000060e+00 5.295808000000000249e+01
1.175000000000000364e+04 4.302000000000000313e+01 4.288922999999999774e+01 1.883150000000000102e+00 5.298747000000000185e+01
1.176000000000000182e+04 4.303000000000000114e+01 4.272068999999999761e+01 4.454089999999999883e+00 5.300503000000000497e+01
1.177000000000000000e+04 4.303999999999999915e+01 4.298727000000000231e+01 7.592600000000000460e-01 5.303139000000000181e+01
1.177999999999999818e+04 4.304999999999999716e+01 4.293072000000000088e+01 1.717619999999999925e+00 5.304307000000000016e+01
1.179000000000000182e+04 4.306000000000000227e+01 4.266170000000000329e+01 5.735500000000000043e+00 5.308054000000000627e+01
1.180000000000000000e+04 4.307000000000000028e+01 4.265068000000000126e+01 6.038160000000000416e+00 5.314748000000000161e+01
1.180999999999999818e+04 4.307999999999999829e+01 4.245067999999999842e+01 9.062250000000000583e+00 5.322260000000000701e+01
1.182000000000000364e+04 4.309000000000000341e+01 4.233191999999999666e+01 1.091639999999999944e+01 5.330746000000000606e+01
1.183000000000000182e+04 4.310000000000000142e+01 4.209291000000000338e+01 1.450210000000000043e+01 5.343672000000000111e+01
1.184000000000000000e+04 4.310999999999999943e+01 4.246851000000000198e+01 9.237420000000000186e+00 5.356549000000000404e+01
1.184999999999999818e+04 4.311999999999999744e+01 4.257766999999999769e+01 7.809490000000000265e+00 5.365543000000000262e+01
1.186000000000000364e+04 4.313000000000000256e+01 4.258633999999999986e+01 7.828769999999999563e+00 5.374046000000000589e+01
1.187000000000000000e+04 4.314000000000000057e+01 4.240243999999999858e+01 1.062091999999999992e+01 5.382785000000000508e+01
1.187999999999999818e+04 4.314999999999999858e+01 4.251758999999999844e+01 9.106680000000000774e+00 5.392326000000000619e+01
1.188999999999999636e+04 4.315999999999999659e+01 4.260412999999999784e+01 8.004469999999999530e+00 5.399974000000000274e+01
1.190000000000000182e+04 4.317000000000000171e+01 4.251764000000000010e+01 9.394009999999999749e+00 5.407557000000000613e+01
1.191000000000000000e+04 4.317999999999999972e+01 4.268189999999999884e+01 7.172640000000000349e+00 5.416111000000000786e+01
1.191999999999999818e+04 4.318999999999999773e+01 4.274090999999999951e+01 6.466879999999999740e+00 5.421965000000000146e+01
1.193000000000000364e+04 4.320000000000000284e+01 4.289659999999999940e+01 4.368920000000000137e+00 5.426088000000000022e+01
1.194000000000000182e+04 4.321000000000000085e+01 4.306745999999999697e+01 2.052560000000000162e+00 5.431243000000000620e+01
1.194999999999999818e+04 4.321999999999999886e+01 4.318052000000000135e+01 5.684500000000000108e-01 5.434184000000000481e+01
1.195999999999999636e+04 4.322999999999999687e+01 4.315258000000000038e+01 1.114840000000000053e+00 5.433185000000000286e+01
1.197000000000000182e+04 4.324000000000000199e+01 4.313342999999999705e+01 1.534540000000000015e+00 5.432186000000000092e+01
1.198000000000000000e+04 4.325000000000000000e+01 4.309396999999999878e+01 2.246900000000000119e+00 5.434336000000000411e+01
1.198999999999999818e+04 4.325999999999999801e+01 4.296582999999999686e+01 4.236069999999999780e+00 5.437854000000000099e+01
1.200000000000000364e+04 4.327000000000000313e+01 4.283465999999999951e+01 6.268869999999999720e+00 5.437854000000000099e+01
1.201000000000000182e+04 4.328000000000000114e+01 4.275975999999999999e+01 7.491419999999999746e+00 5.443809000000000253e+01
1.202000000000000000e+04 4.328999999999999915e+01 4.293522999999999712e+01 5.108690000000000175e+00 5.450422000000000367e+01
1.202999999999999818e+04 4.329999999999999716e+01 4.288723000000000241e+01 5.943889999999999674e+00 5.456756000000000029e+01
1.204000000000000182e+04 4.331000000000000227e+01 4.314191999999999894e+01 2.420279999999999987e+00 5.459452999999999889e+01
1.205000000000000000e+04 4.332000000000000028e+01 4.314603999999999928e+01 2.505090000000000039e+00 5.460584000000000060e+01
1.205999999999999818e+04 4.332999999999999829e+01 4.296943000000000268e+01 5.192249999999999588e+00 5.465637999999999863e+01
1.207000000000000364e+04 4.334000000000000341e+01 4.279921000000000220e+01 7.787329999999999863e+00 5.473266000000000275e+01
1.208000000000000182e+04 4.335000000000000142e+01 4.276595999999999975e+01 8.410119999999999152e+00 5.481427000000000049e+01
1.209000000000000000e+04 4.335999999999999943e+01 4.303732000000000113e+01 4.646589999999999776e+00 5.487987000000000393e+01
1.209999999999999818e+04 4.336999999999999744e+01 4.277284999999999826e+01 8.599019999999999442e+00 5.495213999999999999e+01
1.211000000000000364e+04 4.338000000000000256e+01 4.290852999999999895e+01 6.789109999999999978e+00 5.503211000000000297e+01
1.212000000000000000e+04 4.339000000000000057e+01 4.306360999999999706e+01 4.699950000000000294e+00 5.506589999999999918e+01
1.212999999999999818e+04 4.339999999999999858e+01 4.319501000000000346e+01 2.951849999999999863e+00 5.508771000000000129e+01
1.213999999999999636e+04 4.340999999999999659e+01 4.313998999999999739e+01 3.888199999999999878e+00 5.513340999999999781e+01
1.215000000000000182e+04 4.342000000000000171e+01 4.332305000000000206e+01 1.396139999999999937e+00 5.516460000000000008e+01
1.216000000000000000e+04 4.342999999999999972e+01 4.344800999999999647e+01 -2.592900000000000205e-01 5.519630000000000081e+01
1.216999999999999818e+04 4.343999999999999773e+01 4.311787000000000347e+01 4.638720000000000176e+00 5.522212999999999994e+01
1.218000000000000364e+04 4.345000000000000284e+01 4.305044999999999789e+01 5.753490000000000215e+00 5.527741999999999933e+01
1.219000000000000182e+04 4.346000000000000085e+01 4.304299999999999926e+01 6.004809999999999981e+00 5.532381000000000171e+01
1.219999999999999818e+04 4.346999999999999886e+01 4.325822999999999752e+01 3.049560000000000048e+00 5.534642000000000195e+01
1.220999999999999636e+04 4.347999999999999687e+01 4.323279000000000138e+01 3.559790000000000010e+00 5.539571000000000112e+01
1.222000000000000182e+04 4.349000000000000199e+01 4.311802999999999741e+01 5.356359999999999566e+00 5.544534999999999769e+01
1.223000000000000000e+04 4.350000000000000000e+01 4.322867999999999711e+01 3.907029999999999781e+00 5.547127000000000407e+01
1.223999999999999818e+04 4.350999999999999801e+01 4.279484000000000066e+01 1.029824999999999946e+01 5.554588000000000392e+01
1.225000000000000364e+04 4.352000000000000313e+01 4.299501000000000062e+01 7.559919999999999973e+00 5.563651000000000124e+01
1.226000000000000182e+04 4.353000000000000114e+01 4.293186000000000035e+01 8.613149999999999196e+00 5.572505999999999915e+01
1.227000000000000000e+04 4.353999999999999915e+01 4.315657999999999817e+01 5.521230000000000082e+00 5.578920000000000101e+01
1.227999999999999818e+04 4.354999999999999716e+01 4.328773000000000337e+01 3.776710000000000012e+00 5.585050999999999988e+01
1.229000000000000182e+04 4.356000000000000227e+01 4.331862000000000279e+01 3.475810000000000066e+00 5.588318999999999903e+01
1.230000000000000000e+04 4.357000000000000028e+01 4.348416000000000281e+01 1.236029999999999962e+00 5.591503000000000156e+01
1.230999999999999818e+04 4.357999999999999829e+01 4.328228000000000009e+01 4.287099999999999689e+00 5.593811999999999784e+01
1.232000000000000364e+04 4.359000000000000341e+01 4.358594999999999686e+01 5.827999999999999847e-02 5.599540999999999968e+01
1.233000000000000182e+04 4.360000000000000142e+01 4.327830999999999761e+01 4.632340000000000124e+00 5.602608000000000033e+01
1.234000000000000000e+04 4.360999999999999943e+01 4.347523000000000337e+01 1.940679999999999961e+00 5.606752999999999787e+01
1.234999999999999818e+04 4.361999999999999744e+01 4.317011000000000109e+01 6.478399999999999714e+00 5.611702999999999975e+01
1.236000000000000182e+04 4.363000000000000256e+01 4.311840999999999724e+01 7.366909999999999847e+00 5.617815999999999832e+01
1.237000000000000000e+04 4.364000000000000057e+01 4.326977000000000118e+01 5.331290000000000084e+00 5.621845000000000425e+01
1.237999999999999818e+04 4.364999999999999858e+01 4.327546000000000248e+01 5.393309999999999604e+00 5.627900000000000347e+01
1.238999999999999636e+04 4.365999999999999659e+01 4.308118999999999943e+01 8.334839999999999804e+00 5.636245000000000260e+01
1.240000000000000182e+04 4.367000000000000171e+01 4.328090000000000259e+01 5.603060000000000151e+00 5.641799000000000319e+01
1.241000000000000000e+04 4.367999999999999972e+01 4.359790999999999883e+01 1.182069999999999954e+00 5.642195000000000249e+01
1.241999999999999818e+04 4.368999999999999773e+01 4.329348000000000241e+01 5.709839999999999804e+00 5.645201000000000136e+01
1.243000000000000364e+04 4.370000000000000284e+01 4.354670000000000130e+01 2.207559999999999967e+00 5.648501999999999867e+01
1.244000000000000182e+04 4.371000000000000085e+01 4.357238999999999862e+01 1.981579999999999897e+00 5.651351000000000369e+01
1.244999999999999818e+04 4.371999999999999886e+01 4.354511999999999716e+01 2.518279999999999852e+00 5.654534999999999911e+01
1.245999999999999636e+04 4.372999999999999687e+01 4.362198999999999671e+01 1.555369999999999919e+00 5.656165000000000020e+01
1.247000000000000182e+04 4.374000000000000199e+01 4.370454000000000150e+01 5.106199999999999628e-01 5.659269000000000460e+01
1.248000000000000000e+04 4.375000000000000000e+01 4.368477000000000032e+01 9.393299999999999983e-01 5.659111000000000047e+01
1.248999999999999818e+04 4.375999999999999801e+01 4.325341000000000236e+01 7.294929999999999914e+00 5.661814000000000391e+01
1.250000000000000364e+04 4.377000000000000313e+01 4.331515000000000271e+01 6.549789999999999779e+00 5.667960000000000065e+01
1.251000000000000182e+04 4.378000000000000114e+01 4.379102000000000317e+01 -1.587300000000000100e-01 5.671875000000000000e+01
1.252000000000000000e+04 4.378999999999999915e+01 4.355566999999999922e+01 3.374309999999999921e+00 5.673855999999999966e+01
1.252999999999999818e+04 4.379999999999999716e+01 4.362644000000000233e+01 2.499340000000000117e+00 5.675879000000000474e+01
1.254000000000000182e+04 4.381000000000000227e+01 4.348172999999999888e+01 4.727140000000000342e+00 5.678952000000000311e+01
1.255000000000000000e+04 4.382000000000000028e+01 4.365272000000000219e+01 2.408850000000000158e+00 5.682372999999999763e+01
1.255999999999999818e+04 4.382999999999999829e+01 4.403477999999999781e+01 -2.948879999999999946e+00 5.684984000000000037e+01
1.257000000000000364e+04 4.384000000000000341e+01 4.409741000000000355e+01 -3.706649999999999778e+00 5.682518000000000313e+01
1.258000000000000182e+04 4.385000000000000142e+01 4.397617000000000331e+01 -1.816910000000000025e+00 5.680031000000000319e+01
1.259000000000000000e+04 4.385999999999999943e+01 4.394310999999999723e+01 -1.196749999999999980e+00 5.678253000000000128e+01
1.259999999999999818e+04 4.386999999999999744e+01 4.383379999999999654e+01 5.213299999999999601e-01 5.678712000000000160e+01
1.261000000000000182e+04 4.388000000000000256e+01 4.351534000000000191e+01 5.251039999999999708e+00 5.681940000000000168e+01
1.262000000000000000e+04 4.389000000000000057e+01 4.365841999999999956e+01 3.334690000000000154e+00 5.684483999999999781e+01
1.262999999999999818e+04 4.389999999999999858e+01 4.367320999999999742e+01 3.265750000000000153e+00 5.687367000000000417e+01
1.263999999999999636e+04 4.390999999999999659e+01 4.391199000000000296e+01 -2.870999999999999941e-02 5.688647000000000276e+01
1.265000000000000182e+04 4.392000000000000171e+01 4.404279999999999973e+01 -1.768310000000000048e+00 5.687671999999999883e+01
1.266000000000000000e+04 4.392999999999999972e+01 4.381933999999999685e+01 1.593439999999999968e+00 5.689057999999999993e+01
1.266999999999999818e+04 4.393999999999999773e+01 4.362581999999999738e+01 4.524169999999999803e+00 5.692294000000000409e+01
1.268000000000000364e+04 4.395000000000000284e+01 4.407132000000000005e+01 -1.747039999999999926e+00 5.692475000000000307e+01
1.269000000000000182e+04 4.396000000000000085e+01 4.397865000000000180e+01 -2.685500000000000109e-01 5.692186000000000234e+01
1.269999999999999818e+04 4.396999999999999886e+01 4.385956000000000188e+01 1.590300000000000047e+00 5.692862000000000222e+01
1.270999999999999636e+04 4.397999999999999687e+01 4.371629000000000076e+01 3.797390000000000043e+00 5.695466000000000406e+01
1.272000000000000182e+04 4.399000000000000199e+01 4.377239000000000146e+01 3.133529999999999927e+00 5.699468000000000245e+01
1.273000000000000000e+04 4.400000000000000000e+01 4.394919000000000153e+01 7.316300000000000026e-01 5.699792000000000058e+01
1.273999999999999818e+04 4.400999999999999801e+01 4.395660000000000167e+01 7.689200000000000479e-01 5.701859999999999928e+01
1.275000000000000364e+04 4.402000000000000313e+01 4.391749000000000080e+01 1.476159999999999917e+00 5.705232999999999777e+01
1.276000000000000182e+04 4.403000000000000114e+01 4.388163999999999731e+01 2.136350000000000193e+00 5.706815000000000282e+01
1.277000000000000000e+04 4.403999999999999915e+01 4.371981000000000250e+01 4.610669999999999824e+00 5.710369000000000028e+01
1.277999999999999818e+04 4.404999999999999716e+01 4.374472999999999701e+01 4.395900000000000141e+00 5.715317999999999898e+01
1.279000000000000182e+04 4.406000000000000227e+01 4.339838999999999913e+01 9.527169999999999916e+00 5.721090999999999838e+01
1.280000000000000000e+04 4.407000000000000028e+01 4.365747000000000355e+01 5.940369999999999706e+00 5.729943000000000097e+01
1.280999999999999818e+04 4.407999999999999829e+01 4.409382000000000090e+01 -1.989700000000000080e-01 5.732941999999999894e+01
1.282000000000000364e+04 4.409000000000000341e+01 4.409868000000000166e+01 -1.249299999999999994e-01 5.733075000000000188e+01
1.283000000000000182e+04 4.410000000000000142e+01 4.426192999999999955e+01 -2.331850000000000200e+00 5.732847000000000293e+01
1.284000000000000000e+04 4.410999999999999943e+01 4.395859000000000094e+01 2.180330000000000101e+00 5.732929000000000030e+01
1.284999999999999818e+04 4.411999999999999744e+01 4.395304000000000144e+01 2.404279999999999973e+00 5.735099000000000302e+01
1.286000000000000182e+04 4.413000000000000256e+01 4.410734000000000066e+01 3.263099999999999890e-01 5.736090000000000089e+01
1.287000000000000000e+04 4.414000000000000057e+01 4.410305999999999926e+01 5.319300000000000139e-01 5.736157000000000039e+01
1.287999999999999818e+04 4.414999999999999858e+01 4.413222999999999985e+01 2.558699999999999863e-01 5.736507999999999896e+01
1.288999999999999636e+04 4.415999999999999659e+01 4.381412000000000262e+01 4.980730000000000324e+00 5.739112000000000080e+01
1.290000000000000182e+04 4.417000000000000171e+01 4.397471000000000174e+01 2.812129999999999797e+00 5.743130000000000024e+01
1.291000000000000000e+04 4.417999999999999972e+01 4.430624000000000251e+01 -1.817779999999999951e+00 5.743919000000000352e+01
1.291999999999999818e+04 4.418999999999999773e+01 4.416575999999999880e+01 3.490199999999999969e-01 5.745935000000000059e+01
1.293000000000000364e+04 4.420000000000000284e+01 4.411193000000000097e+01 1.268140000000000045e+00 5.747308999999999912e+01
1.294000000000000182e+04 4.421000000000000085e+01 4.409555000000000291e+01 1.648120000000000029e+00 5.749773000000000422e+01
1.294999999999999818e+04 4.421999999999999886e+01 4.407563999999999993e+01 2.078759999999999941e+00 5.751019000000000148e+01
1.295999999999999636e+04 4.422999999999999687e+01 4.373964999999999748e+01 7.061049999999999827e+00 5.754758999999999958e+01
1.297000000000000182e+04 4.424000000000000199e+01 4.396316999999999808e+01 3.986409999999999787e+00 5.761272000000000304e+01
1.298000000000000000e+04 4.425000000000000000e+01 4.388141000000000247e+01 5.307719999999999771e+00 5.766933000000000220e+01
1.298999999999999818e+04 4.425999999999999801e+01 4.390429999999999922e+01 5.122139999999999915e+00 5.770159999999999911e+01
1.300000000000000364e+04 4.427000000000000313e+01 4.391700999999999766e+01 5.083039999999999559e+00 5.770159999999999911e+01
1.301000000000000182e+04 4.428000000000000114e+01 4.375177000000000049e+01 7.606480000000000352e+00 5.776659000000000077e+01
1.302000000000000000e+04 4.428999999999999915e+01 4.373187000000000069e+01 8.037089999999999179e+00 5.783897999999999939e+01
1.302999999999999818e+04 4.429999999999999716e+01 4.410739999999999839e+01 2.773390000000000022e+00 5.788436999999999699e+01
1.304000000000000182e+04 4.431000000000000227e+01 4.456530999999999665e+01 -3.676530000000000076e+00 5.788094000000000250e+01
1.305000000000000000e+04 4.432000000000000028e+01 4.484454000000000207e+01 -7.553309999999999746e+00 5.783464000000000027e+01
1.305999999999999818e+04 4.432999999999999829e+01 4.448055000000000092e+01 -2.167940000000000200e+00 5.777100000000000080e+01
1.307000000000000364e+04 4.434000000000000341e+01 4.454012000000000171e+01 -2.881660000000000110e+00 5.774828999999999724e+01
1.308000000000000182e+04 4.435000000000000142e+01 4.445982999999999663e+01 -1.581520000000000037e+00 5.772635999999999967e+01
1.309000000000000000e+04 4.435999999999999943e+01 4.433914999999999651e+01 3.002600000000000269e-01 5.770949000000000240e+01
1.309999999999999818e+04 4.436999999999999744e+01 4.443668000000000262e+01 -9.602199999999999624e-01 5.770374999999999943e+01
1.311000000000000182e+04 4.438000000000000256e+01 4.417161999999999722e+01 3.000669999999999948e+00 5.773393999999999693e+01
1.312000000000000000e+04 4.439000000000000057e+01 4.447133000000000180e+01 -1.171110000000000095e+00 5.773342000000000240e+01
1.312999999999999818e+04 4.439999999999999858e+01 4.435365999999999786e+01 6.672799999999999843e-01 5.775244999999999607e+01
1.313999999999999636e+04 4.440999999999999659e+01 4.439578999999999809e+01 2.046600000000000086e-01 5.776131000000000171e+01
1.315000000000000182e+04 4.442000000000000171e+01 4.454892000000000252e+01 -1.856479999999999908e+00 5.776489000000000118e+01
1.316000000000000000e+04 4.442999999999999972e+01 4.431146999999999991e+01 1.706809999999999938e+00 5.775238999999999834e+01
1.316999999999999818e+04 4.443999999999999773e+01 4.406631999999999749e+01 5.381029999999999980e+00 5.778448000000000206e+01
1.318000000000000364e+04 4.445000000000000284e+01 4.427047000000000310e+01 2.585269999999999957e+00 5.781584000000000145e+01
1.319000000000000182e+04 4.446000000000000085e+01 4.416046000000000049e+01 4.313410000000000188e+00 5.784017000000000053e+01
1.319999999999999818e+04 4.446999999999999886e+01 4.437389999999999901e+01 1.383809999999999985e+00 5.787825000000000131e+01
1.320999999999999636e+04 4.447999999999999687e+01 4.400974000000000075e+01 6.771690000000000431e+00 5.791535999999999973e+01
1.322000000000000182e+04 4.449000000000000199e+01 4.412248999999999910e+01 5.292169999999999597e+00 5.796643000000000256e+01
1.323000000000000000e+04 4.450000000000000000e+01 4.422916000000000025e+01 3.900170000000000137e+00 5.801693999999999818e+01
1.323999999999999818e+04 4.450999999999999801e+01 4.415388999999999697e+01 5.127950000000000230e+00 5.807198999999999955e+01
1.325000000000000364e+04 4.452000000000000313e+01 4.435936999999999841e+01 2.313079999999999803e+00 5.811594999999999800e+01
1.326000000000000182e+04 4.453000000000000114e+01 4.483012000000000086e+01 -4.321749999999999758e+00 5.809174999999999756e+01
1.327000000000000000e+04 4.453999999999999915e+01 4.469870999999999839e+01 -2.285400000000000098e+00 5.806626999999999583e+01
1.327999999999999818e+04 4.454999999999999716e+01 4.482737000000000194e+01 -3.994120000000000115e+00 5.803553999999999746e+01
1.329000000000000182e+04 4.456000000000000227e+01 4.471817000000000064e+01 -2.277660000000000018e+00 5.800914000000000215e+01
1.330000000000000000e+04 4.457000000000000028e+01 4.478658999999999679e+01 -3.118920000000000137e+00 5.799369999999999692e+01
1.330999999999999818e+04 4.457999999999999829e+01 4.488938000000000272e+01 -4.455040000000000333e+00 5.796193000000000239e+01
1.332000000000000364e+04 4.459000000000000341e+01 4.466064000000000078e+01 -1.017230000000000079e+00 5.793723999999999563e+01
1.333000000000000182e+04 4.460000000000000142e+01 4.494415999999999656e+01 -4.955860000000000376e+00 5.790343999999999625e+01
1.334000000000000000e+04 4.460999999999999943e+01 4.467146000000000328e+01 -8.850200000000000289e-01 5.786852999999999980e+01
1.334999999999999818e+04 4.461999999999999744e+01 4.478112999999999744e+01 -2.320199999999999818e+00 5.786652999999999736e+01
1.336000000000000182e+04 4.463000000000000256e+01 4.434416999999999831e+01 4.115920000000000023e+00 5.784492999999999796e+01
1.337000000000000000e+04 4.464000000000000057e+01 4.424564999999999770e+01 5.678589999999999804e+00 5.789484000000000208e+01
1.337999999999999818e+04 4.464999999999999858e+01 4.429314000000000107e+01 5.138770000000000060e+00 5.793981000000000137e+01
1.338999999999999636e+04 4.465999999999999659e+01 4.426843999999999824e+01 5.638419999999999987e+00 5.799929999999999808e+01
1.340000000000000182e+04 4.467000000000000171e+01 4.446363999999999805e+01 2.971569999999999823e+00 5.804361999999999711e+01
1.341000000000000000e+04 4.467999999999999972e+01 4.480445000000000277e+01 -1.792059999999999986e+00 5.805433000000000021e+01
1.341999999999999818e+04 4.468999999999999773e+01 4.486182999999999765e+01 -2.474349999999999827e+00 5.802966999999999587e+01
1.343000000000000364e+04 4.470000000000000284e+01 4.456197999999999837e+01 1.987449999999999939e+00 5.802270000000000039e+01
1.344000000000000182e+04 4.471000000000000085e+01 4.478005000000000280e+01 -1.008790000000000076e+00 5.802964999999999662e+01
1.344999999999999818e+04 4.471999999999999886e+01 4.475271000000000043e+01 -4.709599999999999898e-01 5.801711999999999847e+01
1.345999999999999636e+04 4.472999999999999687e+01 4.431752999999999787e+01 5.939549999999999663e+00 5.803625999999999863e+01
1.347000000000000182e+04 4.474000000000000199e+01 4.441311000000000320e+01 4.707239999999999647e+00 5.807985999999999649e+01
1.348000000000000000e+04 4.475000000000000000e+01 4.446817999999999671e+01 4.058150000000000368e+00 5.813320000000000221e+01
1.348999999999999818e+04 4.475999999999999801e+01 4.461589000000000027e+01 2.075120000000000076e+00 5.817114000000000118e+01
1.350000000000000364e+04 4.477000000000000313e+01 4.484602999999999895e+01 -1.094810000000000061e+00 5.817079999999999984e+01
1.351000000000000182e+04 4.478000000000000114e+01 4.445557000000000158e+01 4.671770000000000422e+00 5.818802000000000163e+01
1.352000000000000000e+04 4.478999999999999915e+01 4.426008999999999816e+01 7.630639999999999645e+00 5.824626999999999555e+01
1.352999999999999818e+04 4.479999999999999716e+01 4.437763999999999953e+01 6.081949999999999967e+00 5.828793999999999897e+01
1.354000000000000182e+04 4.481000000000000227e+01 4.435358999999999696e+01 6.572289999999999743e+00 5.836301999999999879e+01
1.355000000000000000e+04 4.482000000000000028e+01 4.445763999999999783e+01 5.217999999999999972e+00 5.842141999999999769e+01
1.355999999999999818e+04 4.482999999999999829e+01 4.465068999999999733e+01 2.582100000000000062e+00 5.844176000000000215e+01
1.357000000000000364e+04 4.484000000000000341e+01 4.457363999999999749e+01 3.835529999999999884e+00 5.848248999999999853e+01
1.358000000000000182e+04 4.485000000000000142e+01 4.475762000000000285e+01 1.330259999999999998e+00 5.849938999999999822e+01
1.359000000000000000e+04 4.485999999999999943e+01 4.483512999999999948e+01 3.580800000000000094e-01 5.848982999999999777e+01
1.359999999999999818e+04 4.486999999999999744e+01 4.477799999999999869e+01 1.324759999999999938e+00 5.850197000000000003e+01
1.361000000000000182e+04 4.488000000000000256e+01 4.451838000000000051e+01 5.207370000000000054e+00 5.853658000000000072e+01
1.362000000000000000e+04 4.489000000000000057e+01 4.465970000000000084e+01 3.316359999999999975e+00 5.855530000000000257e+01
1.362999999999999818e+04 4.489999999999999858e+01 4.490681000000000012e+01 -9.808000000000000052e-02 5.857296000000000191e+01
1.363999999999999636e+04 4.490999999999999659e+01 4.489390000000000214e+01 2.317899999999999960e-01 5.856655999999999551e+01
1.365000000000000182e+04 4.492000000000000171e+01 4.470382000000000033e+01 3.113020000000000120e+00 5.859360999999999819e+01
1.366000000000000000e+04 4.492999999999999972e+01 4.446455000000000268e+01 6.702480000000000437e+00 5.864269999999999783e+01
1.366999999999999818e+04 4.493999999999999773e+01 4.450603000000000264e+01 6.249119999999999564e+00 5.870461000000000240e+01
1.368000000000000364e+04 4.495000000000000284e+01 4.420653999999999684e+01 1.070583000000000062e+01 5.880207999999999657e+01
1.369000000000000182e+04 4.496000000000000085e+01 4.457869999999999777e+01 5.490649999999999586e+00 5.886840000000000117e+01
1.369999999999999818e+04 4.496999999999999886e+01 4.454135000000000133e+01 6.172519999999999563e+00 5.892712999999999823e+01
1.370999999999999636e+04 4.497999999999999687e+01 4.457171999999999912e+01 5.879199999999999982e+00 5.898085999999999984e+01
1.372000000000000182e+04 4.499000000000000199e+01 4.483411000000000257e+01 2.244769999999999932e+00 5.902008999999999617e+01
1.373000000000000000e+04 4.500000000000000000e+01 4.496681999999999846e+01 4.777500000000000080e-01 5.903663999999999845e+01
1.373999999999999818e+04 4.500999999999999801e+01 4.534859000000000151e+01 -4.875670000000000393e+00 5.901413000000000153e+01
1.375000000000000364e+04 4.502000000000000313e+01 4.521300000000000097e+01 -2.779170000000000140e+00 5.898357999999999635e+01
1.376000000000000182e+04 4.503000000000000114e+01 4.513237000000000165e+01 -1.474140000000000006e+00 5.895217000000000240e+01
1.377000000000000000e+04 4.503999999999999915e+01 4.520730999999999966e+01 -2.409260000000000179e+00 5.893305000000000149e+01
1.377999999999999818e+04 4.504999999999999716e+01 4.508339000000000141e+01 -4.808200000000000252e-01 5.892708999999999975e+01
1.379000000000000182e+04 4.506000000000000227e+01 4.503656000000000148e+01 3.376100000000000212e-01 5.891850000000000165e+01
1.380000000000000000e+04 4.507000000000000028e+01 4.501355999999999824e+01 8.127499999999999725e-01 5.892096000000000089e+01
1.380999999999999818e+04 4.507999999999999829e+01 4.526315000000000310e+01 -2.637300000000000200e+00 5.890375000000000227e+01
1.382000000000000364e+04 4.509000000000000341e+01 4.491653999999999769e+01 2.497840000000000060e+00 5.889667000000000030e+01
1.383000000000000182e+04 4.510000000000000142e+01 4.514706999999999937e+01 -6.778100000000000236e-01 5.891481999999999886e+01
1.384000000000000000e+04 4.510999999999999943e+01 4.510296000000000305e+01 1.013399999999999995e-01 5.893182000000000187e+01
1.384999999999999818e+04 4.511999999999999744e+01 4.496298999999999779e+01 2.260990000000000055e+00 5.895210999999999757e+01
1.386000000000000182e+04 4.513000000000000256e+01 4.512286999999999892e+01 1.025999999999999968e-01 5.898207000000000022e+01
1.387000000000000000e+04 4.514000000000000057e+01 4.514611000000000018e+01 -8.801000000000000489e-02 5.900112999999999630e+01
1.387999999999999818e+04 4.514999999999999858e+01 4.548304000000000258e+01 -4.795759999999999579e+00 5.897202000000000055e+01
1.388999999999999636e+04 4.515999999999999659e+01 4.500688000000000244e+01 2.204919999999999991e+00 5.894717999999999591e+01
1.390000000000000182e+04 4.517000000000000171e+01 4.486997999999999820e+01 4.320240000000000080e+00 5.897195999999999572e+01
1.391000000000000000e+04 4.517999999999999972e+01 4.503226999999999691e+01 2.127279999999999838e+00 5.899687000000000126e+01
1.391999999999999818e+04 4.518999999999999773e+01 4.539844999999999686e+01 -3.001700000000000035e+00 5.899544000000000210e+01
1.393000000000000364e+04 4.520000000000000284e+01 4.540919000000000239e+01 -3.012280000000000069e+00 5.896524000000000143e+01
1.394000000000000182e+04 4.521000000000000085e+01 4.519742999999999711e+01 1.809900000000000120e-01 5.895606000000000080e+01
1.394999999999999818e+04 4.521999999999999886e+01 4.498837000000000330e+01 3.335430000000000117e+00 5.897014000000000067e+01
1.395999999999999636e+04 4.522999999999999687e+01 4.495879000000000048e+01 3.905489999999999906e+00 5.898848999999999876e+01
1.397000000000000182e+04 4.524000000000000199e+01 4.529950000000000188e+01 -8.568700000000000205e-01 5.901171000000000078e+01
1.398000000000000000e+04 4.525000000000000000e+01 4.530304999999999893e+01 -7.639700000000000379e-01 5.901751000000000147e+01
1.398999999999999818e+04 4.525999999999999801e+01 4.492945999999999884e+01 4.759699999999999598e+00 5.905127999999999844e+01
1.400000000000000364e+04 4.527000000000000313e+01 4.492459999999999809e+01 4.973690000000000389e+00 5.905127999999999844e+01
1.401000000000000182e+04 4.528000000000000114e+01 4.514950000000000330e+01 1.879129999999999967e+00 5.907063000000000130e+01
1.402000000000000000e+04 4.528999999999999915e+01 4.534304999999999808e+01 -7.639899999999999469e-01 5.907987999999999573e+01
1.402999999999999818e+04 4.529999999999999716e+01 4.547872999999999877e+01 -2.573640000000000150e+00 5.904693999999999932e+01
1.404000000000000182e+04 4.531000000000000227e+01 4.558084999999999809e+01 -3.900189999999999824e+00 5.901265000000000072e+01
1.405000000000000000e+04 4.532000000000000028e+01 4.548539999999999850e+01 -2.381769999999999943e+00 5.897332000000000107e+01
1.405999999999999818e+04 4.532999999999999829e+01 4.523770999999999987e+01 1.328920000000000101e+00 5.896978000000000009e+01
1.407000000000000364e+04 4.534000000000000341e+01 4.528175999999999846e+01 8.386700000000000266e-01 5.898199999999999932e+01
1.408000000000000182e+04 4.535000000000000142e+01 4.529498999999999853e+01 7.920800000000000063e-01 5.899926999999999566e+01
1.409000000000000000e+04 4.535999999999999943e+01 4.531501999999999697e+01 6.477000000000000535e-01 5.900649999999999551e+01
1.409999999999999818e+04 4.536999999999999744e+01 4.508608000000000260e+01 4.088429999999999787e+00 5.904247000000000156e+01
1.411000000000000182e+04 4.538000000000000256e+01 4.522270999999999930e+01 2.264909999999999979e+00 5.906615999999999644e+01
1.412000000000000000e+04 4.539000000000000057e+01 4.531906000000000034e+01 1.021470000000000100e+00 5.909942999999999813e+01
1.412999999999999818e+04 4.539999999999999858e+01 4.519807000000000130e+01 2.907779999999999809e+00 5.911655999999999977e+01
1.413999999999999636e+04 4.540999999999999659e+01 4.524009000000000214e+01 2.446699999999999875e+00 5.914650999999999925e+01
1.415000000000000182e+04 4.542000000000000171e+01 4.534026999999999674e+01 1.148050000000000015e+00 5.917135999999999996e+01
1.416000000000000000e+04 4.542999999999999972e+01 4.543359000000000236e+01 -5.167999999999999677e-02 5.915637999999999863e+01
1.416999999999999818e+04 4.543999999999999773e+01 4.562749999999999773e+01 -2.700050000000000061e+00 5.912939000000000078e+01
1.418000000000000364e+04 4.545000000000000284e+01 4.566004000000000218e+01 -3.024529999999999941e+00 5.910426999999999964e+01
1.419000000000000182e+04 4.546000000000000085e+01 4.556683999999999912e+01 -1.538510000000000044e+00 5.906419999999999959e+01
1.419999999999999818e+04 4.546999999999999886e+01 4.536148000000000025e+01 1.562619999999999898e+00 5.905619999999999692e+01
1.420999999999999636e+04 4.547999999999999687e+01 4.512951999999999941e+01 5.046960000000000335e+00 5.910976999999999748e+01
1.422000000000000182e+04 4.549000000000000199e+01 4.518005000000000138e+01 4.463320000000000398e+00 5.913911999999999836e+01
1.423000000000000000e+04 4.550000000000000000e+01 4.522532000000000352e+01 3.955389999999999961e+00 5.917576999999999998e+01
1.423999999999999818e+04 4.550999999999999801e+01 4.562107999999999919e+01 -1.599490000000000078e+00 5.918451999999999913e+01
1.425000000000000364e+04 4.552000000000000313e+01 4.569042000000000314e+01 -2.454029999999999934e+00 5.916825999999999652e+01
1.426000000000000182e+04 4.553000000000000114e+01 4.547312999999999761e+01 8.188800000000000523e-01 5.916713999999999629e+01
1.427000000000000000e+04 4.553999999999999915e+01 4.546925000000000239e+01 1.018750000000000044e+00 5.918052999999999741e+01
1.427999999999999818e+04 4.554999999999999716e+01 4.508614000000000033e+01 6.679520000000000124e+00 5.920447999999999666e+01
1.429000000000000182e+04 4.556000000000000227e+01 4.509382000000000090e+01 6.713049999999999962e+00 5.925828999999999525e+01
1.430000000000000000e+04 4.557000000000000028e+01 4.548615999999999815e+01 1.207349999999999923e+00 5.929829999999999757e+01
1.430999999999999818e+04 4.557999999999999829e+01 4.558924999999999983e+01 -1.332500000000000073e-01 5.931237999999999744e+01
1.432000000000000364e+04 4.559000000000000341e+01 4.530912000000000006e+01 4.044629999999999725e+00 5.933677000000000135e+01
1.433000000000000182e+04 4.560000000000000142e+01 4.538172999999999746e+01 3.143149999999999888e+00 5.937601999999999691e+01
1.434000000000000000e+04 4.560999999999999943e+01 4.541682000000000130e+01 2.781769999999999854e+00 5.939748000000000161e+01
1.434999999999999818e+04 4.561999999999999744e+01 4.557038000000000011e+01 7.144800000000000040e-01 5.940912999999999755e+01
1.436000000000000182e+04 4.563000000000000256e+01 4.564486999999999739e+01 -2.141399999999999970e-01 5.942598999999999876e+01
1.437000000000000000e+04 4.564000000000000057e+01 4.530658999999999992e+01 4.801129999999999676e+00 5.943281999999999954e+01
1.437999999999999818e+04 4.564999999999999858e+01 4.537082000000000193e+01 4.020209999999999617e+00 5.947283000000000186e+01
1.438999999999999636e+04 4.565999999999999659e+01 4.577743000000000251e+01 -1.690919999999999979e+00 5.947000999999999493e+01
1.440000000000000182e+04 4.567000000000000171e+01 4.553453999999999979e+01 1.950620000000000021e+00 5.946931000000000012e+01
1.441000000000000000e+04 4.567999999999999972e+01 4.566210000000000235e+01 2.577300000000000146e-01 5.947178999999999860e+01
1.441999999999999818e+04 4.568999999999999773e+01 4.552049999999999841e+01 2.440859999999999808e+00 5.947798999999999836e+01
1.443000000000000364e+04 4.570000000000000284e+01 4.543798000000000314e+01 3.773080000000000211e+00 5.950981999999999772e+01
1.444000000000000182e+04 4.571000000000000085e+01 4.547176999999999936e+01 3.430569999999999897e+00 5.953696000000000055e+01
1.444999999999999818e+04 4.571999999999999886e+01 4.567135999999999996e+01 7.003700000000000481e-01 5.957108999999999810e+01
1.445999999999999636e+04 4.572999999999999687e+01 4.581951000000000107e+01 -1.289009999999999989e+00 5.958328999999999809e+01
1.447000000000000182e+04 4.574000000000000199e+01 4.552268000000000114e+01 3.129440000000000222e+00 5.956734999999999758e+01
1.448000000000000000e+04 4.575000000000000000e+01 4.586637999999999948e+01 -1.675820000000000087e+00 5.957041999999999859e+01
1.448999999999999818e+04 4.575999999999999801e+01 4.582513999999999754e+01 -9.380500000000000504e-01 5.957957999999999998e+01
1.450000000000000364e+04 4.577000000000000313e+01 4.570904999999999774e+01 8.776899999999999702e-01 5.958211999999999620e+01
1.451000000000000182e+04 4.578000000000000114e+01 4.582150000000000034e+01 -5.976000000000000201e-01 5.958070000000000022e+01
1.452000000000000000e+04 4.578999999999999915e+01 4.578571999999999775e+01 6.167999999999999872e-02 5.958218999999999710e+01
1.452999999999999818e+04 4.579999999999999716e+01 4.587042999999999893e+01 -1.014129999999999976e+00 5.957318999999999676e+01
1.454000000000000182e+04 4.581000000000000227e+01 4.545571000000000339e+01 5.101740000000000386e+00 5.959265999999999508e+01
1.455000000000000000e+04 4.582000000000000028e+01 4.576256999999999664e+01 8.270399999999999974e-01 5.962252999999999759e+01
1.455999999999999818e+04 4.582999999999999829e+01 4.593990000000000151e+01 -1.582619999999999916e+00 5.961719000000000079e+01
1.457000000000000364e+04 4.584000000000000341e+01 4.584123999999999910e+01 -1.786000000000000087e-02 5.959462999999999511e+01
1.458000000000000182e+04 4.585000000000000142e+01 4.583529999999999660e+01 2.116699999999999970e-01 5.962196999999999747e+01
1.459000000000000000e+04 4.585999999999999943e+01 4.595116999999999763e+01 -1.312840000000000007e+00 5.963040000000000163e+01
1.459999999999999818e+04 4.586999999999999744e+01 4.601561999999999841e+01 -2.096940000000000026e+00 5.962142999999999660e+01
1.461000000000000182e+04 4.588000000000000256e+01 4.569641000000000020e+01 2.643759999999999888e+00 5.964164999999999850e+01
1.462000000000000000e+04 4.589000000000000057e+01 4.560961999999999961e+01 4.037480000000000402e+00 5.968432999999999566e+01
1.462999999999999818e+04 4.589999999999999858e+01 4.602237999999999829e+01 -1.762229999999999963e+00 5.970608000000000004e+01
1.463999999999999636e+04 4.590999999999999659e+01 4.590632000000000090e+01 5.296000000000000013e-02 5.968932999999999822e+01
1.465000000000000182e+04 4.592000000000000171e+01 4.571527999999999992e+01 2.947929999999999939e+00 5.972090000000000032e+01
1.466000000000000000e+04 4.592999999999999972e+01 4.568748999999999683e+01 3.492179999999999840e+00 5.975894999999999868e+01
1.466999999999999818e+04 4.593999999999999773e+01 4.608160000000000167e+01 -2.038980000000000015e+00 5.976171999999999684e+01
1.468000000000000364e+04 4.595000000000000284e+01 4.567869999999999919e+01 3.906789999999999985e+00 5.978135999999999939e+01
1.469000000000000182e+04 4.596000000000000085e+01 4.562682999999999822e+01 4.797699999999999854e+00 5.981962999999999653e+01
1.469999999999999818e+04 4.596999999999999886e+01 4.567405000000000115e+01 4.261639999999999873e+00 5.987781999999999982e+01
1.470999999999999636e+04 4.597999999999999687e+01 4.596571000000000140e+01 2.057299999999999962e-01 5.990350999999999715e+01
1.472000000000000182e+04 4.599000000000000199e+01 4.598481000000000307e+01 7.478999999999999537e-02 5.991552000000000078e+01
1.473000000000000000e+04 4.600000000000000000e+01 4.564003999999999905e+01 5.183449999999999669e+00 5.994652999999999565e+01
1.473999999999999818e+04 4.600999999999999801e+01 4.566319000000000017e+01 4.994049999999999656e+00 6.000918999999999670e+01
1.475000000000000364e+04 4.602000000000000313e+01 4.607804999999999751e+01 -8.358499999999999819e-01 6.003582999999999714e+01
1.476000000000000182e+04 4.603000000000000114e+01 4.646567999999999898e+01 -6.273859999999999992e+00 6.002080999999999733e+01
1.477000000000000000e+04 4.603999999999999915e+01 4.624195999999999884e+01 -2.908230000000000093e+00 5.997236000000000189e+01
1.477999999999999818e+04 4.604999999999999716e+01 4.634857000000000227e+01 -4.299389999999999823e+00 5.993858999999999781e+01
1.479000000000000182e+04 4.606000000000000227e+01 4.652192999999999756e+01 -6.651790000000000092e+00 5.988515999999999906e+01
1.480000000000000000e+04 4.607000000000000028e+01 4.623834000000000088e+01 -2.424139999999999961e+00 5.984975000000000023e+01
1.480999999999999818e+04 4.607999999999999829e+01 4.618039000000000271e+01 -1.445659999999999945e+00 5.983624999999999972e+01
1.482000000000000364e+04 4.609000000000000341e+01 4.629630999999999830e+01 -2.970800000000000107e+00 5.980082000000000164e+01
1.483000000000000182e+04 4.610000000000000142e+01 4.580277999999999849e+01 4.280020000000000380e+00 5.979279999999999973e+01
1.484000000000000000e+04 4.610999999999999943e+01 4.600343000000000160e+01 1.534620000000000095e+00 5.981320000000000192e+01
1.484999999999999818e+04 4.611999999999999744e+01 4.610081999999999880e+01 2.762100000000000111e-01 5.982244000000000028e+01
1.486000000000000182e+04 4.613000000000000256e+01 4.658791000000000082e+01 -6.593860000000000277e+00 5.980406999999999584e+01
1.487000000000000000e+04 4.614000000000000057e+01 4.645148999999999972e+01 -4.485509999999999664e+00 5.975580000000000069e+01
1.487999999999999818e+04 4.614999999999999858e+01 4.653528000000000020e+01 -5.548040000000000305e+00 5.970870999999999640e+01
1.488999999999999636e+04 4.615999999999999659e+01 4.633147000000000304e+01 -2.469219999999999970e+00 5.967360999999999649e+01
1.490000000000000182e+04 4.617000000000000171e+01 4.607113999999999976e+01 1.423570000000000002e+00 5.967896999999999963e+01
1.491000000000000000e+04 4.617999999999999972e+01 4.593468000000000018e+01 3.532570000000000210e+00 5.969995000000000118e+01
1.491999999999999818e+04 4.618999999999999773e+01 4.600719000000000136e+01 2.632460000000000022e+00 5.974994999999999834e+01
1.493000000000000364e+04 4.620000000000000284e+01 4.613734999999999786e+01 9.021900000000000475e-01 5.977216999999999558e+01
1.494000000000000182e+04 4.621000000000000085e+01 4.601673000000000258e+01 2.783079999999999998e+00 5.979833999999999605e+01
1.494999999999999818e+04 4.621999999999999886e+01 4.622784999999999656e+01 -1.129899999999999932e-01 5.984004000000000190e+01
1.495999999999999636e+04 4.622999999999999687e+01 4.643363999999999692e+01 -2.932350000000000012e+00 5.984563999999999595e+01
1.497000000000000182e+04 4.624000000000000199e+01 4.635202000000000311e+01 -1.613050000000000095e+00 5.982873999999999626e+01
1.498000000000000000e+04 4.625000000000000000e+01 4.623555999999999955e+01 2.079300000000000037e-01 5.981573999999999813e+01
1.498999999999999818e+04 4.625999999999999801e+01 4.619617999999999824e+01 9.189599999999999991e-01 5.981606999999999630e+01
1.500000000000000364e+04 4.627000000000000313e+01 4.635678000000000054e+01 -1.249589999999999979e+00 5.981606999999999630e+01
1.501000000000000182e+04 4.628000000000000114e+01 4.630702999999999747e+01 -3.892499999999999849e-01 5.981463999999999714e+01
1.502000000000000000e+04 4.628999999999999915e+01 4.646824000000000154e+01 -2.566609999999999836e+00 5.980978999999999957e+01
1.502999999999999636e+04 4.629999999999999716e+01 4.625066999999999950e+01 7.102899999999999769e-01 5.980285999999999547e+01
1.504000000000000182e+04 4.631000000000000227e+01 4.613159999999999883e+01 2.568919999999999870e+00 5.980677999999999628e+01
1.505000000000000000e+04 4.632000000000000028e+01 4.664923000000000286e+01 -4.740859999999999630e+00 5.978324999999999534e+01
1.505999999999999818e+04 4.632999999999999829e+01 4.657379999999999853e+01 -3.510749999999999815e+00 5.975691999999999382e+01
1.507000000000000364e+04 4.634000000000000341e+01 4.639721999999999724e+01 -8.239999999999999547e-01 5.971963999999999828e+01
1.508000000000000182e+04 4.635000000000000142e+01 4.655525000000000091e+01 -2.955579999999999874e+00 5.970173999999999381e+01
1.509000000000000000e+04 4.635999999999999943e+01 4.640498999999999796e+01 -6.478300000000000169e-01 5.968468999999999625e+01
1.509999999999999818e+04 4.636999999999999744e+01 4.642305999999999955e+01 -7.640299999999999869e-01 5.967802999999999969e+01
1.511000000000000182e+04 4.638000000000000256e+01 4.633473999999999648e+01 6.517800000000000260e-01 5.968923999999999808e+01
1.512000000000000000e+04 4.639000000000000057e+01 4.645877000000000123e+01 -9.902400000000000091e-01 5.968980999999999426e+01
1.512999999999999818e+04 4.639999999999999858e+01 4.641252000000000066e+01 -1.803200000000000081e-01 5.968750999999999607e+01
1.513999999999999636e+04 4.640999999999999659e+01 4.625628999999999991e+01 2.213369999999999838e+00 5.969718999999999909e+01
1.515000000000000182e+04 4.642000000000000171e+01 4.624434000000000111e+01 2.529560000000000031e+00 5.971770999999999674e+01
1.516000000000000000e+04 4.642999999999999972e+01 4.627185000000000059e+01 2.277390000000000025e+00 5.973376999999999981e+01
1.516999999999999818e+04 4.643999999999999773e+01 4.644153000000000020e+01 -2.202000000000000138e-02 5.976539999999999964e+01
1.518000000000000364e+04 4.645000000000000284e+01 4.629523999999999972e+01 2.228520000000000056e+00 5.978355999999999426e+01
1.519000000000000182e+04 4.646000000000000085e+01 4.638586000000000098e+01 1.067630000000000079e+00 5.979004999999999370e+01
1.519999999999999818e+04 4.646999999999999886e+01 4.634698999999999813e+01 1.771309999999999940e+00 5.981119999999999948e+01
1.520999999999999636e+04 4.647999999999999687e+01 4.660620000000000118e+01 -1.817290000000000072e+00 5.981116999999999706e+01
1.522000000000000182e+04 4.649000000000000199e+01 4.663311999999999813e+01 -2.060950000000000060e+00 5.978617999999999455e+01
1.523000000000000000e+04 4.650000000000000000e+01 4.667425999999999675e+01 -2.509370000000000100e+00 5.977200999999999453e+01
1.523999999999999818e+04 4.650999999999999801e+01 4.666716999999999871e+01 -2.263199999999999878e+00 5.976465999999999923e+01
1.525000000000000364e+04 4.652000000000000313e+01 4.653305000000000291e+01 -1.879200000000000037e-01 5.974670999999999310e+01
1.526000000000000182e+04 4.653000000000000114e+01 4.638277999999999679e+01 2.119979999999999976e+00 5.975801999999999481e+01
1.527000000000000000e+04 4.653999999999999915e+01 4.631915999999999656e+01 3.180079999999999796e+00 5.977630999999999517e+01
1.527999999999999636e+04 4.654999999999999716e+01 4.656880000000000308e+01 -2.706899999999999862e-01 5.979001999999999839e+01
1.529000000000000182e+04 4.656000000000000227e+01 4.626131000000000171e+01 4.301199999999999690e+00 5.980557999999999907e+01
1.530000000000000000e+04 4.657000000000000028e+01 4.638886000000000109e+01 2.608410000000000117e+00 5.983837999999999369e+01
1.530999999999999818e+04 4.657999999999999829e+01 4.690782999999999703e+01 -4.720769999999999911e+00 5.984054999999999325e+01
1.532000000000000364e+04 4.659000000000000341e+01 4.658393999999999835e+01 8.723000000000000198e-02 5.981898999999999944e+01
1.533000000000000182e+04 4.660000000000000142e+01 4.632097999999999871e+01 4.017879999999999896e+00 5.983951999999999316e+01
1.534000000000000000e+04 4.660999999999999943e+01 4.650057999999999936e+01 1.575639999999999930e+00 5.985916999999999888e+01
1.534999999999999818e+04 4.661999999999999744e+01 4.672458000000000311e+01 -1.505929999999999991e+00 5.985638999999999754e+01
1.536000000000000182e+04 4.663000000000000256e+01 4.661383000000000010e+01 2.328500000000000014e-01 5.983769999999999811e+01
1.537000000000000000e+04 4.664000000000000057e+01 4.656179999999999808e+01 1.126079999999999970e+00 5.982858999999999838e+01
1.537999999999999818e+04 4.664999999999999858e+01 4.642815000000000225e+01 3.194659999999999833e+00 5.984464999999999435e+01
1.538999999999999636e+04 4.665999999999999659e+01 4.640064999999999884e+01 3.734599999999999920e+00 5.987805999999999784e+01
1.540000000000000182e+04 4.667000000000000171e+01 4.663486000000000331e+01 5.060000000000000053e-01 5.987625999999999493e+01
1.541000000000000000e+04 4.667999999999999972e+01 4.678855999999999682e+01 -1.563309999999999977e+00 5.988753999999999422e+01
1.541999999999999818e+04 4.668999999999999773e+01 4.702306999999999704e+01 -4.796280000000000321e+00 5.985466999999999871e+01
1.543000000000000364e+04 4.670000000000000284e+01 4.668451000000000306e+01 2.230199999999999960e-01 5.982694999999999652e+01
1.544000000000000182e+04 4.671000000000000085e+01 4.661820000000000164e+01 1.321879999999999944e+00 5.983825999999999823e+01
1.544999999999999818e+04 4.671999999999999886e+01 4.651386999999999716e+01 2.968290000000000095e+00 5.986391999999999314e+01
1.545999999999999636e+04 4.672999999999999687e+01 4.663177000000000305e+01 1.414530000000000065e+00 5.988090999999999298e+01
1.547000000000000182e+04 4.674000000000000199e+01 4.666891999999999996e+01 1.023570000000000091e+00 5.988813999999999282e+01
1.548000000000000000e+04 4.675000000000000000e+01 4.663848999999999734e+01 1.605699999999999905e+00 5.989926999999999424e+01
1.548999999999999818e+04 4.675999999999999801e+01 4.655527000000000015e+01 2.948040000000000216e+00 5.992064999999999486e+01
1.550000000000000364e+04 4.677000000000000313e+01 4.654034000000000049e+01 3.307059999999999889e+00 5.995568999999999704e+01
1.551000000000000182e+04 4.678000000000000114e+01 4.642817999999999756e+01 5.066159999999999997e+00 5.997755999999999688e+01
1.552000000000000000e+04 4.678999999999999915e+01 4.688206000000000273e+01 -1.325620000000000021e+00 6.001125999999999294e+01
1.552999999999999636e+04 4.679999999999999716e+01 4.662483999999999895e+01 2.522370000000000001e+00 6.002290999999999599e+01
1.554000000000000182e+04 4.681000000000000227e+01 4.670452000000000226e+01 1.518909999999999982e+00 6.004343999999999681e+01
1.555000000000000000e+04 4.682000000000000028e+01 4.671197000000000088e+01 1.555579999999999963e+00 6.007174999999999443e+01
1.555999999999999818e+04 4.682999999999999829e+01 4.673118000000000194e+01 1.422970000000000068e+00 6.009127999999999759e+01
1.557000000000000364e+04 4.684000000000000341e+01 4.665961999999999676e+01 2.597420000000000062e+00 6.009435999999999467e+01
1.558000000000000182e+04 4.685000000000000142e+01 4.671786999999999779e+01 1.902630000000000043e+00 6.011940999999999491e+01
1.559000000000000000e+04 4.685999999999999943e+01 4.700417000000000201e+01 -2.076090000000000213e+00 6.013131999999999522e+01
1.559999999999999818e+04 4.686999999999999744e+01 4.693874000000000279e+01 -9.898500000000000076e-01 6.012645999999999447e+01
1.561000000000000182e+04 4.688000000000000256e+01 4.687133000000000038e+01 1.249099999999999933e-01 6.013634999999999309e+01
1.562000000000000000e+04 4.689000000000000057e+01 4.684702000000000055e+01 6.189099999999999602e-01 6.014345999999999748e+01
1.562999999999999818e+04 4.689999999999999858e+01 4.692797000000000196e+01 -4.027399999999999869e-01 6.012185999999999808e+01
1.563999999999999636e+04 4.690999999999999659e+01 4.699255999999999744e+01 -1.188809999999999922e+00 6.011852999999999980e+01
1.565000000000000182e+04 4.692000000000000171e+01 4.688658000000000214e+01 4.812000000000000166e-01 6.012177999999999400e+01
1.566000000000000000e+04 4.692999999999999972e+01 4.726534999999999798e+01 -4.828979999999999606e+00 6.009788999999999959e+01
1.566999999999999818e+04 4.693999999999999773e+01 4.713383000000000322e+01 -2.791220000000000034e+00 6.006126999999999327e+01
1.568000000000000364e+04 4.695000000000000284e+01 4.682871000000000095e+01 1.746609999999999996e+00 6.004732999999999521e+01
1.569000000000000182e+04 4.696000000000000085e+01 4.730248000000000275e+01 -4.931700000000000195e+00 6.004752999999999474e+01
1.569999999999999818e+04 4.696999999999999886e+01 4.693220999999999776e+01 5.441599999999999770e-01 6.002204999999999302e+01
1.570999999999999636e+04 4.697999999999999687e+01 4.731427999999999656e+01 -4.813649999999999984e+00 6.000343999999999767e+01
1.572000000000000182e+04 4.699000000000000199e+01 4.698798000000000030e+01 2.902000000000000066e-02 5.998646999999999707e+01
1.573000000000000000e+04 4.700000000000000000e+01 4.693072999999999695e+01 9.975100000000000078e-01 5.998399999999999466e+01
1.573999999999999818e+04 4.700999999999999801e+01 4.717356999999999800e+01 -2.355449999999999822e+00 5.996679999999999922e+01
1.575000000000000364e+04 4.702000000000000313e+01 4.727971999999999753e+01 -3.739949999999999886e+00 5.994094999999999374e+01
1.576000000000000182e+04 4.703000000000000114e+01 4.712771000000000043e+01 -1.406970000000000054e+00 5.992125999999999664e+01
1.577000000000000000e+04 4.703999999999999915e+01 4.675943000000000183e+01 4.040210000000000079e+00 5.994060999999999950e+01
1.577999999999999636e+04 4.704999999999999716e+01 4.707916000000000167e+01 -4.198999999999999955e-01 5.994607999999999493e+01
1.579000000000000182e+04 4.706000000000000227e+01 4.710994000000000170e+01 -7.191600000000000215e-01 5.995341999999999416e+01
1.580000000000000000e+04 4.707000000000000028e+01 4.742365000000000208e+01 -5.092520000000000380e+00 5.993126999999999782e+01
1.580999999999999818e+04 4.707999999999999829e+01 4.690847999999999729e+01 2.469840000000000035e+00 5.993139999999999645e+01
1.582000000000000364e+04 4.709000000000000341e+01 4.696954000000000207e+01 1.734690000000000065e+00 5.995217999999999847e+01
1.583000000000000182e+04 4.710000000000000142e+01 4.682063999999999737e+01 4.022730000000000139e+00 5.998883999999999617e+01
1.584000000000000000e+04 4.710999999999999943e+01 4.709210999999999814e+01 2.576499999999999901e-01 5.999067999999999756e+01
1.584999999999999818e+04 4.711999999999999744e+01 4.715850999999999971e+01 -5.545200000000000129e-01 5.999369999999999692e+01
1.586000000000000182e+04 4.713000000000000256e+01 4.710739999999999839e+01 3.254500000000000171e-01 6.001517999999999375e+01
1.587000000000000000e+04 4.714000000000000057e+01 4.708621000000000123e+01 7.745199999999999863e-01 6.003970999999999947e+01
1.587999999999999818e+04 4.714999999999999858e+01 4.721976999999999691e+01 -1.004699999999999926e+00 6.005067999999999984e+01
1.588999999999999636e+04 4.715999999999999659e+01 4.697406999999999755e+01 2.677410000000000068e+00 6.006599999999999540e+01
1.590000000000000182e+04 4.717000000000000171e+01 4.697505000000000308e+01 2.807339999999999947e+00 6.008197999999999439e+01
1.591000000000000000e+04 4.717999999999999972e+01 4.740991999999999962e+01 -3.310799999999999965e+00 6.008622999999999337e+01
1.591999999999999818e+04 4.718999999999999773e+01 4.744885000000000019e+01 -3.727489999999999970e+00 6.005811999999999529e+01
1.593000000000000364e+04 4.720000000000000284e+01 4.734931999999999874e+01 -2.150240000000000151e+00 6.003404999999999347e+01
1.594000000000000182e+04 4.721000000000000085e+01 4.688833999999999946e+01 4.631910000000000416e+00 6.005331999999999937e+01
1.594999999999999818e+04 4.721999999999999886e+01 4.688186999999999927e+01 4.869139999999999802e+00 6.009316999999999354e+01
1.595999999999999636e+04 4.722999999999999687e+01 4.701171999999999684e+01 3.143269999999999786e+00 6.012652999999999537e+01
1.597000000000000182e+04 4.724000000000000199e+01 4.732262000000000057e+01 -1.189769999999999994e+00 6.014346999999999355e+01
1.598000000000000000e+04 4.725000000000000000e+01 4.741141999999999967e+01 -2.324390000000000178e+00 6.013974999999999937e+01
1.598999999999999818e+04 4.725999999999999801e+01 4.735267000000000337e+01 -1.334480000000000111e+00 6.013459999999999894e+01
1.600000000000000364e+04 4.727000000000000313e+01 4.728576000000000334e+01 -2.269700000000000051e-01 6.013459999999999894e+01
1.601000000000000182e+04 4.728000000000000114e+01 4.769241999999999848e+01 -5.938909999999999911e+00 6.008670000000000044e+01
1.602000000000000000e+04 4.728999999999999915e+01 4.752279000000000053e+01 -3.352149999999999963e+00 6.003396000000000043e+01
1.602999999999999636e+04 4.729999999999999716e+01 4.718113000000000312e+01 1.711689999999999934e+00 6.002693999999999619e+01
1.604000000000000182e+04 4.731000000000000227e+01 4.690899999999999892e+01 5.774370000000000225e+00 6.007226999999999606e+01
1.605000000000000000e+04 4.732000000000000028e+01 4.715391999999999939e+01 2.391539999999999999e+00 6.012223999999999791e+01
1.605999999999999818e+04 4.732999999999999829e+01 4.741436000000000206e+01 -1.214730000000000087e+00 6.011571999999999605e+01
1.607000000000000364e+04 4.734000000000000341e+01 4.723789000000000016e+01 1.470450000000000035e+00 6.012773999999999575e+01
1.608000000000000182e+04 4.735000000000000142e+01 4.763660000000000139e+01 -4.126999999999999780e+00 6.012919999999999732e+01
1.609000000000000000e+04 4.735999999999999943e+01 4.760294999999999987e+01 -3.498429999999999929e+00 6.009877999999999787e+01
1.609999999999999818e+04 4.736999999999999744e+01 4.729258000000000095e+01 1.114870000000000028e+00 6.008852999999999867e+01
1.611000000000000182e+04 4.738000000000000256e+01 4.760663000000000267e+01 -3.263409999999999922e+00 6.009001999999999555e+01
1.612000000000000000e+04 4.739000000000000057e+01 4.757822999999999780e+01 -2.710449999999999804e+00 6.005371999999999844e+01
1.612999999999999818e+04 4.739999999999999858e+01 4.748501999999999867e+01 -1.224320000000000075e+00 6.004171000000000191e+01
1.613999999999999636e+04 4.740999999999999659e+01 4.742535000000000167e+01 -2.211100000000000010e-01 6.003043999999999869e+01
1.615000000000000182e+04 4.742000000000000171e+01 4.744706999999999653e+01 -3.897599999999999953e-01 6.001711000000000240e+01
1.616000000000000000e+04 4.742999999999999972e+01 4.771278000000000219e+01 -4.071970000000000312e+00 5.998843000000000103e+01
1.616999999999999818e+04 4.743999999999999773e+01 4.766931000000000296e+01 -3.302039999999999864e+00 5.996070999999999884e+01
1.618000000000000364e+04 4.745000000000000284e+01 4.749316999999999922e+01 -6.216800000000000104e-01 5.994292000000000087e+01
1.619000000000000182e+04 4.746000000000000085e+01 4.739097000000000293e+01 9.939599999999999547e-01 5.995478999999999559e+01
1.619999999999999818e+04 4.746999999999999886e+01 4.759698000000000206e+01 -1.828519999999999923e+00 5.995790000000000219e+01
1.620999999999999636e+04 4.747999999999999687e+01 4.755953999999999837e+01 -1.145380000000000065e+00 5.994207999999999714e+01
1.622000000000000182e+04 4.749000000000000199e+01 4.727617999999999654e+01 3.078969999999999985e+00 5.997212999999999994e+01
1.623000000000000000e+04 4.750000000000000000e+01 4.731586999999999676e+01 2.651499999999999968e+00 5.999586999999999648e+01
1.623999999999999818e+04 4.750999999999999801e+01 4.731929000000000229e+01 2.746280000000000054e+00 6.002313000000000187e+01
1.625000000000000364e+04 4.752000000000000313e+01 4.730104999999999649e+01 3.152930000000000010e+00 6.003419999999999845e+01
1.626000000000000182e+04 4.753000000000000114e+01 4.751059999999999661e+01 2.794099999999999917e-01 6.005780000000000030e+01
1.627000000000000000e+04 4.753999999999999915e+01 4.748245000000000005e+01 8.287400000000000322e-01 6.005499999999999972e+01
1.627999999999999636e+04 4.754999999999999716e+01 4.724430000000000263e+01 4.402070000000000149e+00 6.005847999999999587e+01
1.629000000000000182e+04 4.756000000000000227e+01 4.689804999999999779e+01 9.532090000000000174e+00 6.013535999999999859e+01
1.630000000000000000e+04 4.757000000000000028e+01 4.730942000000000291e+01 3.752409999999999801e+00 6.020738999999999663e+01
1.630999999999999818e+04 4.757999999999999829e+01 4.796732000000000085e+01 -5.577350000000000030e+00 6.018775999999999726e+01
1.632000000000000364e+04 4.759000000000000341e+01 4.753135000000000332e+01 8.445000000000000284e-01 6.016653000000000162e+01
1.633000000000000182e+04 4.760000000000000142e+01 4.738741999999999877e+01 3.061170000000000169e+00 6.017633000000000010e+01
1.634000000000000000e+04 4.760999999999999943e+01 4.728199000000000041e+01 4.723340000000000316e+00 6.021453999999999951e+01
1.634999999999999818e+04 4.761999999999999744e+01 4.744131999999999749e+01 2.572999999999999954e+00 6.022744999999999749e+01
1.636000000000000182e+04 4.763000000000000256e+01 4.767401999999999873e+01 -6.339299999999999935e-01 6.023556999999999562e+01
1.637000000000000000e+04 4.764000000000000057e+01 4.769585000000000008e+01 -8.042399999999999549e-01 6.023996999999999957e+01
1.637999999999999818e+04 4.764999999999999858e+01 4.782554999999999978e+01 -2.527969999999999828e+00 6.022422999999999860e+01
1.638999999999999636e+04 4.765999999999999659e+01 4.773727000000000231e+01 -1.112619999999999942e+00 6.020890999999999593e+01
1.640000000000000000e+04 4.767000000000000171e+01 4.773082999999999743e+01 -8.760200000000000209e-01 6.019680999999999926e+01
1.641000000000000000e+04 4.767999999999999972e+01 4.760296999999999912e+01 1.109180000000000055e+00 6.019585000000000008e+01
1.641999999999999636e+04 4.768999999999999773e+01 4.737601000000000084e+01 4.521510000000000140e+00 6.021683999999999770e+01
1.643000000000000364e+04 4.770000000000000284e+01 4.737205000000000155e+01 4.722520000000000273e+00 6.025150000000000006e+01
1.644000000000000000e+04 4.771000000000000085e+01 4.774418000000000006e+01 -4.922099999999999809e-01 6.026252999999999815e+01
1.645000000000000000e+04 4.771999999999999886e+01 4.763622000000000156e+01 1.206479999999999997e+00 6.027161999999999864e+01
1.645999999999999636e+04 4.772999999999999687e+01 4.758827000000000140e+01 2.040960000000000107e+00 6.027640999999999849e+01
1.647000000000000364e+04 4.774000000000000199e+01 4.749065000000000225e+01 3.590570000000000039e+00 6.031401999999999930e+01
1.648000000000000000e+04 4.775000000000000000e+01 4.750372000000000128e+01 3.546479999999999855e+00 6.034718000000000160e+01
1.648999999999999636e+04 4.775999999999999801e+01 4.803799000000000063e+01 -4.003090000000000259e+00 6.034525999999999613e+01
1.650000000000000364e+04 4.777000000000000313e+01 4.794317999999999813e+01 -2.493720000000000159e+00 6.030680999999999869e+01
1.651000000000000000e+04 4.778000000000000114e+01 4.790755999999999659e+01 -1.836819999999999897e+00 6.028676999999999708e+01
1.652000000000000000e+04 4.778999999999999915e+01 4.772353999999999985e+01 9.570899999999999963e-01 6.027393000000000001e+01
1.652999999999999636e+04 4.779999999999999716e+01 4.764220000000000255e+01 2.272339999999999804e+00 6.028369999999999607e+01
1.654000000000000364e+04 4.781000000000000227e+01 4.783899000000000257e+01 -4.175099999999999922e-01 6.030798000000000059e+01
1.655000000000000000e+04 4.782000000000000028e+01 4.787133000000000038e+01 -7.391199999999999992e-01 6.030491999999999564e+01
1.656000000000000000e+04 4.782999999999999829e+01 4.785652999999999935e+01 -3.820399999999999907e-01 6.031710999999999956e+01
1.657000000000000364e+04 4.784000000000000341e+01 4.789862000000000108e+01 -8.441499999999999559e-01 6.032468000000000075e+01
1.658000000000000000e+04 4.785000000000000142e+01 4.772744999999999749e+01 1.764659999999999895e+00 6.030552000000000135e+01
1.659000000000000000e+04 4.785999999999999943e+01 4.788085999999999842e+01 -3.004200000000000204e-01 6.031655999999999551e+01
1.659999999999999636e+04 4.786999999999999744e+01 4.795620999999999867e+01 -1.241370000000000084e+00 6.030731999999999715e+01
1.661000000000000364e+04 4.788000000000000256e+01 4.793386000000000280e+01 -7.756499999999999506e-01 6.030371000000000237e+01
1.662000000000000000e+04 4.789000000000000057e+01 4.799575000000000102e+01 -1.522729999999999917e+00 6.028519000000000005e+01
1.663000000000000000e+04 4.789999999999999858e+01 4.788701999999999970e+01 1.868599999999999983e-01 6.027877000000000152e+01
1.663999999999999636e+04 4.790999999999999659e+01 4.772527000000000186e+01 2.660169999999999924e+00 6.030248999999999882e+01
1.665000000000000000e+04 4.792000000000000171e+01 4.823353999999999786e+01 -4.515019999999999811e+00 6.031186999999999898e+01
1.666000000000000000e+04 4.792999999999999972e+01 4.804827999999999832e+01 -1.703179999999999916e+00 6.028181000000000012e+01
1.666999999999999636e+04 4.793999999999999773e+01 4.780022000000000304e+01 2.012779999999999792e+00 6.027931999999999846e+01
1.668000000000000364e+04 4.795000000000000284e+01 4.783444000000000074e+01 1.664039999999999964e+00 6.030217999999999989e+01
1.669000000000000000e+04 4.796000000000000085e+01 4.792692999999999870e+01 4.761500000000000177e-01 6.032036999999999694e+01
1.670000000000000000e+04 4.796999999999999886e+01 4.780767000000000166e+01 2.337619999999999809e+00 6.033303999999999689e+01
1.670999999999999636e+04 4.797999999999999687e+01 4.798214999999999719e+01 -3.093999999999999875e-02 6.032724999999999937e+01
1.672000000000000364e+04 4.799000000000000199e+01 4.781006000000000000e+01 2.591099999999999959e+00 6.035284000000000049e+01
1.673000000000000000e+04 4.800000000000000000e+01 4.768133999999999872e+01 4.588639999999999830e+00 6.038709999999999667e+01
1.673999999999999636e+04 4.800999999999999801e+01 4.789578999999999809e+01 1.644660000000000011e+00 6.043464999999999776e+01
1.675000000000000364e+04 4.802000000000000313e+01 4.787279999999999802e+01 2.119670000000000165e+00 6.043919999999999959e+01
1.676000000000000000e+04 4.803000000000000114e+01 4.778173000000000314e+01 3.575120000000000076e+00 6.046253999999999706e+01
1.677000000000000000e+04 4.803999999999999915e+01 4.796491000000000327e+01 1.081260000000000110e+00 6.047908999999999935e+01
1.677999999999999636e+04 4.804999999999999716e+01 4.839162000000000319e+01 -4.919319999999999915e+00 6.045656999999999925e+01
1.679000000000000364e+04 4.806000000000000227e+01 4.808021999999999707e+01 -2.911799999999999944e-01 6.043898000000000081e+01
1.680000000000000000e+04 4.807000000000000028e+01 4.817123999999999739e+01 -1.457829999999999959e+00 6.043551999999999680e+01
1.681000000000000000e+04 4.807999999999999829e+01 4.840375999999999834e+01 -4.662099999999999689e+00 6.038824999999999932e+01
1.682000000000000364e+04 4.809000000000000341e+01 4.795631000000000199e+01 1.925100000000000033e+00 6.036507999999999896e+01
1.683000000000000000e+04 4.810000000000000142e+01 4.794120000000000203e+01 2.286709999999999798e+00 6.040527000000000157e+01
1.684000000000000000e+04 4.810999999999999943e+01 4.829975000000000307e+01 -2.732359999999999900e+00 6.040117999999999654e+01
1.684999999999999636e+04 4.811999999999999744e+01 4.796081999999999823e+01 2.292159999999999975e+00 6.039486000000000132e+01
1.686000000000000364e+04 4.813000000000000256e+01 4.808742999999999768e+01 6.130600000000000493e-01 6.041324000000000183e+01
1.687000000000000000e+04 4.814000000000000057e+01 4.798496999999999701e+01 2.232400000000000162e+00 6.040521999999999991e+01
1.688000000000000000e+04 4.814999999999999858e+01 4.814180000000000348e+01 1.180500000000000022e-01 6.041673999999999722e+01
1.688999999999999636e+04 4.815999999999999659e+01 4.803128999999999849e+01 1.853429999999999911e+00 6.041422999999999632e+01
1.690000000000000000e+04 4.817000000000000171e+01 4.773599000000000103e+01 6.249799999999999578e+00 6.043372999999999706e+01
1.691000000000000000e+04 4.817999999999999972e+01 4.797717000000000098e+01 2.920819999999999972e+00 6.047693999999999903e+01
1.691999999999999636e+04 4.818999999999999773e+01 4.782048000000000343e+01 5.321139999999999759e+00 6.050632000000000232e+01
1.693000000000000364e+04 4.820000000000000284e+01 4.807905000000000229e+01 1.741630000000000011e+00 6.052515999999999963e+01
1.694000000000000000e+04 4.821000000000000085e+01 4.840614000000000061e+01 -2.824359999999999982e+00 6.050365000000000038e+01
1.695000000000000000e+04 4.821999999999999886e+01 4.825771000000000299e+01 -5.430899999999999617e-01 6.048809999999999576e+01
1.695999999999999636e+04 4.822999999999999687e+01 4.848966999999999672e+01 -3.739250000000000185e+00 6.046714000000000055e+01
1.697000000000000364e+04 4.824000000000000199e+01 4.823306000000000182e+01 9.997000000000000330e-02 6.046810999999999581e+01
1.698000000000000000e+04 4.825000000000000000e+01 4.840317999999999898e+01 -2.205760000000000165e+00 6.045857000000000170e+01
1.698999999999999636e+04 4.825999999999999801e+01 4.842472000000000065e+01 -2.371929999999999872e+00 6.044914999999999594e+01
1.700000000000000364e+04 4.827000000000000313e+01 4.826241000000000270e+01 1.093500000000000028e-01 6.044914999999999594e+01
1.701000000000000000e+04 4.828000000000000114e+01 4.829551000000000016e+01 -2.233900000000000052e-01 6.045395999999999503e+01
1.702000000000000000e+04 4.828999999999999915e+01 4.867459999999999809e+01 -5.538179999999999659e+00 6.042248999999999626e+01
1.702999999999999636e+04 4.829999999999999716e+01 4.865232000000000312e+01 -5.073400000000000354e+00 6.037564999999999316e+01
1.704000000000000364e+04 4.831000000000000227e+01 4.841087000000000273e+01 -1.452530000000000099e+00 6.032282999999999618e+01
1.705000000000000000e+04 4.832000000000000028e+01 4.815086999999999762e+01 2.435410000000000075e+00 6.034465999999999752e+01
1.706000000000000000e+04 4.832999999999999829e+01 4.797755000000000081e+01 5.075239999999999974e+00 6.039058999999999600e+01
1.707000000000000364e+04 4.834000000000000341e+01 4.816277000000000186e+01 2.552140000000000075e+00 6.040289999999999537e+01
1.708000000000000000e+04 4.835000000000000142e+01 4.829825999999999908e+01 7.450700000000000101e-01 6.041534999999999656e+01
1.709000000000000000e+04 4.835999999999999943e+01 4.838774999999999693e+01 -3.996199999999999752e-01 6.044614999999999583e+01
1.709999999999999636e+04 4.836999999999999744e+01 4.823536000000000001e+01 1.938849999999999962e+00 6.047554999999999836e+01
1.711000000000000364e+04 4.838000000000000256e+01 4.840438999999999936e+01 -3.511900000000000022e-01 6.048830999999999847e+01
1.712000000000000000e+04 4.839000000000000057e+01 4.829672999999999661e+01 1.343150000000000066e+00 6.050570999999999344e+01
1.713000000000000000e+04 4.839999999999999858e+01 4.861296999999999713e+01 -3.066780000000000062e+00 6.049134999999999707e+01
1.713999999999999636e+04 4.840999999999999659e+01 4.860464999999999947e+01 -2.803020000000000067e+00 6.046333999999999520e+01
1.715000000000000000e+04 4.842000000000000171e+01 4.842069000000000045e+01 -9.969999999999999696e-03 6.045638999999999896e+01
1.716000000000000000e+04 4.842999999999999972e+01 4.810580999999999818e+01 4.668389999999999596e+00 6.048582999999999288e+01
1.716999999999999636e+04 4.843999999999999773e+01 4.812055000000000149e+01 4.600030000000000285e+00 6.054138999999999271e+01
1.718000000000000364e+04 4.845000000000000284e+01 4.821390999999999849e+01 3.399750000000000050e+00 6.059513999999999356e+01
1.719000000000000000e+04 4.846000000000000085e+01 4.824898000000000309e+01 3.038670000000000204e+00 6.061657999999999902e+01
1.720000000000000000e+04 4.846999999999999886e+01 4.837140999999999735e+01 1.419699999999999962e+00 6.064538999999999902e+01
1.720999999999999636e+04 4.847999999999999687e+01 4.834920999999999935e+01 1.883329999999999949e+00 6.067694999999999794e+01
1.722000000000000364e+04 4.849000000000000199e+01 4.862919000000000125e+01 -2.004389999999999894e+00 6.068489999999999895e+01
1.723000000000000000e+04 4.850000000000000000e+01 4.835604000000000013e+01 2.072960000000000136e+00 6.066999999999999460e+01
1.723999999999999636e+04 4.850999999999999801e+01 4.871110000000000184e+01 -2.895849999999999813e+00 6.066763999999999868e+01
1.725000000000000364e+04 4.852000000000000313e+01 4.837709000000000259e+01 2.057850000000000179e+00 6.066223999999999705e+01
1.726000000000000000e+04 4.853000000000000114e+01 4.818318000000000012e+01 4.994239999999999569e+00 6.069857999999999265e+01
1.727000000000000000e+04 4.853999999999999915e+01 4.855035999999999774e+01 -1.492400000000000115e-01 6.071472999999999587e+01
1.727999999999999636e+04 4.854999999999999716e+01 4.838947999999999894e+01 2.311500000000000110e+00 6.072343999999999653e+01
1.729000000000000364e+04 4.856000000000000227e+01 4.828105000000000047e+01 4.016919999999999824e+00 6.075185999999999353e+01
1.730000000000000000e+04 4.857000000000000028e+01 4.867996999999999730e+01 -1.583599999999999897e+00 6.076706999999999681e+01
1.731000000000000000e+04 4.857999999999999829e+01 4.861936000000000035e+01 -5.667699999999999960e-01 6.074276999999999305e+01
1.732000000000000364e+04 4.859000000000000341e+01 4.844030999999999665e+01 2.155499999999999972e+00 6.074430999999999869e+01
1.733000000000000000e+04 4.860000000000000142e+01 4.826809999999999690e+01 4.779320000000000235e+00 6.076869999999999550e+01
1.734000000000000000e+04 4.860999999999999943e+01 4.839339999999999975e+01 3.119000000000000217e+00 6.080460999999999672e+01
1.734999999999999636e+04 4.861999999999999744e+01 4.854639000000000237e+01 1.059930000000000039e+00 6.083101999999999521e+01
1.736000000000000364e+04 4.863000000000000256e+01 4.852418000000000120e+01 1.523859999999999992e+00 6.083915999999999258e+01
1.737000000000000000e+04 4.864000000000000057e+01 4.884774000000000171e+01 -2.991470000000000073e+00 6.083762999999999721e+01
1.738000000000000000e+04 4.864999999999999858e+01 4.867318999999999818e+01 -3.338700000000000001e-01 6.082570999999999373e+01
1.738999999999999636e+04 4.865999999999999659e+01 4.887857999999999947e+01 -3.147520000000000095e+00 6.078031999999999613e+01
1.740000000000000000e+04 4.867000000000000171e+01 4.847097000000000122e+01 2.866029999999999855e+00 6.077225999999999573e+01
1.741000000000000000e+04 4.867999999999999972e+01 4.845409000000000077e+01 3.253089999999999815e+00 6.079079999999999728e+01
1.741999999999999636e+04 4.868999999999999773e+01 4.880064999999999742e+01 -1.593429999999999902e+00 6.080928999999999718e+01
1.743000000000000364e+04 4.870000000000000284e+01 4.850518000000000285e+01 2.805439999999999934e+00 6.080658999999999281e+01
1.744000000000000000e+04 4.871000000000000085e+01 4.832314999999999827e+01 5.570599999999999774e+00 6.084117999999999427e+01
1.745000000000000000e+04 4.871999999999999886e+01 4.868318000000000012e+01 5.302299999999999791e-01 6.087458999999999776e+01
1.745999999999999636e+04 4.872999999999999687e+01 4.855622000000000327e+01 2.502450000000000063e+00 6.089414999999999623e+01
1.747000000000000364e+04 4.874000000000000199e+01 4.863606999999999658e+01 1.496580000000000021e+00 6.092546999999999713e+01
1.748000000000000000e+04 4.875000000000000000e+01 4.858482999999999663e+01 2.378439999999999888e+00 6.093507999999999925e+01
1.748999999999999636e+04 4.875999999999999801e+01 4.861842999999999648e+01 2.038679999999999826e+00 6.095727999999999724e+01
1.750000000000000364e+04 4.877000000000000313e+01 4.844362000000000279e+01 4.699869999999999770e+00 6.097829999999999728e+01
1.751000000000000000e+04 4.878000000000000114e+01 4.847608999999999924e+01 4.376310000000000144e+00 6.101513999999999527e+01
1.752000000000000000e+04 4.878999999999999915e+01 4.898680999999999841e+01 -2.834070000000000089e+00 6.102385999999999910e+01
1.752999999999999636e+04 4.879999999999999716e+01 4.889547000000000310e+01 -1.374829999999999997e+00 6.102038999999999902e+01
1.754000000000000364e+04 4.881000000000000227e+01 4.889195000000000135e+01 -1.180139999999999967e+00 6.101183999999999941e+01
1.755000000000000000e+04 4.882000000000000028e+01 4.894823000000000235e+01 -1.846570000000000045e+00 6.098417999999999495e+01
1.756000000000000000e+04 4.882999999999999829e+01 4.857327000000000083e+01 3.696880000000000166e+00 6.100423999999999580e+01
1.757000000000000364e+04 4.884000000000000341e+01 4.895045999999999964e+01 -1.590600000000000014e+00 6.100551999999999708e+01
1.758000000000000000e+04 4.885000000000000142e+01 4.883738999999999919e+01 1.816099999999999937e-01 6.098789999999999623e+01
1.759000000000000000e+04 4.885999999999999943e+01 4.902058999999999855e+01 -2.312419999999999920e+00 6.097383999999999560e+01
1.759999999999999636e+04 4.886999999999999744e+01 4.884288000000000096e+01 3.904900000000000038e-01 6.096999999999999886e+01
1.761000000000000364e+04 4.888000000000000256e+01 4.897128000000000014e+01 -1.314500000000000002e+00 6.095936999999999273e+01
1.762000000000000000e+04 4.889000000000000057e+01 4.883525999999999812e+01 7.883000000000000007e-01 6.094939999999999714e+01
1.763000000000000000e+04 4.889999999999999858e+01 4.880608999999999753e+01 1.352349999999999941e+00 6.096135999999999910e+01
1.763999999999999636e+04 4.890999999999999659e+01 4.903719000000000250e+01 -1.831469999999999931e+00 6.095231999999999317e+01
1.765000000000000000e+04 4.892000000000000171e+01 4.868945999999999685e+01 3.319719999999999782e+00 6.093405999999999523e+01
1.766000000000000000e+04 4.892999999999999972e+01 4.892685999999999780e+01 4.517000000000000182e-02 6.092781999999999698e+01
1.766999999999999636e+04 4.893999999999999773e+01 4.883476000000000283e+01 1.515449999999999964e+00 6.092191999999999297e+01
1.768000000000000364e+04 4.895000000000000284e+01 4.891474999999999795e+01 5.075899999999999856e-01 6.093513999999999697e+01
1.769000000000000000e+04 4.896000000000000085e+01 4.887196999999999747e+01 1.267640000000000100e+00 6.094838999999999629e+01
1.770000000000000000e+04 4.896999999999999886e+01 4.866055999999999671e+01 4.455879999999999619e+00 6.098668999999999585e+01
1.770999999999999636e+04 4.897999999999999687e+01 4.871426000000000300e+01 3.826700000000000212e+00 6.100820999999999827e+01
1.772000000000000364e+04 4.899000000000000199e+01 4.871781000000000006e+01 3.919560000000000155e+00 6.105168999999999357e+01
1.773000000000000000e+04 4.900000000000000000e+01 4.878804000000000229e+01 3.052179999999999893e+00 6.108140999999999821e+01
1.773999999999999636e+04 4.900999999999999801e+01 4.895206999999999908e+01 8.342000000000000526e-01 6.109361999999999426e+01
1.775000000000000364e+04 4.902000000000000313e+01 4.892842000000000269e+01 1.318750000000000089e+00 6.112210999999999927e+01
1.776000000000000000e+04 4.903000000000000114e+01 4.909633000000000180e+01 -9.550899999999999945e-01 6.111152999999999480e+01
1.777000000000000000e+04 4.903999999999999915e+01 4.902429000000000059e+01 2.262099999999999944e-01 6.110718999999999568e+01
1.777999999999999636e+04 4.904999999999999716e+01 4.907786000000000115e+01 -4.012200000000000211e-01 6.110837999999999681e+01
1.779000000000000364e+04 4.906000000000000227e+01 4.903369000000000000e+01 3.788599999999999746e-01 6.110958999999999719e+01
1.780000000000000000e+04 4.907000000000000028e+01 4.855465999999999838e+01 7.420889999999999986e+00 6.116606999999999772e+01
1.781000000000000000e+04 4.907999999999999829e+01 4.858030999999999722e+01 7.195459999999999745e+00 6.122789999999999822e+01
1.782000000000000364e+04 4.909000000000000341e+01 4.869407000000000352e+01 5.701389999999999958e+00 6.129609999999999559e+01
1.783000000000000000e+04 4.910000000000000142e+01 4.868963000000000108e+01 5.909390000000000143e+00 6.134947999999999269e+01
1.784000000000000000e+04 4.910999999999999943e+01 4.886493000000000109e+01 3.529040000000000177e+00 6.141563999999999623e+01
1.784999999999999636e+04 4.911999999999999744e+01 4.894068999999999647e+01 2.582069999999999865e+00 6.146518999999999266e+01
1.786000000000000364e+04 4.913000000000000256e+01 4.900453999999999866e+01 1.806650000000000089e+00 6.148264999999999247e+01
1.787000000000000000e+04 4.914000000000000057e+01 4.932231000000000165e+01 -2.625189999999999912e+00 6.150290999999999286e+01
1.788000000000000000e+04 4.914999999999999858e+01 4.905154000000000281e+01 1.417859999999999898e+00 6.150297999999999377e+01
1.788999999999999636e+04 4.915999999999999659e+01 4.898622999999999905e+01 2.502250000000000085e+00 6.151792999999999267e+01
1.790000000000000000e+04 4.917000000000000171e+01 4.917987999999999715e+01 -1.422599999999999976e-01 6.152479999999999905e+01
1.791000000000000000e+04 4.917999999999999972e+01 4.922791999999999746e+01 -6.900399999999999867e-01 6.151221999999999923e+01
1.791999999999999636e+04 4.918999999999999773e+01 4.927754999999999797e+01 -1.260769999999999946e+00 6.151478999999999786e+01
1.793000000000000364e+04 4.920000000000000284e+01 4.912174000000000262e+01 1.126980000000000093e+00 6.152766999999999342e+01
1.794000000000000000e+04 4.921000000000000085e+01 4.907757999999999754e+01 1.906910000000000105e+00 6.153070999999999913e+01
1.795000000000000000e+04 4.921999999999999886e+01 4.935817999999999728e+01 -1.989749999999999908e+00 6.151307999999999510e+01
1.795999999999999636e+04 4.922999999999999687e+01 4.943281999999999954e+01 -2.920560000000000045e+00 6.148482999999999521e+01
1.797000000000000364e+04 4.924000000000000199e+01 4.934445999999999799e+01 -1.504229999999999956e+00 6.146122999999999337e+01
1.798000000000000000e+04 4.925000000000000000e+01 4.923413999999999646e+01 2.283799999999999997e-01 6.145754999999999768e+01
1.798999999999999636e+04 4.925999999999999801e+01 4.882009000000000043e+01 6.334719999999999906e+00 6.147171999999999770e+01
1.800000000000000364e+04 4.927000000000000313e+01 4.902917000000000058e+01 3.467929999999999957e+00 6.147171999999999770e+01
1.801000000000000000e+04 4.928000000000000114e+01 4.875220999999999805e+01 7.600189999999999557e+00 6.152100999999999686e+01
1.802000000000000000e+04 4.928999999999999915e+01 4.914574000000000353e+01 2.077350000000000030e+00 6.156736999999999682e+01
1.802999999999999636e+04 4.929999999999999716e+01 4.936744000000000199e+01 -9.710900000000000087e-01 6.158634999999999593e+01
1.804000000000000364e+04 4.931000000000000227e+01 4.896717999999999904e+01 4.936679999999999957e+00 6.159189999999999543e+01
1.805000000000000000e+04 4.932000000000000028e+01 4.917417999999999978e+01 2.099849999999999994e+00 6.160669999999999646e+01
1.806000000000000000e+04 4.932999999999999829e+01 4.910873999999999739e+01 3.186139999999999972e+00 6.164998999999999540e+01
1.807000000000000364e+04 4.934000000000000341e+01 4.905805000000000149e+01 4.060150000000000148e+00 6.168901999999999930e+01
1.808000000000000000e+04 4.935000000000000142e+01 4.944093999999999767e+01 -1.309490000000000043e+00 6.171698999999999558e+01
1.809000000000000000e+04 4.935999999999999943e+01 4.936214999999999975e+01 -3.092999999999999916e-02 6.171819999999999595e+01
1.809999999999999636e+04 4.936999999999999744e+01 4.921835000000000093e+01 2.183759999999999923e+00 6.171616999999999820e+01
1.811000000000000364e+04 4.938000000000000256e+01 4.925580999999999676e+01 1.788350000000000106e+00 6.175386999999999915e+01
1.812000000000000000e+04 4.939000000000000057e+01 4.925726000000000226e+01 1.911489999999999911e+00 6.177481999999999829e+01
1.813000000000000000e+04 4.939999999999999858e+01 4.973190999999999917e+01 -4.779499999999999638e+00 6.175880999999999688e+01
1.813999999999999636e+04 4.940999999999999659e+01 4.943994000000000000e+01 -4.310999999999999832e-01 6.173467999999999734e+01
1.815000000000000000e+04 4.942000000000000171e+01 4.954308999999999941e+01 -1.772489999999999899e+00 6.173590999999999696e+01
1.816000000000000000e+04 4.942999999999999972e+01 4.943822999999999723e+01 -1.185100000000000042e-01 6.172751999999999839e+01
1.816999999999999636e+04 4.943999999999999773e+01 4.898725000000000307e+01 6.519540000000000113e+00 6.175437999999999761e+01
1.818000000000000364e+04 4.945000000000000284e+01 4.918325999999999709e+01 3.841070000000000206e+00 6.180872999999999706e+01
1.819000000000000000e+04 4.946000000000000085e+01 4.888351999999999720e+01 8.301370000000000360e+00 6.186988999999999805e+01
1.820000000000000000e+04 4.946999999999999886e+01 4.892354999999999876e+01 7.868820000000000370e+00 6.193075999999999937e+01
1.820999999999999636e+04 4.947999999999999687e+01 4.918502999999999759e+01 4.247550000000000381e+00 6.198754999999999882e+01
1.822000000000000364e+04 4.949000000000000199e+01 4.930452999999999975e+01 2.670739999999999892e+00 6.203143000000000029e+01
1.823000000000000000e+04 4.950000000000000000e+01 4.928374000000000166e+01 3.114180000000000170e+00 6.205706999999999596e+01
1.823999999999999636e+04 4.950999999999999801e+01 4.942477999999999838e+01 1.227119999999999989e+00 6.205583999999999634e+01
1.825000000000000364e+04 4.952000000000000313e+01 4.934293000000000262e+01 2.549859999999999793e+00 6.209323999999999444e+01
1.826000000000000000e+04 4.953000000000000114e+01 4.971417000000000286e+01 -2.652019999999999822e+00 6.210331000000000046e+01
1.827000000000000000e+04 4.953999999999999915e+01 4.989585000000000292e+01 -5.124179999999999957e+00 6.204939999999999856e+01
1.827999999999999636e+04 4.954999999999999716e+01 4.965563000000000216e+01 -1.521020000000000039e+00 6.203358000000000061e+01
1.829000000000000364e+04 4.956000000000000227e+01 4.938586999999999705e+01 2.507410000000000139e+00 6.204645999999999617e+01
1.830000000000000000e+04 4.957000000000000028e+01 4.966449999999999676e+01 -1.360810000000000075e+00 6.204170999999999481e+01
1.831000000000000000e+04 4.957999999999999829e+01 4.964699000000000240e+01 -9.646299999999999875e-01 6.203560999999999837e+01
1.832000000000000364e+04 4.959000000000000341e+01 4.961813999999999680e+01 -4.052000000000000046e-01 6.204143999999999437e+01
1.833000000000000000e+04 4.960000000000000142e+01 4.973973000000000155e+01 -2.012119999999999909e+00 6.200786999999999694e+01
1.834000000000000000e+04 4.960999999999999943e+01 4.952942999999999785e+01 1.160199999999999898e+00 6.201847999999999672e+01
1.834999999999999636e+04 4.961999999999999744e+01 4.928345999999999805e+01 4.846149999999999736e+00 6.203831999999999880e+01
1.836000000000000364e+04 4.963000000000000256e+01 4.964638000000000062e+01 -2.358800000000000063e-01 6.205916999999999462e+01
1.837000000000000000e+04 4.964000000000000057e+01 4.962315000000000254e+01 2.426399999999999946e-01 6.204912999999999812e+01
1.838000000000000000e+04 4.964999999999999858e+01 4.960291000000000139e+01 6.781399999999999650e-01 6.206649999999999778e+01
1.838999999999999636e+04 4.965999999999999659e+01 4.947194999999999965e+01 2.707850000000000090e+00 6.208332999999999657e+01
1.840000000000000000e+04 4.967000000000000171e+01 4.957117000000000218e+01 1.423149999999999915e+00 6.210891999999999769e+01
1.841000000000000000e+04 4.967999999999999972e+01 4.956298000000000314e+01 1.685019999999999962e+00 6.210942999999999614e+01
1.841999999999999636e+04 4.968999999999999773e+01 4.940975000000000250e+01 4.035590000000000011e+00 6.214079999999999870e+01
1.843000000000000364e+04 4.970000000000000284e+01 4.946486000000000161e+01 3.385959999999999859e+00 6.218101999999999663e+01
1.844000000000000000e+04 4.971000000000000085e+01 4.974457000000000306e+01 -4.977900000000000102e-01 6.220337999999999568e+01
1.845000000000000000e+04 4.971999999999999886e+01 4.954650999999999783e+01 2.498320000000000096e+00 6.222864999999999469e+01
1.845999999999999636e+04 4.972999999999999687e+01 4.916239000000000203e+01 8.173600000000000421e+00 6.228385999999999711e+01
1.847000000000000364e+04 4.974000000000000199e+01 4.945544999999999902e+01 4.097520000000000273e+00 6.234799999999999898e+01
1.848000000000000000e+04 4.975000000000000000e+01 4.968448000000000064e+01 9.435000000000000053e-01 6.235356999999999772e+01
1.848999999999999636e+04 4.975999999999999801e+01 4.997556999999999761e+01 -3.104179999999999939e+00 6.235792999999999608e+01
1.850000000000000364e+04 4.977000000000000313e+01 4.976145000000000351e+01 1.230500000000000066e-01 6.235116999999999621e+01
1.851000000000000000e+04 4.978000000000000114e+01 4.982130999999999688e+01 -5.948700000000000099e-01 6.235306999999999533e+01
1.852000000000000000e+04 4.978999999999999915e+01 4.982065000000000055e+01 -4.413799999999999946e-01 6.233511999999999631e+01
1.852999999999999636e+04 4.979999999999999716e+01 4.999515000000000242e+01 -2.810099999999999820e+00 6.233389999999999986e+01
1.854000000000000364e+04 4.981000000000000227e+01 4.944993000000000194e+01 5.185039999999999871e+00 6.235741999999999763e+01
1.855000000000000000e+04 4.982000000000000028e+01 4.961346000000000345e+01 2.974139999999999784e+00 6.239127999999999474e+01
1.856000000000000000e+04 4.982999999999999829e+01 4.983465000000000344e+01 -6.700000000000000400e-02 6.242446999999999946e+01
1.857000000000000364e+04 4.984000000000000341e+01 4.964462000000000330e+01 2.813540000000000152e+00 6.243037999999999954e+01
1.858000000000000000e+04 4.985000000000000142e+01 4.938309999999999889e+01 6.723290000000000433e+00 6.247046999999999883e+01
1.859000000000000000e+04 4.985999999999999943e+01 4.980707000000000306e+01 7.622200000000000086e-01 6.250663999999999731e+01
1.859999999999999636e+04 4.986999999999999744e+01 4.999815999999999860e+01 -1.845460000000000100e+00 6.251121999999999446e+01
1.861000000000000364e+04 4.988000000000000256e+01 5.010685999999999751e+01 -3.266729999999999912e+00 6.250340999999999525e+01
1.862000000000000000e+04 4.989000000000000057e+01 5.018764999999999787e+01 -4.286109999999999864e+00 6.245695999999999515e+01
1.863000000000000000e+04 4.989999999999999858e+01 4.996403999999999712e+01 -9.221200000000000507e-01 6.243392000000000053e+01
1.863999999999999636e+04 4.990999999999999659e+01 5.000534999999999997e+01 -1.373110000000000053e+00 6.239174999999999471e+01
1.865000000000000000e+04 4.992000000000000171e+01 4.996719999999999828e+01 -6.797400000000000109e-01 6.235969999999999658e+01
1.866000000000000000e+04 4.992999999999999972e+01 4.986026999999999987e+01 1.004059999999999953e+00 6.235848999999999620e+01
1.866999999999999636e+04 4.993999999999999773e+01 4.979569000000000045e+01 2.078100000000000058e+00 6.236384999999999934e+01
1.868000000000000364e+04 4.995000000000000284e+01 4.974707999999999686e+01 2.922060000000000102e+00 6.239530999999999494e+01
1.869000000000000000e+04 4.996000000000000085e+01 4.990464000000000055e+01 7.972299999999999942e-01 6.241691999999999751e+01
1.870000000000000000e+04 4.996999999999999886e+01 4.998937000000000097e+01 -2.788700000000000068e-01 6.242235999999999763e+01
1.870999999999999636e+04 4.997999999999999687e+01 4.989023000000000252e+01 1.292650000000000077e+00 6.243742999999999910e+01
1.872000000000000364e+04 4.999000000000000199e+01 4.998257999999999868e+01 1.068100000000000022e-01 6.241935999999999751e+01
1.873000000000000000e+04 5.000000000000000000e+01 4.997894999999999754e+01 3.031200000000000006e-01 6.242261999999999489e+01
1.873999999999999636e+04 5.000999999999999801e+01 4.976021999999999679e+01 3.596859999999999946e+00 6.245136999999999716e+01
1.875000000000000364e+04 5.002000000000000313e+01 4.962463000000000335e+01 5.693349999999999689e+00 6.248386999999999603e+01
1.876000000000000000e+04 5.003000000000000114e+01 4.992839000000000027e+01 1.463219999999999965e+00 6.253087999999999624e+01
1.877000000000000000e+04 5.003999999999999915e+01 4.991472000000000264e+01 1.803970000000000073e+00 6.255924999999999869e+01
1.877999999999999636e+04 5.004999999999999716e+01 5.001362999999999914e+01 5.237399999999999833e-01 6.257609999999999673e+01
1.879000000000000364e+04 5.006000000000000227e+01 5.026420000000000243e+01 -2.940510000000000179e+00 6.257859999999999445e+01
1.880000000000000000e+04 5.007000000000000028e+01 5.004789999999999850e+01 3.182499999999999774e-01 6.255930999999999642e+01
1.881000000000000000e+04 5.007999999999999829e+01 5.016805999999999699e+01 -1.267989999999999950e+00 6.256762999999999408e+01
1.882000000000000364e+04 5.009000000000000341e+01 4.992542000000000257e+01 2.369930000000000092e+00 6.255649999999999977e+01
1.883000000000000000e+04 5.010000000000000142e+01 4.982077999999999918e+01 4.020710000000000228e+00 6.257075999999999993e+01
1.884000000000000000e+04 5.010999999999999943e+01 4.981786999999999921e+01 4.206599999999999895e+00 6.261242000000000019e+01
1.884999999999999636e+04 5.011999999999999744e+01 4.973022999999999882e+01 5.612659999999999982e+00 6.266843999999999681e+01
1.886000000000000364e+04 5.013000000000000256e+01 4.980469000000000079e+01 4.684440000000000381e+00 6.272958999999999463e+01
1.887000000000000000e+04 5.014000000000000057e+01 5.020492000000000132e+01 -9.348699999999999788e-01 6.275442999999999927e+01
1.888000000000000000e+04 5.014999999999999858e+01 5.028296999999999883e+01 -1.914760000000000018e+00 6.275260999999999711e+01
1.888999999999999636e+04 5.015999999999999659e+01 5.036599999999999966e+01 -2.966330000000000133e+00 6.273498999999999626e+01
1.890000000000000000e+04 5.017000000000000171e+01 5.024022000000000077e+01 -1.011239999999999917e+00 6.272374999999999545e+01
1.891000000000000000e+04 5.017999999999999972e+01 5.026950000000000074e+01 -1.288799999999999946e+00 6.271320999999999657e+01
1.891999999999999636e+04 5.018999999999999773e+01 5.035687999999999676e+01 -2.403140000000000054e+00 6.269594999999999629e+01
1.893000000000000364e+04 5.020000000000000284e+01 5.040326000000000306e+01 -2.926950000000000163e+00 6.267926999999999538e+01
1.894000000000000000e+04 5.021000000000000085e+01 5.019145999999999930e+01 2.669300000000000006e-01 6.267608999999999497e+01
1.895000000000000000e+04 5.021999999999999886e+01 5.011567000000000149e+01 1.502320000000000100e+00 6.268744999999999834e+01
1.895999999999999636e+04 5.022999999999999687e+01 5.056434000000000140e+01 -4.814479999999999649e+00 6.265793000000000035e+01
1.897000000000000364e+04 5.024000000000000199e+01 5.036473000000000155e+01 -1.796180000000000110e+00 6.263447000000000031e+01
1.898000000000000000e+04 5.025000000000000000e+01 5.053918999999999784e+01 -4.164399999999999658e+00 6.259926000000000101e+01
1.898999999999999636e+04 5.025999999999999801e+01 5.056850000000000023e+01 -4.442370000000000374e+00 6.256353999999999616e+01
1.900000000000000364e+04 5.027000000000000313e+01 5.021002000000000010e+01 8.637500000000000178e-01 6.256353999999999616e+01
1.901000000000000000e+04 5.028000000000000114e+01 5.020936999999999983e+01 1.017090000000000050e+00 6.257413999999999277e+01
1.902000000000000000e+04 5.028999999999999915e+01 5.032737999999999801e+01 -5.382200000000000317e-01 6.258604999999999308e+01
1.902999999999999636e+04 5.029999999999999716e+01 5.037445999999999913e+01 -1.072219999999999951e+00 6.257983999999999725e+01
1.904000000000000364e+04 5.031000000000000227e+01 4.995848999999999762e+01 5.061709999999999710e+00 6.259492999999999796e+01
1.905000000000000000e+04 5.032000000000000028e+01 5.026816000000000173e+01 7.465000000000000524e-01 6.261329999999999529e+01
1.906000000000000000e+04 5.032999999999999829e+01 5.010819999999999652e+01 3.193880000000000052e+00 6.262767999999999802e+01
1.907000000000000364e+04 5.034000000000000341e+01 5.016893000000000313e+01 2.463459999999999983e+00 6.264861999999999398e+01
1.908000000000000000e+04 5.035000000000000142e+01 4.991510999999999854e+01 6.262369999999999770e+00 6.269310999999999723e+01
1.909000000000000000e+04 5.035999999999999943e+01 5.011748999999999654e+01 3.492090000000000138e+00 6.273827999999999605e+01
1.909999999999999636e+04 5.036999999999999744e+01 5.042665000000000219e+01 -8.157200000000000006e-01 6.274135999999999314e+01
1.911000000000000364e+04 5.038000000000000256e+01 5.032128999999999763e+01 8.454399999999999693e-01 6.274213999999999913e+01
1.912000000000000000e+04 5.039000000000000057e+01 5.046605000000000274e+01 -1.095140000000000002e+00 6.273316999999999410e+01
1.913000000000000000e+04 5.039999999999999858e+01 5.017873999999999768e+01 3.186129999999999907e+00 6.273808999999999969e+01
1.913999999999999636e+04 5.040999999999999659e+01 5.045635999999999655e+01 -6.676499999999999657e-01 6.273111999999999711e+01
1.915000000000000000e+04 5.042000000000000171e+01 5.057453999999999894e+01 -2.225389999999999979e+00 6.272277999999999309e+01
1.916000000000000000e+04 5.042999999999999972e+01 5.065538000000000096e+01 -3.245480000000000143e+00 6.267736999999999625e+01
1.916999999999999636e+04 5.043999999999999773e+01 5.040738000000000341e+01 4.697799999999999754e-01 6.267373999999999512e+01
1.918000000000000364e+04 5.045000000000000284e+01 5.036307000000000045e+01 1.251859999999999973e+00 6.268030999999999864e+01
1.919000000000000000e+04 5.046000000000000085e+01 5.048776000000000153e+01 -3.997399999999999842e-01 6.269056999999999391e+01
1.920000000000000000e+04 5.046999999999999886e+01 5.032791000000000281e+01 2.046110000000000095e+00 6.270685999999999893e+01
1.920999999999999636e+04 5.047999999999999687e+01 5.079373999999999967e+01 -4.517929999999999779e+00 6.270278999999999314e+01
1.922000000000000364e+04 5.049000000000000199e+01 5.053972999999999871e+01 -7.161300000000000443e-01 6.268839999999999435e+01
1.923000000000000000e+04 5.050000000000000000e+01 5.047041000000000111e+01 4.261300000000000088e-01 6.269243999999999772e+01
1.923999999999999636e+04 5.050999999999999801e+01 5.047827000000000197e+01 4.568699999999999983e-01 6.270652999999999366e+01
1.925000000000000364e+04 5.052000000000000313e+01 5.070004999999999740e+01 -2.592789999999999928e+00 6.270973999999999648e+01
1.926000000000000000e+04 5.053000000000000114e+01 5.068536999999999892e+01 -2.237340000000000106e+00 6.269581999999999766e+01
1.927000000000000000e+04 5.053999999999999915e+01 5.092434000000000083e+01 -5.534489999999999910e+00 6.267846999999999724e+01
1.927999999999999636e+04 5.054999999999999716e+01 5.067828999999999695e+01 -1.847409999999999997e+00 6.264287999999999812e+01
1.929000000000000364e+04 5.056000000000000227e+01 5.067703000000000202e+01 -1.685270000000000046e+00 6.262492999999999910e+01
1.930000000000000000e+04 5.057000000000000028e+01 5.065185999999999922e+01 -1.178830000000000044e+00 6.261806999999999590e+01
1.931000000000000000e+04 5.057999999999999829e+01 5.045579000000000036e+01 1.788580000000000059e+00 6.262497999999999365e+01
1.932000000000000364e+04 5.059000000000000341e+01 5.086135999999999768e+01 -3.907649999999999846e+00 6.261327999999999605e+01
1.933000000000000000e+04 5.060000000000000142e+01 5.081280000000000285e+01 -3.064319999999999933e+00 6.260042999999999580e+01
1.934000000000000000e+04 5.060999999999999943e+01 5.065270000000000294e+01 -6.149400000000000421e-01 6.257874999999999943e+01
1.934999999999999636e+04 5.061999999999999744e+01 5.054899000000000342e+01 1.022510000000000030e+00 6.257578999999999780e+01
1.936000000000000364e+04 5.063000000000000256e+01 5.048322999999999894e+01 2.113560000000000105e+00 6.259491999999999479e+01
1.937000000000000000e+04 5.064000000000000057e+01 5.052201000000000164e+01 1.699030000000000040e+00 6.261281999999999925e+01
1.938000000000000000e+04 5.064999999999999858e+01 5.051149999999999807e+01 1.994350000000000067e+00 6.263528999999999769e+01
1.938999999999999636e+04 5.065999999999999659e+01 5.092049999999999699e+01 -3.751259999999999817e+00 6.261768999999999608e+01
1.940000000000000000e+04 5.067000000000000171e+01 5.085173000000000343e+01 -2.616950000000000109e+00 6.258566999999999325e+01
1.941000000000000000e+04 5.067999999999999972e+01 5.048532000000000153e+01 2.803430000000000089e+00 6.258962999999999965e+01
1.941999999999999636e+04 5.068999999999999773e+01 5.038747999999999649e+01 4.356300000000000061e+00 6.261572999999999922e+01
1.943000000000000364e+04 5.070000000000000284e+01 5.078719000000000250e+01 -1.255470000000000086e+00 6.262939999999999685e+01
1.944000000000000000e+04 5.071000000000000085e+01 5.083838000000000079e+01 -1.848740000000000050e+00 6.261510999999999427e+01
1.945000000000000000e+04 5.071999999999999886e+01 5.077830000000000155e+01 -8.394800000000000040e-01 6.258948999999999785e+01
1.945999999999999636e+04 5.072999999999999687e+01 5.065715999999999752e+01 1.048929999999999918e+00 6.259731999999999630e+01
1.947000000000000364e+04 5.074000000000000199e+01 5.064267999999999859e+01 1.401469999999999994e+00 6.260628999999999422e+01
1.948000000000000000e+04 5.075000000000000000e+01 5.056412999999999869e+01 2.676590000000000025e+00 6.260760999999999399e+01
1.948999999999999636e+04 5.075999999999999801e+01 5.084976999999999947e+01 -1.292629999999999946e+00 6.261115999999999815e+01
1.950000000000000364e+04 5.077000000000000313e+01 5.093254999999999910e+01 -2.340749999999999886e+00 6.258290999999999826e+01
1.951000000000000000e+04 5.078000000000000114e+01 5.077087999999999823e+01 1.312800000000000078e-01 6.259298999999999324e+01
1.952000000000000000e+04 5.078999999999999915e+01 5.050088000000000221e+01 4.163299999999999557e+00 6.261077999999999832e+01
1.952999999999999636e+04 5.079999999999999716e+01 5.053717000000000326e+01 3.784800000000000164e+00 6.264225999999999317e+01
1.954000000000000364e+04 5.081000000000000227e+01 5.043410000000000082e+01 5.412930000000000241e+00 6.266540999999999428e+01
1.955000000000000000e+04 5.082000000000000028e+01 5.059109000000000123e+01 3.296380000000000088e+00 6.270437999999999334e+01
1.956000000000000000e+04 5.082999999999999829e+01 5.061818999999999846e+01 3.050110000000000099e+00 6.274560999999999922e+01
1.957000000000000364e+04 5.084000000000000341e+01 5.050381000000000142e+01 4.841160000000000352e+00 6.276912999999999698e+01
1.958000000000000000e+04 5.085000000000000142e+01 5.083977000000000146e+01 1.472600000000000020e-01 6.280618999999999374e+01
1.959000000000000000e+04 5.085999999999999943e+01 5.051086000000000098e+01 5.027689999999999770e+00 6.282322999999999524e+01
1.959999999999999636e+04 5.086999999999999744e+01 5.051391000000000275e+01 5.127659999999999663e+00 6.287469999999999715e+01
1.961000000000000364e+04 5.088000000000000256e+01 5.073094999999999999e+01 2.146279999999999966e+00 6.291118999999999772e+01
1.962000000000000000e+04 5.089000000000000057e+01 5.053444999999999965e+01 5.119970000000000354e+00 6.295105999999999824e+01
1.963000000000000000e+04 5.089999999999999858e+01 5.068498999999999910e+01 3.096109999999999918e+00 6.298441999999999297e+01
1.963999999999999636e+04 5.090999999999999659e+01 5.076854000000000156e+01 2.036989999999999856e+00 6.298350999999999544e+01
1.965000000000000000e+04 5.092000000000000171e+01 5.106472000000000122e+01 -2.083979999999999944e+00 6.297908999999999935e+01
1.966000000000000000e+04 5.092999999999999972e+01 5.103029999999999688e+01 -1.444329999999999892e+00 6.295417999999999381e+01
1.966999999999999636e+04 5.093999999999999773e+01 5.090241000000000327e+01 5.412900000000000489e-01 6.293750999999999607e+01
1.968000000000000364e+04 5.095000000000000284e+01 5.095942000000000149e+01 -1.356499999999999928e-01 6.292904999999999660e+01
1.969000000000000000e+04 5.096000000000000085e+01 5.101711999999999847e+01 -8.225999999999999979e-01 6.293697999999999837e+01
1.970000000000000000e+04 5.096999999999999886e+01 5.072165999999999997e+01 3.576080000000000148e+00 6.295024999999999693e+01
1.970999999999999636e+04 5.097999999999999687e+01 5.059132999999999925e+01 5.596799999999999997e+00 6.299013999999999669e+01
1.972000000000000364e+04 5.099000000000000199e+01 5.081246999999999758e+01 2.556389999999999940e+00 6.302742999999999540e+01
1.973000000000000000e+04 5.100000000000000000e+01 5.071215999999999724e+01 4.144849999999999923e+00 6.305878999999999479e+01
1.973999999999999636e+04 5.100999999999999801e+01 5.112693999999999761e+01 -1.683950000000000058e+00 6.305682999999999794e+01
1.975000000000000364e+04 5.102000000000000313e+01 5.111261999999999972e+01 -1.333700000000000108e+00 6.304759999999999565e+01
1.976000000000000000e+04 5.103000000000000114e+01 5.107717000000000240e+01 -6.792399999999999549e-01 6.304713999999999885e+01
1.977000000000000000e+04 5.103999999999999915e+01 5.108744000000000085e+01 -6.830899999999999750e-01 6.304878999999999678e+01
1.977999999999999636e+04 5.104999999999999716e+01 5.113278999999999996e+01 -1.192169999999999952e+00 6.304203999999999297e+01
1.979000000000000364e+04 5.106000000000000227e+01 5.101550000000000296e+01 6.407699999999999507e-01 6.302669999999999817e+01
1.980000000000000000e+04 5.107000000000000028e+01 5.116053999999999746e+01 -1.303790000000000004e+00 6.302612999999999488e+01
1.981000000000000000e+04 5.107999999999999829e+01 5.111894000000000204e+01 -5.606900000000000217e-01 6.302527999999999508e+01
1.982000000000000364e+04 5.109000000000000341e+01 5.093229999999999791e+01 2.270890000000000075e+00 6.302569999999999339e+01
1.983000000000000000e+04 5.110000000000000142e+01 5.125151000000000323e+01 -2.181789999999999896e+00 6.302291999999999916e+01
1.984000000000000000e+04 5.110999999999999943e+01 5.146896999999999878e+01 -5.169220000000000148e+00 6.298560999999999410e+01
1.984999999999999636e+04 5.111999999999999744e+01 5.132979999999999876e+01 -3.021110000000000184e+00 6.294003999999999621e+01
1.986000000000000364e+04 5.113000000000000256e+01 5.116161000000000314e+01 -4.551999999999999935e-01 6.291412999999999300e+01
1.987000000000000000e+04 5.114000000000000057e+01 5.098939000000000021e+01 2.168810000000000127e+00 6.293360999999999450e+01
1.988000000000000000e+04 5.114999999999999858e+01 5.122431000000000267e+01 -1.070109999999999895e+00 6.292974999999999852e+01
1.988999999999999636e+04 5.115999999999999659e+01 5.126673000000000258e+01 -1.536950000000000038e+00 6.290338999999999459e+01
1.990000000000000000e+04 5.117000000000000171e+01 5.178432999999999709e+01 -8.846410000000000551e+00 6.283559999999999945e+01
1.991000000000000000e+04 5.117999999999999972e+01 5.152819999999999823e+01 -5.014009999999999856e+00 6.276586999999999961e+01
1.991999999999999636e+04 5.118999999999999773e+01 5.151382999999999868e+01 -4.663149999999999906e+00 6.271839999999999549e+01
1.993000000000000364e+04 5.120000000000000284e+01 5.138812000000000069e+01 -2.708950000000000191e+00 6.266684999999999661e+01
1.994000000000000000e+04 5.121000000000000085e+01 5.176814000000000249e+01 -8.037209999999999965e+00 6.259545999999999566e+01
1.995000000000000000e+04 5.121999999999999886e+01 5.129247000000000156e+01 -1.043570000000000109e+00 6.252963999999999345e+01
1.995999999999999636e+04 5.122999999999999687e+01 5.094619000000000142e+01 4.086899999999999977e+00 6.254344999999999288e+01
1.997000000000000364e+04 5.124000000000000199e+01 5.141508999999999929e+01 -2.521250000000000213e+00 6.253132999999999697e+01
1.998000000000000000e+04 5.125000000000000000e+01 5.109973000000000098e+01 2.163910000000000000e+00 6.252298999999999296e+01
1.998999999999999636e+04 5.125999999999999801e+01 5.117157999999999873e+01 1.273249999999999993e+00 6.256920999999999822e+01
2.000000000000000364e+04 5.127000000000000313e+01 5.114370000000000260e+01 1.818689999999999918e+00 6.256920999999999822e+01
2.001000000000000000e+04 5.128000000000000114e+01 5.121459999999999724e+01 9.416999999999999815e-01 6.257213999999999743e+01
2.002000000000000000e+04 5.128999999999999915e+01 5.109456000000000131e+01 2.814319999999999933e+00 6.259727999999999781e+01
2.002999999999999636e+04 5.129999999999999716e+01 5.104518000000000200e+01 3.669399999999999995e+00 6.260725000000000051e+01
2.004000000000000364e+04 5.131000000000000227e+01 5.119713000000000136e+01 1.625289999999999901e+00 6.263382000000000005e+01
2.005000000000000000e+04 5.132000000000000028e+01 5.111997000000000213e+01 2.880469999999999864e+00 6.266433999999999571e+01
2.006000000000000000e+04 5.132999999999999829e+01 5.120432999999999879e+01 1.809649999999999981e+00 6.269713999999999743e+01
2.007000000000000364e+04 5.134000000000000341e+01 5.140630999999999773e+01 -9.549100000000000366e-01 6.270974999999999966e+01
2.008000000000000000e+04 5.135000000000000142e+01 5.133984000000000236e+01 1.463099999999999956e-01 6.271105999999999625e+01
2.009000000000000000e+04 5.135999999999999943e+01 5.135374999999999801e+01 9.001000000000000667e-02 6.269814999999999827e+01
2.009999999999999636e+04 5.136999999999999744e+01 5.117663000000000295e+01 2.784520000000000106e+00 6.268777000000000044e+01
2.011000000000000364e+04 5.138000000000000256e+01 5.140290999999999855e+01 -3.299699999999999855e-01 6.270613999999999777e+01
2.012000000000000000e+04 5.139000000000000057e+01 5.160025999999999868e+01 -3.027800000000000047e+00 6.267906999999999584e+01
2.013000000000000000e+04 5.139999999999999858e+01 5.165053999999999945e+01 -3.607800000000000118e+00 6.266850000000000165e+01
2.013999999999999636e+04 5.140999999999999659e+01 5.147733999999999810e+01 -9.696799999999999864e-01 6.264047999999999661e+01
2.015000000000000000e+04 5.142000000000000171e+01 5.144250000000000256e+01 -3.239699999999999802e-01 6.264133999999999958e+01
2.016000000000000000e+04 5.142999999999999972e+01 5.136041999999999774e+01 1.001959999999999962e+00 6.264667999999999637e+01
2.016999999999999636e+04 5.143999999999999773e+01 5.142338000000000164e+01 2.393099999999999949e-01 6.266673000000000116e+01
2.018000000000000364e+04 5.145000000000000284e+01 5.161352999999999724e+01 -2.354880000000000084e+00 6.266714999999999947e+01
2.019000000000000000e+04 5.146000000000000085e+01 5.135159000000000162e+01 1.561090000000000089e+00 6.266471999999999554e+01
2.020000000000000000e+04 5.146999999999999886e+01 5.169368999999999659e+01 -3.221109999999999918e+00 6.266473999999999478e+01
2.020999999999999636e+04 5.147999999999999687e+01 5.135699999999999932e+01 1.771220000000000017e+00 6.265784999999999627e+01
2.022000000000000364e+04 5.149000000000000199e+01 5.135403000000000162e+01 1.957920000000000105e+00 6.270382999999999640e+01
2.023000000000000000e+04 5.150000000000000000e+01 5.161614000000000146e+01 -1.672360000000000069e+00 6.269872000000000156e+01
2.023999999999999636e+04 5.150999999999999801e+01 5.180098000000000269e+01 -4.190100000000000158e+00 6.265668999999999755e+01
2.025000000000000364e+04 5.152000000000000313e+01 5.171482999999999919e+01 -2.805610000000000159e+00 6.262158000000000158e+01
2.026000000000000000e+04 5.153000000000000114e+01 5.165943000000000040e+01 -1.863769999999999927e+00 6.260002000000000066e+01
2.027000000000000000e+04 5.153999999999999915e+01 5.173324000000000211e+01 -2.782649999999999846e+00 6.259124999999999517e+01
2.027999999999999636e+04 5.154999999999999716e+01 5.153049000000000035e+01 2.809200000000000030e-01 6.258220000000000027e+01
2.029000000000000364e+04 5.156000000000000227e+01 5.131436000000000064e+01 3.537160000000000082e+00 6.260409999999999542e+01
2.030000000000000000e+04 5.157000000000000028e+01 5.153249000000000279e+01 5.401700000000000390e-01 6.263109000000000037e+01
2.031000000000000000e+04 5.157999999999999829e+01 5.157885000000000275e+01 1.655999999999999833e-02 6.264276999999999873e+01
2.032000000000000364e+04 5.159000000000000341e+01 5.147569000000000017e+01 1.646039999999999948e+00 6.264303999999999917e+01
2.033000000000000000e+04 5.160000000000000142e+01 5.157612999999999914e+01 3.437799999999999745e-01 6.266570999999999714e+01
2.034000000000000000e+04 5.160999999999999943e+01 5.167360000000000042e+01 -9.158699999999999619e-01 6.264795999999999765e+01
2.034999999999999636e+04 5.161999999999999744e+01 5.151850000000000307e+01 1.461570000000000036e+00 6.263651000000000124e+01
2.036000000000000364e+04 5.163000000000000256e+01 5.116503000000000156e+01 6.695509999999999629e+00 6.267755999999999972e+01
2.037000000000000000e+04 5.164000000000000057e+01 5.139547000000000310e+01 3.521180000000000199e+00 6.272737000000000052e+01
2.038000000000000000e+04 5.164999999999999858e+01 5.170481999999999800e+01 -7.894700000000000051e-01 6.274140999999999480e+01
2.038999999999999636e+04 5.165999999999999659e+01 5.185799000000000092e+01 -2.850989999999999913e+00 6.272335999999999956e+01
2.040000000000000000e+04 5.167000000000000171e+01 5.146694999999999709e+01 2.923929999999999918e+00 6.273955000000000126e+01
2.041000000000000000e+04 5.167999999999999972e+01 5.156024000000000029e+01 1.724529999999999896e+00 6.274830999999999648e+01
2.041999999999999636e+04 5.168999999999999773e+01 5.179137000000000057e+01 -1.459689999999999932e+00 6.274252999999999503e+01
2.043000000000000364e+04 5.170000000000000284e+01 5.149557999999999680e+01 2.943700000000000205e+00 6.276388999999999641e+01
2.044000000000000000e+04 5.171000000000000085e+01 5.167497999999999791e+01 5.043199999999999905e-01 6.278065999999999747e+01
2.045000000000000000e+04 5.171999999999999886e+01 5.164961000000000269e+01 1.013549999999999951e+00 6.278152999999999651e+01
2.045999999999999636e+04 5.172999999999999687e+01 5.156506999999999863e+01 2.374989999999999934e+00 6.278511999999999915e+01
2.047000000000000364e+04 5.174000000000000199e+01 5.200169000000000352e+01 -3.768269999999999786e+00 6.278524000000000171e+01
2.048000000000000000e+04 5.175000000000000000e+01 5.173586000000000240e+01 2.036600000000000077e-01 6.280505000000000138e+01
2.048999999999999636e+04 5.175999999999999801e+01 5.192625000000000313e+01 -2.394039999999999946e+00 6.277956999999999965e+01
2.050000000000000364e+04 5.177000000000000313e+01 5.189636000000000138e+01 -1.819600000000000106e+00 6.277626999999999668e+01
2.051000000000000000e+04 5.178000000000000114e+01 5.196070999999999884e+01 -2.602279999999999927e+00 6.275029999999999575e+01
2.052000000000000000e+04 5.178999999999999915e+01 5.169859000000000293e+01 1.316279999999999895e+00 6.274134000000000100e+01
2.052999999999999636e+04 5.179999999999999716e+01 5.174699999999999989e+01 7.631499999999999950e-01 6.274067000000000149e+01
2.054000000000000364e+04 5.181000000000000227e+01 5.200195000000000078e+01 -2.764110000000000067e+00 6.272738999999999976e+01
2.055000000000000000e+04 5.182000000000000028e+01 5.168146000000000129e+01 1.994920000000000027e+00 6.272319999999999851e+01
2.056000000000000000e+04 5.182999999999999829e+01 5.174681000000000353e+01 1.197999999999999954e+00 6.272455999999999676e+01
2.057000000000000364e+04 5.184000000000000341e+01 5.198465000000000202e+01 -2.082889999999999908e+00 6.272965999999999553e+01
2.058000000000000000e+04 5.185000000000000142e+01 5.197010999999999825e+01 -1.729540000000000077e+00 6.272444000000000131e+01
2.059000000000000000e+04 5.185999999999999943e+01 5.166490000000000293e+01 2.809429999999999872e+00 6.272090999999999639e+01
2.059999999999999636e+04 5.186999999999999744e+01 5.172373999999999938e+01 2.106120000000000214e+00 6.273451999999999629e+01
2.061000000000000364e+04 5.188000000000000256e+01 5.181963999999999970e+01 8.691499999999999782e-01 6.275422999999999973e+01
2.062000000000000000e+04 5.189000000000000057e+01 5.193666999999999945e+01 -6.721200000000000507e-01 6.275168000000000035e+01
2.063000000000000000e+04 5.189999999999999858e+01 5.160558999999999941e+01 4.239499999999999602e+00 6.275918999999999670e+01
2.063999999999999636e+04 5.190999999999999659e+01 5.204789000000000243e+01 -1.985640000000000072e+00 6.277783000000000158e+01
2.065000000000000000e+04 5.192000000000000171e+01 5.209971999999999781e+01 -2.587919999999999998e+00 6.273105999999999938e+01
2.066000000000000000e+04 5.192999999999999972e+01 5.212986999999999682e+01 -2.878089999999999815e+00 6.271360999999999564e+01
2.066999999999999636e+04 5.193999999999999773e+01 5.180752999999999986e+01 1.907529999999999948e+00 6.269527000000000072e+01
2.068000000000000364e+04 5.195000000000000284e+01 5.162174999999999869e+01 4.726840000000000153e+00 6.272970999999999719e+01
2.069000000000000000e+04 5.196000000000000085e+01 5.231991000000000014e+01 -5.182690000000000019e+00 6.273299000000000092e+01
2.070000000000000000e+04 5.196999999999999886e+01 5.221374000000000137e+01 -3.509879999999999889e+00 6.269077000000000055e+01
2.070999999999999636e+04 5.197999999999999687e+01 5.194702999999999804e+01 4.747500000000000053e-01 6.268487999999999971e+01
2.072000000000000364e+04 5.199000000000000199e+01 5.203237000000000023e+01 -6.100600000000000467e-01 6.268247999999999820e+01
2.073000000000000000e+04 5.200000000000000000e+01 5.196303999999999945e+01 5.322599999999999554e-01 6.268292999999999893e+01
2.073999999999999636e+04 5.200999999999999801e+01 5.218290999999999968e+01 -2.489879999999999871e+00 6.267984999999999474e+01
2.075000000000000364e+04 5.202000000000000313e+01 5.195712999999999937e+01 9.053900000000000281e-01 6.266772999999999882e+01
2.076000000000000000e+04 5.203000000000000114e+01 5.181175000000000352e+01 3.142759999999999998e+00 6.270198999999999501e+01
2.077000000000000000e+04 5.203999999999999915e+01 5.184689999999999799e+01 2.780640000000000001e+00 6.273536999999999608e+01
2.077999999999999636e+04 5.204999999999999716e+01 5.180895999999999901e+01 3.470979999999999954e+00 6.275090000000000146e+01
2.079000000000000364e+04 5.206000000000000227e+01 5.143623999999999796e+01 8.982150000000000745e+00 6.278729999999999478e+01
2.080000000000000000e+04 5.207000000000000028e+01 5.194653999999999883e+01 1.777859999999999996e+00 6.283813999999999567e+01
2.081000000000000000e+04 5.207999999999999829e+01 5.196880000000000166e+01 1.601280000000000037e+00 6.284534999999999627e+01
2.082000000000000364e+04 5.209000000000000341e+01 5.210862000000000194e+01 -2.680899999999999950e-01 6.283955999999999875e+01
2.083000000000000000e+04 5.210000000000000142e+01 5.202555999999999869e+01 1.071900000000000075e+00 6.282493999999999801e+01
2.084000000000000000e+04 5.210999999999999943e+01 5.183957999999999799e+01 3.894010000000000193e+00 6.286529000000000167e+01
2.084999999999999636e+04 5.211999999999999744e+01 5.198933999999999855e+01 1.881459999999999910e+00 6.291037000000000035e+01
2.086000000000000364e+04 5.213000000000000256e+01 5.215447999999999951e+01 -3.525400000000000200e-01 6.290343000000000018e+01
2.087000000000000000e+04 5.214000000000000057e+01 5.197303999999999746e+01 2.404220000000000024e+00 6.293471999999999866e+01
2.088000000000000000e+04 5.214999999999999858e+01 5.216474999999999795e+01 -2.123500000000000110e-01 6.293366999999999933e+01
2.088999999999999636e+04 5.215999999999999659e+01 5.206192999999999671e+01 1.412199999999999900e+00 6.294567999999999586e+01
2.090000000000000000e+04 5.217000000000000171e+01 5.195709000000000088e+01 3.065869999999999873e+00 6.297594000000000136e+01
2.091000000000000000e+04 5.217999999999999972e+01 5.224815000000000254e+01 -9.813699999999999646e-01 6.299358999999999753e+01
2.091999999999999636e+04 5.218999999999999773e+01 5.207095000000000340e+01 1.714369999999999949e+00 6.299230000000000018e+01
2.093000000000000364e+04 5.220000000000000284e+01 5.205194000000000187e+01 2.132089999999999819e+00 6.300638999999999612e+01
2.094000000000000000e+04 5.221000000000000085e+01 5.195259000000000071e+01 3.706640000000000157e+00 6.304161999999999466e+01
2.095000000000000000e+04 5.221999999999999886e+01 5.215525999999999840e+01 9.322599999999999776e-01 6.307110000000000127e+01
2.095999999999999636e+04 5.222999999999999687e+01 5.205501000000000289e+01 2.519789999999999974e+00 6.311813999999999680e+01
2.097000000000000364e+04 5.224000000000000199e+01 5.170922000000000196e+01 7.643290000000000362e+00 6.317698999999999643e+01
2.098000000000000000e+04 5.225000000000000000e+01 5.224922999999999718e+01 1.111999999999999968e-02 6.320429000000000030e+01
2.098999999999999636e+04 5.225999999999999801e+01 5.196556000000000353e+01 4.239869999999999806e+00 6.322045999999999566e+01
2.100000000000000364e+04 5.227000000000000313e+01 5.197639000000000209e+01 4.228010000000000268e+00 6.322045999999999566e+01
2.101000000000000000e+04 5.228000000000000114e+01 5.204281000000000290e+01 3.415480000000000071e+00 6.326682999999999879e+01
2.102000000000000000e+04 5.228999999999999915e+01 5.237514999999999787e+01 -1.226199999999999957e+00 6.327254999999999541e+01
2.102999999999999636e+04 5.229999999999999716e+01 5.226315999999999917e+01 5.304600000000000426e-01 6.326743999999999346e+01
2.104000000000000364e+04 5.231000000000000227e+01 5.205339000000000027e+01 3.695209999999999884e+00 6.328759999999999764e+01
2.105000000000000000e+04 5.232000000000000028e+01 5.206324999999999648e+01 3.697159999999999780e+00 6.332242999999999711e+01
2.106000000000000000e+04 5.232999999999999829e+01 5.217483000000000004e+01 2.234490000000000087e+00 6.336572999999999922e+01
2.107000000000000364e+04 5.234000000000000341e+01 5.207589000000000112e+01 3.803160000000000096e+00 6.338453999999999411e+01
2.108000000000000000e+04 5.235000000000000142e+01 5.200482000000000227e+01 4.970600000000000129e+00 6.341554999999999609e+01
2.109000000000000000e+04 5.235999999999999943e+01 5.228517000000000081e+01 1.077599999999999891e+00 6.344497999999999394e+01
2.109999999999999636e+04 5.236999999999999744e+01 5.215565000000000140e+01 3.086669999999999803e+00 6.348177999999999344e+01
2.111000000000000364e+04 5.238000000000000256e+01 5.218139999999999645e+01 2.859900000000000109e+00 6.351730999999999483e+01
2.112000000000000000e+04 5.239000000000000057e+01 5.225122999999999962e+01 1.998299999999999965e+00 6.356220999999999322e+01
2.113000000000000000e+04 5.239999999999999858e+01 5.244776999999999845e+01 -6.878900000000000015e-01 6.357329999999999615e+01
2.113999999999999636e+04 5.240999999999999659e+01 5.273387999999999920e+01 -4.663820000000000299e+00 6.355379999999999541e+01
2.115000000000000000e+04 5.242000000000000171e+01 5.271350999999999942e+01 -4.226510000000000211e+00 6.352770999999999901e+01
2.116000000000000000e+04 5.242999999999999972e+01 5.235067000000000093e+01 1.142320000000000002e+00 6.351717999999999620e+01
2.116999999999999636e+04 5.243999999999999773e+01 5.233055000000000234e+01 1.576109999999999900e+00 6.352463999999999800e+01
2.118000000000000364e+04 5.245000000000000284e+01 5.229133000000000209e+01 2.284829999999999917e+00 6.355212999999999823e+01
2.119000000000000000e+04 5.246000000000000085e+01 5.255060999999999893e+01 -1.304820000000000091e+00 6.353742999999999341e+01
2.120000000000000000e+04 5.246999999999999886e+01 5.218081000000000103e+01 4.164390000000000036e+00 6.354538999999999760e+01
2.120999999999999636e+04 5.247999999999999687e+01 5.238781000000000176e+01 1.327569999999999917e+00 6.359414999999999907e+01
2.122000000000000364e+04 5.249000000000000199e+01 5.212729000000000212e+01 5.222990000000000244e+00 6.363180999999999443e+01
2.123000000000000000e+04 5.250000000000000000e+01 5.220723999999999876e+01 4.215749999999999886e+00 6.367515999999999821e+01
2.123999999999999636e+04 5.250999999999999801e+01 5.231002999999999759e+01 2.879579999999999806e+00 6.370390999999999337e+01
2.125000000000000364e+04 5.252000000000000313e+01 5.260425000000000040e+01 -1.213179999999999925e+00 6.370571999999999235e+01
2.126000000000000000e+04 5.253000000000000114e+01 5.230501000000000289e+01 3.239900000000000002e+00 6.372203999999999269e+01
2.127000000000000000e+04 5.253999999999999915e+01 5.242163000000000039e+01 1.704490000000000061e+00 6.375604999999999478e+01
2.127999999999999636e+04 5.254999999999999716e+01 5.249293999999999727e+01 8.216599999999999460e-01 6.377740999999999616e+01
2.129000000000000364e+04 5.256000000000000227e+01 5.243601000000000312e+01 1.785519999999999996e+00 6.379965999999999582e+01
2.130000000000000000e+04 5.257000000000000028e+01 5.249989000000000061e+01 1.009560000000000013e+00 6.381405999999999779e+01
2.131000000000000000e+04 5.257999999999999829e+01 5.259288000000000096e+01 -1.855199999999999905e-01 6.380949999999999278e+01
2.132000000000000364e+04 5.259000000000000341e+01 5.259120999999999668e+01 -1.739999999999999880e-02 6.379812999999999334e+01
2.133000000000000000e+04 5.260000000000000142e+01 5.273492999999999853e+01 -1.943030000000000035e+00 6.378301999999999339e+01
2.134000000000000000e+04 5.260999999999999943e+01 5.263718999999999681e+01 -3.915199999999999791e-01 6.376584999999999326e+01
2.134999999999999636e+04 5.261999999999999744e+01 5.258384000000000214e+01 5.206399999999999917e-01 6.376729999999999876e+01
2.136000000000000364e+04 5.263000000000000256e+01 5.275985000000000014e+01 -1.869879999999999987e+00 6.377997999999999479e+01
2.137000000000000000e+04 5.264000000000000057e+01 5.255767999999999773e+01 1.185459999999999958e+00 6.379742999999999853e+01
2.138000000000000000e+04 5.264999999999999858e+01 5.247684000000000282e+01 2.493510000000000115e+00 6.382263999999999271e+01
2.138999999999999636e+04 5.265999999999999659e+01 5.231924000000000063e+01 4.907009999999999650e+00 6.385244999999999749e+01
2.140000000000000000e+04 5.267000000000000171e+01 5.250491999999999848e+01 2.377099999999999991e+00 6.390442999999999785e+01
2.141000000000000000e+04 5.267999999999999972e+01 5.224918000000000262e+01 6.203789999999999694e+00 6.396134999999999593e+01
2.141999999999999636e+04 5.268999999999999773e+01 5.278795000000000215e+01 -1.410500000000000087e+00 6.399241999999999564e+01
2.143000000000000364e+04 5.270000000000000284e+01 5.292981000000000336e+01 -3.309250000000000025e+00 6.397235999999999478e+01
2.144000000000000000e+04 5.271000000000000085e+01 5.267998000000000047e+01 4.323000000000000176e-01 6.394963999999999515e+01
2.145000000000000000e+04 5.271999999999999886e+01 5.272129000000000332e+01 -1.862000000000000113e-02 6.394356999999999402e+01
2.145999999999999636e+04 5.272999999999999687e+01 5.261746000000000123e+01 1.620570000000000066e+00 6.395428999999999320e+01
2.147000000000000364e+04 5.274000000000000199e+01 5.259586999999999790e+01 2.075450000000000017e+00 6.398052999999999457e+01
2.148000000000000000e+04 5.275000000000000000e+01 5.249662000000000006e+01 3.648660000000000014e+00 6.402087999999999113e+01
2.148999999999999636e+04 5.275999999999999801e+01 5.238584999999999781e+01 5.387739999999999974e+00 6.405176999999999055e+01
2.150000000000000364e+04 5.277000000000000313e+01 5.278723999999999705e+01 -2.482099999999999862e-01 6.408259999999999934e+01
2.151000000000000000e+04 5.278000000000000114e+01 5.263747000000000043e+01 2.052500000000000213e+00 6.409069999999999823e+01
2.152000000000000000e+04 5.278999999999999915e+01 5.267360999999999649e+01 1.675980000000000025e+00 6.408990000000000009e+01
2.152999999999999636e+04 5.279999999999999716e+01 5.260951000000000022e+01 2.743030000000000079e+00 6.408319000000000187e+01
2.154000000000000364e+04 5.281000000000000227e+01 5.269373000000000218e+01 1.674309999999999965e+00 6.407854999999999279e+01
2.155000000000000000e+04 5.282000000000000028e+01 5.271802000000000277e+01 1.468539999999999957e+00 6.410389999999999588e+01
2.156000000000000000e+04 5.282999999999999829e+01 5.284147999999999712e+01 -1.652500000000000080e-01 6.410757999999999868e+01
2.157000000000000364e+04 5.284000000000000341e+01 5.273376999999999981e+01 1.529779999999999918e+00 6.411833000000000027e+01
2.158000000000000000e+04 5.285000000000000142e+01 5.259259999999999735e+01 3.706620000000000026e+00 6.414385000000000048e+01
2.159000000000000000e+04 5.285999999999999943e+01 5.203538000000000352e+01 1.187457999999999991e+01 6.421027999999999736e+01
2.159999999999999636e+04 5.286999999999999744e+01 5.219496999999999787e+01 9.720399999999999707e+00 6.429881999999999209e+01
2.161000000000000364e+04 5.288000000000000256e+01 5.257339999999999947e+01 4.414979999999999905e+00 6.437418999999999869e+01
2.162000000000000000e+04 5.289000000000000057e+01 5.278576000000000334e+01 1.500979999999999981e+00 6.440246999999999389e+01
2.163000000000000000e+04 5.289999999999999858e+01 5.292828000000000088e+01 -4.072899999999999854e-01 6.439095999999999265e+01
2.163999999999999636e+04 5.290999999999999659e+01 5.287393000000000143e+01 5.193999999999999728e-01 6.438414000000000215e+01
2.165000000000000000e+04 5.292000000000000171e+01 5.273485999999999763e+01 2.666030000000000122e+00 6.439982999999999436e+01
2.166000000000000000e+04 5.292999999999999972e+01 5.269626000000000232e+01 3.365790000000000060e+00 6.441849999999999454e+01
2.166999999999999636e+04 5.293999999999999773e+01 5.288868999999999687e+01 7.388299999999999867e-01 6.444876999999999612e+01
2.168000000000000364e+04 5.295000000000000284e+01 5.314858999999999867e+01 -2.859770000000000145e+00 6.441949999999999932e+01
2.169000000000000000e+04 5.296000000000000085e+01 5.316617000000000104e+01 -2.968830000000000080e+00 6.440789999999999793e+01
2.170000000000000000e+04 5.296999999999999886e+01 5.343204000000000065e+01 -6.653310000000000279e+00 6.437313999999999226e+01
2.170999999999999636e+04 5.297999999999999687e+01 5.305431999999999704e+01 -1.070140000000000091e+00 6.434627999999999304e+01
2.172000000000000364e+04 5.299000000000000199e+01 5.330821999999999861e+01 -4.582340000000000302e+00 6.433638999999999442e+01
2.173000000000000000e+04 5.300000000000000000e+01 5.301520000000000010e+01 -2.188599999999999990e-01 6.431850000000000023e+01
2.173999999999999636e+04 5.300999999999999801e+01 5.319724000000000075e+01 -2.696260000000000101e+00 6.431072999999999240e+01
2.175000000000000364e+04 5.302000000000000313e+01 5.283203999999999922e+01 2.706640000000000157e+00 6.432768000000000086e+01
2.176000000000000000e+04 5.303000000000000114e+01 5.290297999999999945e+01 1.829129999999999923e+00 6.435907000000000266e+01
2.177000000000000000e+04 5.303999999999999915e+01 5.303954999999999842e+01 6.519999999999999754e-03 6.435030999999999324e+01
2.177999999999999636e+04 5.304999999999999716e+01 5.310551999999999850e+01 -7.995400000000000285e-01 6.436144000000000176e+01
2.179000000000000364e+04 5.306000000000000227e+01 5.322198999999999813e+01 -2.332640000000000047e+00 6.436187999999999931e+01
2.180000000000000000e+04 5.307000000000000028e+01 5.319610000000000127e+01 -1.815819999999999990e+00 6.433240999999999588e+01
2.181000000000000000e+04 5.307999999999999829e+01 5.305483999999999867e+01 3.622799999999999909e-01 6.431841999999998905e+01
2.182000000000000364e+04 5.309000000000000341e+01 5.279634000000000071e+01 4.228720000000000034e+00 6.435965999999999099e+01
2.183000000000000000e+04 5.310000000000000142e+01 5.302170000000000272e+01 1.127469999999999972e+00 6.437241000000000213e+01
2.184000000000000000e+04 5.310999999999999943e+01 5.332052999999999798e+01 -3.031610000000000138e+00 6.439367000000000019e+01
2.184999999999999636e+04 5.311999999999999744e+01 5.309532999999999703e+01 3.553100000000000147e-01 6.439753999999999223e+01
2.186000000000000364e+04 5.313000000000000256e+01 5.334275000000000233e+01 -3.063619999999999788e+00 6.438349999999999795e+01
2.187000000000000000e+04 5.314000000000000057e+01 5.309991000000000128e+01 5.773000000000000353e-01 6.439079999999999870e+01
2.188000000000000000e+04 5.314999999999999858e+01 5.283556000000000097e+01 4.527919999999999945e+00 6.440810999999999353e+01
2.188999999999999636e+04 5.315999999999999659e+01 5.270450999999999908e+01 6.559070000000000178e+00 6.447019999999999129e+01
2.190000000000000000e+04 5.317000000000000171e+01 5.290666999999999831e+01 3.792019999999999946e+00 6.452103999999999928e+01
2.191000000000000000e+04 5.317999999999999972e+01 5.347805999999999926e+01 -4.292019999999999946e+00 6.450992999999999711e+01
2.191999999999999636e+04 5.318999999999999773e+01 5.351106000000000051e+01 -4.623190000000000133e+00 6.446177999999999031e+01
2.193000000000000364e+04 5.320000000000000284e+01 5.363430000000000319e+01 -6.253930000000000433e+00 6.440013999999999328e+01
2.194000000000000000e+04 5.321000000000000085e+01 5.328213000000000221e+01 -1.038650000000000073e+00 6.439060999999999524e+01
2.195000000000000000e+04 5.321999999999999886e+01 5.350632000000000232e+01 -4.123039999999999594e+00 6.437949999999999307e+01
2.195999999999999636e+04 5.322999999999999687e+01 5.357979999999999876e+01 -5.037090000000000067e+00 6.433787999999999840e+01
2.197000000000000364e+04 5.324000000000000199e+01 5.371128000000000213e+01 -6.786430000000000184e+00 6.428892999999999347e+01
2.198000000000000000e+04 5.325000000000000000e+01 5.343583999999999889e+01 -2.676099999999999923e+00 6.424376999999999782e+01
2.198999999999999636e+04 5.325999999999999801e+01 5.278900999999999755e+01 6.782300000000000217e+00 6.425591999999998905e+01
2.200000000000000364e+04 5.327000000000000313e+01 5.306378000000000128e+01 2.969629999999999992e+00 6.425591999999998905e+01
2.201000000000000000e+04 5.328000000000000114e+01 5.304216000000000264e+01 3.424910000000000121e+00 6.429253999999998825e+01
2.202000000000000000e+04 5.328999999999999915e+01 5.311963000000000079e+01 2.453289999999999971e+00 6.432102999999999327e+01
2.202999999999999636e+04 5.329999999999999716e+01 5.308505999999999858e+01 3.095190000000000108e+00 6.434684999999998922e+01
2.204000000000000364e+04 5.331000000000000227e+01 5.292403999999999797e+01 5.557839999999999669e+00 6.438447999999998217e+01
2.205000000000000000e+04 5.332000000000000028e+01 5.332300000000000040e+01 -4.324999999999999678e-02 6.440500999999999010e+01
2.206000000000000000e+04 5.332999999999999829e+01 5.316159999999999997e+01 2.424939999999999873e+00 6.442100999999999544e+01
2.207000000000000364e+04 5.334000000000000341e+01 5.303652000000000299e+01 4.370120000000000005e+00 6.445983999999998559e+01
2.208000000000000000e+04 5.335000000000000142e+01 5.314242000000000132e+01 2.989079999999999959e+00 6.449801999999998259e+01
2.209000000000000000e+04 5.335999999999999943e+01 5.332050999999999874e+01 5.686600000000000543e-01 6.450291999999998893e+01
2.209999999999999636e+04 5.336999999999999744e+01 5.308189999999999742e+01 4.148690000000000211e+00 6.452654999999998608e+01
2.211000000000000364e+04 5.338000000000000256e+01 5.286894000000000204e+01 7.359230000000000160e+00 6.459329999999998506e+01
2.212000000000000000e+04 5.339000000000000057e+01 5.267466999999999899e+01 1.030073999999999934e+01 6.468266999999998745e+01
2.213000000000000000e+04 5.339999999999999858e+01 5.283494000000000312e+01 8.136919999999999931e+00 6.476707999999999288e+01
2.213999999999999636e+04 5.340999999999999659e+01 5.310466999999999871e+01 4.396720000000000184e+00 6.482693999999999335e+01
2.215000000000000000e+04 5.342000000000000171e+01 5.330745999999999896e+01 1.620619999999999949e+00 6.486057999999998458e+01
2.216000000000000000e+04 5.342999999999999972e+01 5.360750000000000171e+01 -2.556039999999999868e+00 6.488223999999999592e+01
2.216999999999999636e+04 5.343999999999999773e+01 5.348510999999999882e+01 -6.496300000000000407e-01 6.486099999999999000e+01
2.218000000000000364e+04 5.345000000000000284e+01 5.317593000000000103e+01 3.946639999999999926e+00 6.486696999999999491e+01
2.219000000000000000e+04 5.346000000000000085e+01 5.347601000000000226e+01 -2.305399999999999949e-01 6.490215999999999497e+01
2.220000000000000000e+04 5.346999999999999886e+01 5.358652000000000015e+01 -1.677899999999999947e+00 6.489484999999999104e+01
2.220999999999999636e+04 5.347999999999999687e+01 5.353280999999999779e+01 -7.605100000000000193e-01 6.487012999999998897e+01
2.222000000000000364e+04 5.349000000000000199e+01 5.367517999999999745e+01 -2.666619999999999990e+00 6.483853999999999473e+01
2.223000000000000000e+04 5.350000000000000000e+01 5.324958999999999776e+01 3.605949999999999989e+00 6.481904999999999006e+01
2.223999999999999636e+04 5.350999999999999801e+01 5.374098999999999648e+01 -3.326210000000000111e+00 6.482823999999999387e+01
2.225000000000000364e+04 5.352000000000000313e+01 5.342636000000000251e+01 1.348479999999999901e+00 6.482863999999999294e+01
2.226000000000000000e+04 5.353000000000000114e+01 5.351042000000000343e+01 2.819800000000000084e-01 6.483540999999999599e+01
2.227000000000000000e+04 5.353999999999999915e+01 5.357151000000000352e+01 -4.537399999999999767e-01 6.482374999999998977e+01
2.227999999999999636e+04 5.354999999999999716e+01 5.382394000000000034e+01 -3.944770000000000110e+00 6.480177999999999372e+01
2.229000000000000364e+04 5.356000000000000227e+01 5.372182999999999709e+01 -2.330340000000000078e+00 6.475853999999998223e+01
2.230000000000000000e+04 5.357000000000000028e+01 5.353229999999999933e+01 5.428699999999999637e-01 6.475117999999999086e+01
2.231000000000000000e+04 5.357999999999999829e+01 5.390381000000000000e+01 -4.662889999999999979e+00 6.473371999999999105e+01
2.232000000000000364e+04 5.359000000000000341e+01 5.400104999999999933e+01 -5.919179999999999886e+00 6.469171999999998945e+01
2.233000000000000000e+04 5.360000000000000142e+01 5.314316999999999780e+01 6.578400000000000247e+00 6.468205999999999278e+01
2.234000000000000000e+04 5.360999999999999943e+01 5.343518999999999863e+01 2.517290000000000028e+00 6.470089999999999009e+01
2.234999999999999636e+04 5.361999999999999744e+01 5.326324999999999932e+01 5.137220000000000120e+00 6.472594999999998322e+01
2.236000000000000364e+04 5.363000000000000256e+01 5.383442999999999756e+01 -2.943729999999999958e+00 6.473213999999998691e+01
2.237000000000000000e+04 5.364000000000000057e+01 5.372874999999999801e+01 -1.277940000000000076e+00 6.470974999999998545e+01
2.238000000000000000e+04 5.364999999999999858e+01 5.366799999999999926e+01 -2.592200000000000060e-01 6.467918999999999130e+01
2.238999999999999636e+04 5.365999999999999659e+01 5.393733000000000288e+01 -3.993570000000000064e+00 6.465333999999998582e+01
2.240000000000000000e+04 5.367000000000000171e+01 5.387442999999999671e+01 -2.943770000000000220e+00 6.463111999999999568e+01
2.241000000000000000e+04 5.367999999999999972e+01 5.389733999999999980e+01 -3.129739999999999966e+00 6.459978999999998450e+01
2.241999999999999636e+04 5.368999999999999773e+01 5.379484999999999673e+01 -1.509819999999999940e+00 6.458469999999998379e+01
2.243000000000000364e+04 5.370000000000000284e+01 5.382667000000000002e+01 -1.824030000000000040e+00 6.455683999999999401e+01
2.244000000000000000e+04 5.371000000000000085e+01 5.377579999999999671e+01 -9.475500000000000034e-01 6.452281999999999584e+01
2.245000000000000000e+04 5.371999999999999886e+01 5.391219000000000250e+01 -2.767580000000000151e+00 6.450295999999998742e+01
2.245999999999999636e+04 5.372999999999999687e+01 5.378036000000000172e+01 -7.251999999999999558e-01 6.448419999999998709e+01
2.247000000000000364e+04 5.374000000000000199e+01 5.368090999999999724e+01 8.509600000000000497e-01 6.446529999999998495e+01
2.248000000000000000e+04 5.375000000000000000e+01 5.358274999999999721e+01 2.408440000000000136e+00 6.445628999999999564e+01
2.248999999999999636e+04 5.375999999999999801e+01 5.370779000000000281e+01 7.518000000000000238e-01 6.446889999999999077e+01
2.250000000000000364e+04 5.377000000000000313e+01 5.388974000000000331e+01 -1.724320000000000075e+00 6.445875999999998385e+01
2.251000000000000000e+04 5.378000000000000114e+01 5.405236000000000018e+01 -3.921930000000000138e+00 6.443165999999999372e+01
2.252000000000000000e+04 5.378999999999999915e+01 5.433258000000000010e+01 -7.813180000000000014e+00 6.438155999999999324e+01
2.252999999999999636e+04 5.379999999999999716e+01 5.447511000000000081e+01 -9.721519999999999939e+00 6.429371999999999332e+01
2.254000000000000364e+04 5.381000000000000227e+01 5.408135999999999655e+01 -3.907560000000000144e+00 6.423506999999999323e+01
2.255000000000000000e+04 5.382000000000000028e+01 5.399054999999999893e+01 -2.455940000000000012e+00 6.418968999999998459e+01
2.256000000000000000e+04 5.382999999999999829e+01 5.405422000000000082e+01 -3.228769999999999918e+00 6.414688999999998487e+01
2.257000000000000364e+04 5.384000000000000341e+01 5.348483999999999838e+01 5.114300000000000068e+00 6.413890999999999565e+01
2.258000000000000000e+04 5.385000000000000142e+01 5.342497999999999791e+01 6.120219999999999771e+00 6.419920999999999367e+01
2.259000000000000000e+04 5.385999999999999943e+01 5.363497000000000270e+01 3.240470000000000184e+00 6.423723999999998568e+01
2.259999999999999636e+04 5.386999999999999744e+01 5.402053999999999689e+01 -2.167829999999999924e+00 6.424752999999998337e+01
2.261000000000000364e+04 5.388000000000000256e+01 5.387530000000000285e+01 6.769999999999999629e-02 6.422256999999999039e+01
2.262000000000000000e+04 5.389000000000000057e+01 5.421242000000000161e+01 -4.642780000000000129e+00 6.419564999999998633e+01
2.263000000000000000e+04 5.389999999999999858e+01 5.396867000000000303e+01 -9.888000000000000123e-01 6.416724999999999568e+01
2.263999999999999636e+04 5.390999999999999659e+01 5.429910000000000281e+01 -5.602990000000000137e+00 6.411828999999998757e+01
2.265000000000000000e+04 5.392000000000000171e+01 5.430581000000000103e+01 -5.555729999999999613e+00 6.408255999999998664e+01
2.266000000000000000e+04 5.392999999999999972e+01 5.402210999999999785e+01 -1.326359999999999983e+00 6.406034999999998547e+01
2.266999999999999636e+04 5.393999999999999773e+01 5.369265000000000043e+01 3.561809999999999921e+00 6.408165999999998519e+01
2.268000000000000364e+04 5.395000000000000284e+01 5.369236000000000075e+01 3.710080000000000044e+00 6.413029999999999120e+01
2.269000000000000000e+04 5.396000000000000085e+01 5.376129000000000246e+01 2.861460000000000115e+00 6.416773999999999489e+01
2.270000000000000000e+04 5.396999999999999886e+01 5.389126000000000261e+01 1.133809999999999985e+00 6.418626999999999327e+01
2.270999999999999636e+04 5.397999999999999687e+01 5.367835000000000178e+01 4.343770000000000131e+00 6.422186999999999557e+01
2.272000000000000364e+04 5.399000000000000199e+01 5.409080999999999761e+01 -1.451710000000000056e+00 6.422559999999998581e+01
2.273000000000000000e+04 5.400000000000000000e+01 5.399347999999999814e+01 9.393999999999999573e-02 6.420557999999998344e+01
2.273999999999999636e+04 5.400999999999999801e+01 5.377622000000000213e+01 3.366379999999999928e+00 6.421616999999999109e+01
2.275000000000000364e+04 5.402000000000000313e+01 5.395765999999999707e+01 8.977000000000000535e-01 6.424058999999998321e+01
2.276000000000000000e+04 5.403000000000000114e+01 5.396811000000000291e+01 8.911999999999999922e-01 6.424588999999998862e+01
2.277000000000000000e+04 5.403999999999999915e+01 5.398122999999999649e+01 8.463000000000000522e-01 6.421793999999998448e+01
2.277999999999999636e+04 5.404999999999999716e+01 5.403182000000000329e+01 2.618300000000000072e-01 6.421496999999999389e+01
2.279000000000000364e+04 5.406000000000000227e+01 5.411359999999999815e+01 -7.718300000000000161e-01 6.420803999999998268e+01
2.280000000000000000e+04 5.407000000000000028e+01 5.423091999999999757e+01 -2.317270000000000163e+00 6.419632999999998901e+01
2.281000000000000000e+04 5.407999999999999829e+01 5.413315999999999661e+01 -7.654400000000000093e-01 6.419837999999998601e+01
2.282000000000000364e+04 5.409000000000000341e+01 5.416134999999999877e+01 -1.027390000000000025e+00 6.417698999999998932e+01
2.283000000000000000e+04 5.410000000000000142e+01 5.412637999999999749e+01 -3.798599999999999755e-01 6.416462999999998829e+01
2.284000000000000000e+04 5.410999999999999943e+01 5.428396999999999650e+01 -2.505199999999999871e+00 6.415352999999998929e+01
2.284999999999999636e+04 5.411999999999999744e+01 5.421173000000000286e+01 -1.320899999999999963e+00 6.413096999999999070e+01
2.286000000000000364e+04 5.413000000000000256e+01 5.424061999999999983e+01 -1.592910000000000048e+00 6.410472999999998933e+01
2.287000000000000000e+04 5.414000000000000057e+01 5.388602999999999810e+01 3.657200000000000006e+00 6.410784999999998490e+01
2.288000000000000000e+04 5.414999999999999858e+01 5.414450000000000074e+01 7.925000000000000100e-02 6.414337999999999340e+01
2.288999999999999636e+04 5.415999999999999659e+01 5.422954000000000008e+01 -1.001349999999999962e+00 6.413219999999998322e+01
2.290000000000000000e+04 5.417000000000000171e+01 5.420745999999999754e+01 -5.393900000000000361e-01 6.414431999999999334e+01
2.291000000000000000e+04 5.417999999999999972e+01 5.423026999999999731e+01 -7.238900000000000334e-01 6.411831999999998288e+01
2.291999999999999636e+04 5.418999999999999773e+01 5.397879999999999967e+01 3.041279999999999983e+00 6.413791999999999405e+01
2.293000000000000364e+04 5.420000000000000284e+01 5.418867000000000189e+01 1.631799999999999917e-01 6.414499999999999602e+01
2.294000000000000000e+04 5.421000000000000085e+01 5.406877999999999673e+01 2.033539999999999903e+00 6.416153999999998803e+01
2.295000000000000000e+04 5.421999999999999886e+01 5.371795000000000186e+01 7.229519999999999946e+00 6.419917999999998415e+01
2.295999999999999636e+04 5.422999999999999687e+01 5.392954000000000292e+01 4.326640000000000263e+00 6.425724999999998488e+01
2.297000000000000364e+04 5.424000000000000199e+01 5.440621999999999758e+01 -2.393549999999999844e+00 6.428437999999998453e+01
2.298000000000000000e+04 5.425000000000000000e+01 5.424466999999999928e+01 7.671000000000000041e-02 6.427346999999998900e+01
2.298999999999999636e+04 5.425999999999999801e+01 5.403710999999999842e+01 3.209639999999999826e+00 6.430942999999999188e+01
2.300000000000000364e+04 5.427000000000000313e+01 5.450242999999999682e+01 -3.346950000000000092e+00 6.430942999999999188e+01
2.301000000000000000e+04 5.428000000000000114e+01 5.456935000000000002e+01 -4.166619999999999990e+00 6.428139999999999077e+01
2.302000000000000000e+04 5.428999999999999915e+01 5.431277999999999651e+01 -3.280399999999999983e-01 6.427869999999998640e+01
2.302999999999999636e+04 5.429999999999999716e+01 5.410614000000000345e+01 2.791539999999999910e+00 6.429163999999998680e+01
2.304000000000000364e+04 5.431000000000000227e+01 5.377767000000000053e+01 7.665569999999999773e+00 6.433047999999999433e+01
2.305000000000000000e+04 5.432000000000000028e+01 5.404420999999999964e+01 3.971400000000000041e+00 6.437310999999999694e+01
2.306000000000000000e+04 5.432999999999999829e+01 5.429963999999999658e+01 4.372199999999999975e-01 6.439804999999999779e+01
2.307000000000000364e+04 5.434000000000000341e+01 5.411684000000000339e+01 3.213439999999999852e+00 6.441418999999999073e+01
2.308000000000000000e+04 5.435000000000000142e+01 5.415587000000000018e+01 2.795479999999999965e+00 6.443052999999999031e+01
2.309000000000000000e+04 5.435999999999999943e+01 5.398799999999999955e+01 5.356760000000000410e+00 6.444489999999998986e+01
2.309999999999999636e+04 5.436999999999999744e+01 5.407869999999999777e+01 4.194659999999999833e+00 6.449225999999998749e+01
2.311000000000000364e+04 5.438000000000000256e+01 5.416967000000000354e+01 3.028760000000000119e+00 6.451465999999999212e+01
2.312000000000000000e+04 5.439000000000000057e+01 5.436760000000000304e+01 3.225199999999999734e-01 6.452222999999999331e+01
2.313000000000000000e+04 5.439999999999999858e+01 5.441792000000000229e+01 -2.580600000000000116e-01 6.451653999999999201e+01
2.313999999999999636e+04 5.440999999999999659e+01 5.449575000000000102e+01 -1.234790000000000054e+00 6.452763999999999101e+01
2.315000000000000000e+04 5.442000000000000171e+01 5.419556999999999647e+01 3.231730000000000214e+00 6.453800999999998567e+01
2.316000000000000000e+04 5.442999999999999972e+01 5.418634999999999735e+01 3.508630000000000138e+00 6.458062999999998510e+01
2.316999999999999636e+04 5.443999999999999773e+01 5.453916999999999859e+01 -1.428069999999999951e+00 6.460134999999999650e+01
2.318000000000000364e+04 5.445000000000000284e+01 5.467042000000000002e+01 -3.174100000000000144e+00 6.459326999999998975e+01
2.319000000000000000e+04 5.446000000000000085e+01 5.433688999999999680e+01 1.772820000000000062e+00 6.459531999999998675e+01
2.320000000000000000e+04 5.446999999999999886e+01 5.440709999999999980e+01 9.057800000000000296e-01 6.459990999999999417e+01
2.320999999999999636e+04 5.447999999999999687e+01 5.441899000000000086e+01 8.784899999999999931e-01 6.459158999999999651e+01
2.322000000000000364e+04 5.449000000000000199e+01 5.417727000000000004e+01 4.503280000000000172e+00 6.462142999999998949e+01
2.323000000000000000e+04 5.450000000000000000e+01 5.418872999999999962e+01 4.482219999999999871e+00 6.464410999999999774e+01
2.323999999999999636e+04 5.450999999999999801e+01 5.436990000000000123e+01 2.017380000000000173e+00 6.465821999999998582e+01
2.325000000000000364e+04 5.452000000000000313e+01 5.423210000000000264e+01 4.145809999999999995e+00 6.469052999999999543e+01
2.326000000000000000e+04 5.453000000000000114e+01 5.415377000000000152e+01 5.417699999999999960e+00 6.472855999999998744e+01
2.327000000000000000e+04 5.453999999999999915e+01 5.448942999999999870e+01 7.282100000000000239e-01 6.476982999999999890e+01
2.327999999999999636e+04 5.454999999999999716e+01 5.452201999999999771e+01 4.029800000000000049e-01 6.477170999999999879e+01
2.329000000000000364e+04 5.456000000000000227e+01 5.457408000000000214e+01 -2.027899999999999980e-01 6.477041999999998723e+01
2.330000000000000000e+04 5.457000000000000028e+01 5.455210000000000292e+01 2.577200000000000046e-01 6.476798999999999751e+01
2.331000000000000000e+04 5.457999999999999829e+01 5.457672000000000168e+01 4.719000000000000278e-02 6.478009999999999025e+01
2.332000000000000364e+04 5.459000000000000341e+01 5.467578999999999922e+01 -1.235419999999999963e+00 6.477282999999998481e+01
2.333000000000000000e+04 5.460000000000000142e+01 5.429023999999999717e+01 4.460580000000000211e+00 6.480041999999998836e+01
2.334000000000000000e+04 5.460999999999999943e+01 5.439784999999999826e+01 3.055009999999999781e+00 6.483517999999999404e+01
2.334999999999999636e+04 5.461999999999999744e+01 5.434570999999999685e+01 3.949840000000000018e+00 6.487507999999999697e+01
2.336000000000000364e+04 5.463000000000000256e+01 5.472682999999999964e+01 -1.394290000000000029e+00 6.490607999999998867e+01
2.337000000000000000e+04 5.464000000000000057e+01 5.477214000000000027e+01 -1.902830000000000021e+00 6.490728999999998905e+01
2.338000000000000000e+04 5.464999999999999858e+01 5.479645000000000010e+01 -2.108820000000000139e+00 6.489407999999998822e+01
2.338999999999999636e+04 5.465999999999999659e+01 5.459591999999999956e+01 9.227199999999999847e-01 6.487942999999998506e+01
2.340000000000000000e+04 5.467000000000000171e+01 5.463033999999999679e+01 5.711399999999999810e-01 6.488727999999998985e+01
2.341000000000000000e+04 5.467999999999999972e+01 5.486692000000000036e+01 -2.691669999999999785e+00 6.487878999999999508e+01
2.341999999999999636e+04 5.468999999999999773e+01 5.499211999999999989e+01 -4.350550000000000139e+00 6.483438999999998487e+01
2.343000000000000364e+04 5.470000000000000284e+01 5.455208999999999975e+01 2.129950000000000010e+00 6.483380999999998551e+01
2.344000000000000000e+04 5.471000000000000085e+01 5.491825999999999652e+01 -2.999000000000000110e+00 6.482388999999999157e+01
2.345000000000000000e+04 5.471999999999999886e+01 5.504064000000000334e+01 -4.617280000000000051e+00 6.476493999999999573e+01
2.345999999999999636e+04 5.472999999999999687e+01 5.473147000000000162e+01 -2.120999999999999969e-02 6.474429999999999552e+01
2.347000000000000364e+04 5.474000000000000199e+01 5.447581000000000273e+01 3.804390000000000160e+00 6.474474999999999625e+01
2.348000000000000000e+04 5.475000000000000000e+01 5.485117999999999938e+01 -1.457060000000000022e+00 6.476568999999999221e+01
2.348999999999999636e+04 5.475999999999999801e+01 5.434819000000000244e+01 5.930049999999999599e+00 6.480132999999999299e+01
2.350000000000000364e+04 5.477000000000000313e+01 5.460806999999999789e+01 2.331760000000000055e+00 6.483676999999998714e+01
2.351000000000000000e+04 5.478000000000000114e+01 5.460864999999999725e+01 2.467369999999999841e+00 6.486280999999999608e+01
2.352000000000000000e+04 5.478999999999999915e+01 5.474613999999999692e+01 6.315600000000000103e-01 6.487873999999999342e+01
2.352999999999999636e+04 5.479999999999999716e+01 5.450166999999999717e+01 4.295889999999999986e+00 6.491477999999999327e+01
2.354000000000000364e+04 5.481000000000000227e+01 5.428887000000000285e+01 7.504310000000000258e+00 6.499140999999998769e+01
2.355000000000000000e+04 5.482000000000000028e+01 5.462124000000000024e+01 2.862159999999999815e+00 6.504805999999999244e+01
2.356000000000000000e+04 5.482999999999999829e+01 5.490270999999999901e+01 -1.046969999999999956e+00 6.504933999999998662e+01
2.357000000000000364e+04 5.484000000000000341e+01 5.501004999999999967e+01 -2.448679999999999968e+00 6.504361999999999000e+01
2.358000000000000000e+04 5.485000000000000142e+01 5.466179000000000343e+01 2.710269999999999957e+00 6.506212999999999624e+01
2.359000000000000000e+04 5.485999999999999943e+01 5.474508999999999759e+01 1.654770000000000074e+00 6.508659999999999002e+01
2.359999999999999636e+04 5.486999999999999744e+01 5.466649999999999920e+01 2.930439999999999934e+00 6.509200999999998771e+01
2.361000000000000364e+04 5.488000000000000256e+01 5.475932999999999851e+01 1.737589999999999968e+00 6.511948999999998478e+01
2.362000000000000000e+04 5.489000000000000057e+01 5.466259000000000157e+01 3.274630000000000152e+00 6.513309999999999889e+01
2.363000000000000000e+04 5.489999999999999858e+01 5.469467000000000212e+01 2.956719999999999793e+00 6.515413999999999817e+01
2.363999999999999636e+04 5.490999999999999659e+01 5.470459999999999923e+01 2.957749999999999879e+00 6.518847999999999843e+01
2.365000000000000000e+04 5.492000000000000171e+01 5.463915000000000077e+01 4.044190000000000396e+00 6.521334999999999127e+01
2.366000000000000000e+04 5.492999999999999972e+01 5.513548999999999722e+01 -2.959090000000000220e+00 6.522148999999998864e+01
2.366999999999999636e+04 5.493999999999999773e+01 5.505189000000000021e+01 -1.611289999999999889e+00 6.518805999999999301e+01
2.368000000000000364e+04 5.495000000000000284e+01 5.487648999999999688e+01 1.058499999999999996e+00 6.519242999999998744e+01
2.369000000000000000e+04 5.496000000000000085e+01 5.493039999999999878e+01 4.261800000000000033e-01 6.521289999999999054e+01
2.370000000000000000e+04 5.496999999999999886e+01 5.486410000000000053e+01 1.524899999999999922e+00 6.521325999999999112e+01
2.370999999999999636e+04 5.497999999999999687e+01 5.498631000000000313e+01 -9.091000000000000469e-02 6.521596999999999866e+01
2.372000000000000364e+04 5.499000000000000199e+01 5.470452999999999832e+01 4.110769999999999591e+00 6.522392999999999574e+01
