# t_ps  r2_target_Ang  dist_Ang  force_kcal_per_mol_per_Ang  work_cum_kcal_per_mol
0.000000000000000000e+00 2.828000000000000114e+01 2.827890000000000015e+01 1.586999999999999869e-02 0.000000000000000000e+00
9.999999999998010480e+00 2.828999999999999915e+01 2.822619999999999862e+01 9.186999999999999611e-01 -2.180000000000000080e-03
1.999999999999957367e+01 2.830000000000000071e+01 2.827092999999999989e+01 4.186099999999999821e-01 1.809999999999999977e-03
2.999999999999758415e+01 2.830999999999999872e+01 2.849553999999999832e+01 -2.671790000000000109e+00 -1.452999999999999951e-02
3.999999999999914735e+01 2.832000000000000028e+01 2.847676999999999836e+01 -2.257439999999999891e+00 -4.207000000000000323e-02
4.999999999999715783e+01 2.832999999999999829e+01 2.839723000000000042e+01 -9.681100000000000261e-01 -4.055000000000000271e-02
5.999999999999872102e+01 2.833999999999999986e+01 2.822830000000000084e+01 1.608519999999999950e+00 -2.324000000000000024e-02
7.000000000000028422e+01 2.835000000000000142e+01 2.828446999999999889e+01 9.436200000000000143e-01 -2.024000000000000105e-02
7.999999999999829470e+01 2.835999999999999943e+01 2.803700999999999866e+01 4.651069999999999816e+00 6.919999999999999936e-03
8.999999999999985789e+01 2.837000000000000099e+01 2.823691000000000173e+01 1.916460000000000052e+00 2.145999999999999991e-02
9.999999999999786837e+01 2.837999999999999901e+01 2.806534999999999869e+01 4.530969999999999942e+00 6.079999999999999988e-02
1.099999999999994316e+02 2.839000000000000057e+01 2.833667000000000158e+01 7.679399999999999560e-01 8.845000000000000084e-02
1.199999999999974420e+02 2.839999999999999858e+01 2.817700999999999922e+01 3.211009999999999920e+00 9.277000000000000524e-02
1.299999999999990052e+02 2.841000000000000014e+01 2.840264000000000166e+01 1.059699999999999948e-01 9.611999999999999711e-02
1.400000000000005684e+02 2.842000000000000171e+01 2.849336999999999875e+01 -1.056519999999999904e+00 8.321000000000000618e-02
1.499999999999985789e+02 2.842999999999999972e+01 2.836961000000000155e+01 8.695899999999999741e-01 8.515999999999999959e-02
1.600000000000001421e+02 2.844000000000000128e+01 2.827766000000000091e+01 2.337619999999999809e+00 1.011100000000000054e-01
1.699999999999981526e+02 2.844999999999999929e+01 2.821085000000000065e+01 3.443740000000000023e+00 1.356199999999999906e-01
1.799999999999997158e+02 2.846000000000000085e+01 2.854692999999999969e+01 -1.251789999999999958e+00 1.536399999999999988e-01
1.899999999999977263e+02 2.846999999999999886e+01 2.869119999999999848e+01 -3.185329999999999995e+00 1.232199999999999962e-01
1.999999999999992895e+02 2.848000000000000043e+01 2.881847000000000136e+01 -4.873910000000000409e+00 7.517999999999999683e-02
2.099999999999972999e+02 2.848999999999999844e+01 2.864189999999999969e+01 -2.187310000000000088e+00 4.299999999999999656e-02
2.199999999999988631e+02 2.850000000000000000e+01 2.869594999999999985e+01 -2.821699999999999875e+00 2.203000000000000097e-02
2.300000000000004263e+02 2.851000000000000156e+01 2.862630000000000052e+01 -1.674719999999999986e+00 4.159999999999999636e-03
2.399999999999984368e+02 2.851999999999999957e+01 2.839277999999999835e+01 1.832019999999999982e+00 8.909999999999999518e-03
2.500000000000000000e+02 2.853000000000000114e+01 2.839498000000000033e+01 1.944339999999999957e+00 2.835000000000000020e-02
2.599999999999980105e+02 2.853999999999999915e+01 2.844299000000000177e+01 1.396879999999999900e+00 4.367999999999999661e-02
2.699999999999995453e+02 2.855000000000000071e+01 2.818274999999999864e+01 5.288380000000000081e+00 8.115999999999999603e-02
2.799999999999975557e+02 2.855999999999999872e+01 2.818663000000000096e+01 5.376559999999999562e+00 1.246199999999999947e-01
2.899999999999991473e+02 2.857000000000000028e+01 2.832616000000000156e+01 3.511340000000000128e+00 1.692500000000000115e-01
2.999999999999971578e+02 2.857999999999999829e+01 2.865317999999999898e+01 -1.053730000000000055e+00 1.850499999999999923e-01
3.099999999999986926e+02 2.858999999999999986e+01 2.863756000000000057e+01 -6.848600000000000243e-01 1.884500000000000064e-01
3.200000000000002842e+02 2.860000000000000142e+01 2.827264999999999873e+01 4.713799999999999990e+00 2.001300000000000023e-01
3.299999999999982947e+02 2.860999999999999943e+01 2.875403000000000020e+01 -2.074059999999999793e+00 2.108700000000000019e-01
3.399999999999998295e+02 2.862000000000000099e+01 2.868430000000000035e+01 -9.259899999999999798e-01 2.011000000000000010e-01
3.499999999999978400e+02 2.862999999999999901e+01 2.881098000000000070e+01 -2.606050000000000200e+00 1.827000000000000013e-01
3.599999999999994316e+02 2.864000000000000057e+01 2.853665000000000163e+01 1.488199999999999967e+00 1.790700000000000069e-01
3.699999999999974420e+02 2.864999999999999858e+01 2.857344000000000150e+01 1.102500000000000036e+00 2.097900000000000043e-01
3.799999999999989768e+02 2.866000000000000014e+01 2.864889000000000152e+01 1.599700000000000011e-01 1.925000000000000044e-01
3.900000000000005684e+02 2.867000000000000171e+01 2.882500999999999891e+01 -2.232099999999999973e+00 1.757700000000000096e-01
3.999999999999985789e+02 2.867999999999999972e+01 2.873631999999999920e+01 -8.109499999999999487e-01 1.556800000000000128e-01
4.100000000000001137e+02 2.869000000000000128e+01 2.871687999999999974e+01 -3.870500000000000052e-01 1.652700000000000002e-01
4.199999999999981242e+02 2.869999999999999929e+01 2.881739999999999924e+01 -1.690600000000000103e+00 1.622099999999999931e-01
4.299999999999997158e+02 2.871000000000000085e+01 2.880731000000000108e+01 -1.401329999999999965e+00 1.539800000000000058e-01
4.399999999999977263e+02 2.871999999999999886e+01 2.888808999999999827e+01 -2.420420000000000016e+00 1.427799999999999903e-01
4.499999999999992610e+02 2.873000000000000043e+01 2.891747000000000156e+01 -2.699590000000000156e+00 1.171999999999999986e-01
4.599999999999972715e+02 2.873999999999999844e+01 2.888184000000000040e+01 -2.042510000000000048e+00 9.517000000000000459e-02
4.699999999999988631e+02 2.875000000000000000e+01 2.881193999999999988e+01 -8.919500000000000206e-01 7.360999999999999488e-02
4.800000000000003979e+02 2.876000000000000156e+01 2.868308000000000035e+01 1.107590000000000074e+00 6.790000000000000202e-02
4.899999999999984084e+02 2.876999999999999957e+01 2.911272999999999911e+01 -4.935369999999999813e+00 3.787000000000000088e-02
5.000000000000000000e+02 2.878000000000000114e+01 2.883510000000000062e+01 -7.934999999999999831e-01 1.561000000000000061e-02
5.099999999999980105e+02 2.878999999999999915e+01 2.872026999999999930e+01 1.004180000000000073e+00 1.046000000000000055e-02
5.199999999999995453e+02 2.880000000000000071e+01 2.885846000000000089e+01 -8.418900000000000272e-01 -2.309999999999999987e-03
5.299999999999976126e+02 2.880999999999999872e+01 2.892660000000000053e+01 -1.679019999999999957e+00 -7.400000000000000328e-03
5.399999999999990905e+02 2.882000000000000028e+01 2.893310999999999922e+01 -1.628759999999999986e+00 -2.761999999999999872e-02
5.499999999999971578e+02 2.882999999999999829e+01 2.895372000000000057e+01 -1.781519999999999992e+00 -5.766999999999999904e-02
5.599999999999987494e+02 2.883999999999999986e+01 2.886100000000000065e+01 -3.024399999999999866e-01 -5.059000000000000302e-02
5.700000000000002274e+02 2.885000000000000142e+01 2.886436000000000135e+01 -2.068200000000000038e-01 -5.236999999999999988e-02
5.799999999999982947e+02 2.885999999999999943e+01 2.868794000000000111e+01 2.477640000000000065e+00 -4.769000000000000322e-02
5.899999999999998863e+02 2.887000000000000099e+01 2.856071999999999989e+01 4.453590000000000160e+00 -2.314000000000000085e-02
5.999999999999978400e+02 2.887999999999999901e+01 2.882792999999999850e+01 7.498000000000000220e-01 -1.251999999999999988e-02
6.099999999999994316e+02 2.889000000000000057e+01 2.899878000000000000e+01 -1.566410000000000080e+00 3.200000000000000262e-04
6.199999999999973852e+02 2.889999999999999858e+01 2.888486999999999938e+01 2.179000000000000103e-01 3.499999999999999964e-04
6.299999999999989768e+02 2.891000000000000014e+01 2.861658999999999864e+01 4.225159999999999805e+00 1.490000000000000005e-02
6.400000000000005684e+02 2.892000000000000171e+01 2.877127000000000123e+01 2.141719999999999846e+00 4.555000000000000021e-02
6.499999999999985221e+02 2.892999999999999972e+01 2.888654000000000011e+01 6.258200000000000429e-01 6.110999999999999766e-02
6.600000000000001137e+02 2.894000000000000128e+01 2.873323999999999856e+01 2.977399999999999824e+00 9.181999999999999884e-02
6.699999999999981810e+02 2.894999999999999929e+01 2.859971000000000174e+01 5.044159999999999755e+00 1.191299999999999998e-01
6.799999999999996589e+02 2.896000000000000085e+01 2.840653000000000006e+01 7.969920000000000115e+00 1.799600000000000088e-01
6.899999999999977263e+02 2.896999999999999886e+01 2.859239000000000175e+01 5.437619999999999898e+00 2.270099999999999896e-01
6.999999999999993179e+02 2.898000000000000043e+01 2.860011000000000081e+01 5.470369999999999955e+00 2.641200000000000214e-01
7.099999999999972715e+02 2.898999999999999844e+01 2.884180999999999884e+01 2.133919999999999817e+00 3.084200000000000275e-01
7.199999999999988631e+02 2.900000000000000000e+01 2.873254000000000019e+01 3.851399999999999935e+00 3.435000000000000275e-01
7.300000000000004547e+02 2.901000000000000156e+01 2.872919999999999874e+01 4.043490000000000251e+00 3.817499999999999782e-01
7.399999999999984084e+02 2.901999999999999957e+01 2.909525000000000006e+01 -1.083630000000000093e+00 3.877399999999999736e-01
7.500000000000000000e+02 2.903000000000000114e+01 2.893391000000000091e+01 1.383769999999999945e+00 3.984800000000000009e-01
7.599999999999979536e+02 2.903999999999999915e+01 2.883822999999999936e+01 2.905499999999999972e+00 4.092299999999999827e-01
7.699999999999995453e+02 2.905000000000000071e+01 2.886295000000000144e+01 2.693459999999999965e+00 4.431100000000000039e-01
7.799999999999976126e+02 2.905999999999999872e+01 2.902608999999999995e+01 4.882799999999999918e-01 4.637100000000000111e-01
7.899999999999990905e+02 2.907000000000000028e+01 2.910498000000000118e+01 -5.036800000000000166e-01 4.594699999999999895e-01
7.999999999999971578e+02 2.907999999999999829e+01 2.901054999999999851e+01 1.000029999999999974e+00 4.562599999999999989e-01
8.099999999999987494e+02 2.908999999999999986e+01 2.887942999999999927e+01 3.032200000000000006e+00 4.671000000000000152e-01
8.200000000000002274e+02 2.910000000000000142e+01 2.885084000000000160e+01 3.587860000000000049e+00 4.968299999999999939e-01
8.299999999999982947e+02 2.910999999999999943e+01 2.879914000000000129e+01 4.476370000000000182e+00 5.374200000000000088e-01
8.399999999999998863e+02 2.912000000000000099e+01 2.886226999999999876e+01 3.711329999999999796e+00 5.858700000000000019e-01
8.499999999999978400e+02 2.912999999999999901e+01 2.903284999999999982e+01 1.398979999999999890e+00 6.157200000000000450e-01
8.599999999999994316e+02 2.914000000000000057e+01 2.891542000000000101e+01 3.233989999999999920e+00 6.543700000000000072e-01
8.699999999999973852e+02 2.914999999999999858e+01 2.901009000000000171e+01 2.014740000000000197e+00 6.864299999999999846e-01
8.799999999999989768e+02 2.916000000000000014e+01 2.885200000000000031e+01 4.435260000000000424e+00 7.231100000000000305e-01
8.900000000000005684e+02 2.917000000000000171e+01 2.915103999999999829e+01 2.730400000000000049e-01 7.438700000000000312e-01
8.999999999999985221e+02 2.917999999999999972e+01 2.919482999999999961e+01 -2.135100000000000053e-01 7.535699999999999621e-01
9.100000000000001137e+02 2.919000000000000128e+01 2.888646999999999920e+01 4.370899999999999785e+00 7.722400000000000375e-01
9.199999999999981810e+02 2.919999999999999929e+01 2.897960000000000136e+01 3.173779999999999824e+00 8.055499999999999883e-01
9.299999999999996589e+02 2.921000000000000085e+01 2.899661000000000044e+01 3.072820000000000107e+00 8.483399999999999830e-01
9.399999999999977263e+02 2.921999999999999886e+01 2.881454000000000093e+01 5.838639999999999830e+00 8.793999999999999595e-01
9.499999999999993179e+02 2.923000000000000043e+01 2.898068999999999917e+01 3.590069999999999872e+00 9.260899999999999688e-01
9.599999999999972715e+02 2.923999999999999844e+01 2.894574000000000069e+01 4.237330000000000041e+00 9.710800000000000542e-01
9.699999999999988631e+02 2.925000000000000000e+01 2.891450999999999993e+01 4.831050000000000288e+00 1.005560000000000009e+00
9.800000000000004547e+02 2.926000000000000156e+01 2.902849000000000146e+01 3.333800000000000097e+00 1.064939999999999998e+00
9.899999999999984084e+02 2.926999999999999957e+01 2.894592000000000098e+01 4.666690000000000005e+00 1.110950000000000104e+00
1.000000000000000000e+03 2.928000000000000114e+01 2.896255000000000024e+01 4.571329999999999671e+00 1.110950000000000104e+00
1.009999999999997954e+03 2.928999999999999915e+01 2.914721000000000117e+01 2.056239999999999846e+00 1.152070000000000149e+00
1.019999999999999545e+03 2.930000000000000071e+01 2.905570000000000164e+01 3.517959999999999976e+00 1.183740000000000014e+00
1.029999999999997499e+03 2.930999999999999872e+01 2.905846000000000018e+01 3.622219999999999995e+00 1.211540000000000061e+00
1.039999999999999091e+03 2.932000000000000028e+01 2.892954999999999899e+01 5.622489999999999988e+00 1.244810000000000194e+00
1.049999999999997044e+03 2.932999999999999829e+01 2.911608000000000018e+01 3.080400000000000027e+00 1.277390000000000025e+00
1.059999999999998636e+03 2.933999999999999986e+01 2.919122000000000128e+01 2.142409999999999926e+00 1.307070000000000176e+00
1.070000000000000227e+03 2.935000000000000142e+01 2.886778999999999940e+01 6.943769999999999776e+00 1.352310000000000123e+00
1.079999999999998181e+03 2.935999999999999943e+01 2.927380000000000138e+01 1.241300000000000070e+00 1.377220000000000111e+00
1.089999999999999773e+03 2.937000000000000099e+01 2.932029999999999959e+01 7.156599999999999628e-01 1.389530000000000154e+00
1.099999999999997954e+03 2.937999999999999901e+01 2.933130999999999844e+01 7.012100000000000000e-01 1.400670000000000082e+00
1.109999999999999318e+03 2.939000000000000057e+01 2.897568000000000055e+01 5.966249999999999609e+00 1.433359999999999967e+00
1.119999999999997499e+03 2.939999999999999858e+01 2.898042999999999836e+01 6.041820000000000412e+00 1.507130000000000081e+00
1.129999999999999091e+03 2.941000000000000014e+01 2.889254000000000033e+01 7.451410000000000089e+00 1.583550000000000235e+00
1.140000000000000455e+03 2.942000000000000171e+01 2.904375999999999891e+01 5.417860000000000120e+00 1.642830000000000013e+00
1.149999999999998636e+03 2.942999999999999972e+01 2.907610000000000028e+01 5.096129999999999605e+00 1.701880000000000059e+00
1.160000000000000227e+03 2.944000000000000128e+01 2.903618000000000166e+01 5.814939999999999998e+00 1.765179999999999971e+00
1.169999999999998181e+03 2.944999999999999929e+01 2.900693000000000055e+01 6.380279999999999951e+00 1.817919999999999980e+00
1.179999999999999773e+03 2.946000000000000085e+01 2.913219000000000136e+01 4.720469999999999722e+00 1.870640000000000081e+00
1.189999999999997726e+03 2.946999999999999886e+01 2.948048000000000002e+01 -1.509800000000000031e-01 1.896380000000000177e+00
1.199999999999999318e+03 2.948000000000000043e+01 2.914899000000000129e+01 4.766569999999999752e+00 1.918210000000000193e+00
1.209999999999997272e+03 2.948999999999999844e+01 2.936870000000000047e+01 1.746690000000000076e+00 1.951259999999999994e+00
1.219999999999998863e+03 2.950000000000000000e+01 2.932996999999999943e+01 2.448409999999999975e+00 1.970460000000000100e+00
1.230000000000000455e+03 2.951000000000000156e+01 2.900621999999999900e+01 7.254419999999999646e+00 2.026130000000000209e+00
1.239999999999998408e+03 2.951999999999999957e+01 2.895149999999999935e+01 8.186400000000000787e+00 2.088729999999999976e+00
1.250000000000000000e+03 2.953000000000000114e+01 2.903237999999999985e+01 7.165659999999999918e+00 2.161150000000000126e+00
1.259999999999997954e+03 2.953999999999999915e+01 2.921002000000000010e+01 4.751750000000000362e+00 2.227289999999999992e+00
1.269999999999999545e+03 2.955000000000000071e+01 2.920994999999999919e+01 4.896650000000000169e+00 2.252590000000000092e+00
1.279999999999997499e+03 2.955999999999999872e+01 2.894296999999999898e+01 8.885160000000000835e+00 2.310039999999999871e+00
1.289999999999999091e+03 2.957000000000000028e+01 2.908005999999999958e+01 7.055080000000000240e+00 2.382430000000000270e+00
1.299999999999997044e+03 2.957999999999999829e+01 2.922942000000000107e+01 5.048390000000000377e+00 2.441260000000000208e+00
1.309999999999998636e+03 2.958999999999999986e+01 2.921763999999999939e+01 5.362000000000000099e+00 2.513950000000000351e+00
1.320000000000000227e+03 2.960000000000000142e+01 2.905080999999999847e+01 7.908280000000000420e+00 2.580740000000000034e+00
1.329999999999998181e+03 2.960999999999999943e+01 2.903997999999999990e+01 8.208339999999999748e+00 2.649790000000000312e+00
1.339999999999999773e+03 2.962000000000000099e+01 2.923417999999999850e+01 5.555830000000000268e+00 2.702939999999999898e+00
1.349999999999997954e+03 2.962999999999999901e+01 2.940333000000000041e+01 3.263999999999999790e+00 2.736629999999999896e+00
1.359999999999999318e+03 2.964000000000000057e+01 2.918514000000000053e+01 6.550019999999999953e+00 2.801370000000000360e+00
1.369999999999997499e+03 2.964999999999999858e+01 2.914076999999999984e+01 7.332889999999999908e+00 2.865009999999999835e+00
1.379999999999998863e+03 2.966000000000000014e+01 2.939561000000000135e+01 3.807170000000000165e+00 2.922120000000000051e+00
1.390000000000000455e+03 2.967000000000000171e+01 2.920248000000000133e+01 6.732240000000000002e+00 2.982390000000000096e+00
1.399999999999998636e+03 2.967999999999999972e+01 2.953528000000000020e+01 2.084029999999999827e+00 3.028490000000000126e+00
1.410000000000000000e+03 2.969000000000000128e+01 2.951446999999999932e+01 2.527670000000000083e+00 3.052179999999999893e+00
1.419999999999998181e+03 2.969999999999999929e+01 2.942396000000000100e+01 3.975000000000000089e+00 3.074220000000000397e+00
1.429999999999999773e+03 2.971000000000000085e+01 2.935662999999999911e+01 5.088490000000000180e+00 3.111159999999999926e+00
1.439999999999997726e+03 2.971999999999999886e+01 2.952551000000000059e+01 2.800660000000000149e+00 3.152429999999999843e+00
1.449999999999999318e+03 2.973000000000000043e+01 2.942439999999999856e+01 4.400699999999999612e+00 3.185459999999999958e+00
1.459999999999997272e+03 2.973999999999999844e+01 2.959251000000000076e+01 2.123909999999999965e+00 3.213060000000000471e+00
1.469999999999998863e+03 2.975000000000000000e+01 2.968110000000000070e+01 9.922199999999999909e-01 3.237659999999999982e+00
1.480000000000000455e+03 2.976000000000000156e+01 2.973689999999999856e+01 3.326999999999999957e-01 3.233610000000000539e+00
1.489999999999998408e+03 2.976999999999999957e+01 2.972482000000000113e+01 6.505400000000000071e-01 3.247270000000000323e+00
1.500000000000000000e+03 2.978000000000000114e+01 2.973519999999999897e+01 6.450900000000000523e-01 3.264780000000000015e+00
1.509999999999997954e+03 2.978999999999999915e+01 2.964410000000000167e+01 2.100989999999999913e+00 3.283450000000000202e+00
1.519999999999999545e+03 2.980000000000000071e+01 2.989207999999999998e+01 -1.325949999999999962e+00 3.285079999999999778e+00
1.529999999999997499e+03 2.980999999999999872e+01 2.974417000000000044e+01 9.479999999999999538e-01 3.285610000000000142e+00
1.539999999999999091e+03 2.982000000000000028e+01 2.976456999999999908e+01 7.981399999999999606e-01 3.297539999999999694e+00
1.549999999999997044e+03 2.982999999999999829e+01 2.965286000000000044e+01 2.550769999999999982e+00 3.308240000000000514e+00
1.559999999999998636e+03 2.983999999999999986e+01 2.983337999999999823e+01 9.528999999999999970e-02 3.324989999999999668e+00
1.570000000000000227e+03 2.985000000000000142e+01 2.994719999999999871e+01 -1.399699999999999944e+00 3.321920000000000428e+00
1.579999999999998181e+03 2.985999999999999943e+01 2.999010000000000176e+01 -1.873380000000000045e+00 3.307500000000000107e+00
1.589999999999999773e+03 2.987000000000000099e+01 2.998948000000000036e+01 -1.720539999999999958e+00 3.291100000000000136e+00
1.599999999999997726e+03 2.987999999999999901e+01 2.985830999999999946e+01 3.123600000000000265e-01 3.282720000000000304e+00
1.609999999999999318e+03 2.989000000000000057e+01 2.980376000000000047e+01 1.241870000000000029e+00 3.287690000000000445e+00
1.619999999999997499e+03 2.989999999999999858e+01 3.010745000000000005e+01 -2.987229999999999830e+00 3.283599999999999852e+00
1.629999999999998863e+03 2.991000000000000014e+01 2.984780999999999906e+01 8.955699999999999772e-01 3.290410000000000501e+00
1.640000000000000455e+03 2.992000000000000171e+01 2.999934999999999974e+01 -1.142630000000000035e+00 3.289030000000000342e+00
1.649999999999998636e+03 2.992999999999999972e+01 3.005564000000000036e+01 -1.809269999999999934e+00 3.274729999999999919e+00
1.660000000000000000e+03 2.994000000000000128e+01 2.979418000000000077e+01 2.099839999999999929e+00 3.274890000000000079e+00
1.669999999999998181e+03 2.994999999999999929e+01 2.984109000000000123e+01 1.568349999999999911e+00 3.290899999999999714e+00
1.679999999999999773e+03 2.996000000000000085e+01 2.987741000000000113e+01 1.189240000000000075e+00 3.296000000000000263e+00
1.689999999999997726e+03 2.996999999999999886e+01 2.995307999999999993e+01 2.436200000000000032e-01 3.303679999999999950e+00
1.699999999999999318e+03 2.998000000000000043e+01 3.003516000000000119e+01 -7.942500000000000115e-01 3.294559999999999711e+00
1.709999999999997272e+03 2.998999999999999844e+01 3.010553000000000168e+01 -1.663680000000000048e+00 3.277280000000000193e+00
1.719999999999998863e+03 3.000000000000000000e+01 3.010285000000000011e+01 -1.481000000000000094e+00 3.254750000000000476e+00
1.730000000000000455e+03 3.001000000000000156e+01 3.019960000000000022e+01 -2.730179999999999829e+00 3.240980000000000416e+00
1.739999999999998408e+03 3.001999999999999957e+01 3.003324999999999889e+01 -1.907800000000000051e-01 3.230830000000000091e+00
1.750000000000000000e+03 3.003000000000000114e+01 3.011300999999999917e+01 -1.195370000000000044e+00 3.238400000000000389e+00
1.759999999999997954e+03 3.003999999999999915e+01 3.000202000000000169e+01 5.469699999999999562e-01 3.232169999999999987e+00
1.769999999999999545e+03 3.005000000000000071e+01 2.994901000000000124e+01 1.454260000000000108e+00 3.225600000000000023e+00
1.779999999999997499e+03 3.005999999999999872e+01 2.978030000000000044e+01 4.027750000000000163e+00 3.241959999999999731e+00
1.789999999999999091e+03 3.007000000000000028e+01 2.986561000000000021e+01 2.943239999999999856e+00 3.266169999999999796e+00
1.799999999999997044e+03 3.007999999999999829e+01 2.993384000000000000e+01 2.104690000000000172e+00 3.284089999999999954e+00
1.809999999999998636e+03 3.008999999999999986e+01 2.996621000000000024e+01 1.782510000000000039e+00 3.313769999999999882e+00
1.820000000000000227e+03 3.010000000000000142e+01 2.979905000000000115e+01 4.333639999999999937e+00 3.341920000000000002e+00
1.829999999999998181e+03 3.010999999999999943e+01 2.992039000000000115e+01 2.730449999999999822e+00 3.372889999999999944e+00
1.839999999999999773e+03 3.012000000000000099e+01 2.995466000000000051e+01 2.380959999999999965e+00 3.395489999999999675e+00
1.849999999999997726e+03 3.012999999999999901e+01 3.014563000000000059e+01 -2.250300000000000078e-01 3.416719999999999757e+00
1.859999999999999318e+03 3.014000000000000057e+01 3.026690999999999931e+01 -1.827490000000000059e+00 3.416409999999999947e+00
1.869999999999997499e+03 3.014999999999999858e+01 3.023376999999999981e+01 -1.206220000000000070e+00 3.420939999999999870e+00
1.879999999999998863e+03 3.016000000000000014e+01 2.997588999999999970e+01 2.651139999999999830e+00 3.435089999999999755e+00
1.890000000000000455e+03 3.017000000000000171e+01 2.983284000000000091e+01 4.855120000000000324e+00 3.462749999999999773e+00
1.899999999999998636e+03 3.017999999999999972e+01 3.000931999999999888e+01 2.457749999999999879e+00 3.499699999999999811e+00
1.910000000000000000e+03 3.019000000000000128e+01 3.035523999999999845e+01 -2.379410000000000025e+00 3.489760000000000417e+00
1.919999999999998181e+03 3.019999999999999929e+01 3.048951999999999884e+01 -4.169089999999999741e+00 3.464719999999999800e+00
1.929999999999999773e+03 3.021000000000000085e+01 3.031027999999999878e+01 -1.443980000000000041e+00 3.435109999999999886e+00
1.939999999999997726e+03 3.021999999999999886e+01 3.013975999999999900e+01 1.155499999999999972e+00 3.452180000000000248e+00
1.949999999999999318e+03 3.023000000000000043e+01 3.027552999999999983e+01 -6.556300000000000461e-01 3.458709999999999951e+00
1.959999999999997272e+03 3.023999999999999844e+01 3.045024000000000086e+01 -3.027460000000000040e+00 3.442120000000000068e+00
1.969999999999998863e+03 3.025000000000000000e+01 3.024888999999999939e+01 1.595999999999999849e-02 3.433650000000000091e+00
1.980000000000000455e+03 3.026000000000000156e+01 3.029958999999999847e+01 -5.701000000000000512e-01 3.415399999999999991e+00
1.989999999999998408e+03 3.026999999999999957e+01 3.008551999999999893e+01 2.656559999999999810e+00 3.422369999999999912e+00
2.000000000000000000e+03 3.028000000000000114e+01 3.021215000000000117e+01 9.770400000000000196e-01 3.422369999999999912e+00
2.009999999999997954e+03 3.028999999999999915e+01 3.000824000000000069e+01 4.057400000000000340e+00 3.445419999999999927e+00
2.019999999999999545e+03 3.030000000000000071e+01 2.982182999999999851e+01 6.885650000000000048e+00 3.477459999999999773e+00
2.029999999999997499e+03 3.030999999999999872e+01 2.995101999999999975e+01 5.169340000000000046e+00 3.557030000000000136e+00
2.039999999999999091e+03 3.032000000000000028e+01 3.005064000000000135e+01 3.878769999999999829e+00 3.617049999999999876e+00
2.049999999999997272e+03 3.032999999999999829e+01 2.999398000000000053e+01 4.838700000000000223e+00 3.659959999999999880e+00
2.059999999999998636e+03 3.033999999999999986e+01 2.974382999999999910e+01 8.584849999999999426e+00 3.721740000000000048e+00
2.070000000000000455e+03 3.035000000000000142e+01 3.028559999999999874e+01 9.272899999999999476e-01 3.768850000000000033e+00
2.079999999999998181e+03 3.035999999999999943e+01 3.007858999999999838e+01 4.052229999999999777e+00 3.797330000000000094e+00
2.090000000000000000e+03 3.037000000000000099e+01 3.007931999999999917e+01 4.185819999999999652e+00 3.845779999999999976e+00
2.099999999999997726e+03 3.037999999999999901e+01 3.009762999999999877e+01 4.066150000000000375e+00 3.887989999999999835e+00
2.109999999999999545e+03 3.039000000000000057e+01 3.014179999999999993e+01 3.574040000000000106e+00 3.939929999999999932e+00
2.119999999999997272e+03 3.039999999999999858e+01 3.010072999999999865e+01 4.309490000000000265e+00 3.966059999999999697e+00
2.129999999999999091e+03 3.041000000000000014e+01 3.036026000000000025e+01 7.162699999999999623e-01 3.980679999999999996e+00
2.140000000000000455e+03 3.042000000000000171e+01 3.016647000000000034e+01 3.650889999999999969e+00 4.010749999999999815e+00
2.149999999999998636e+03 3.042999999999999972e+01 3.019882000000000133e+01 3.329050000000000065e+00 4.026049999999999685e+00
2.160000000000000000e+03 3.044000000000000128e+01 3.042366000000000170e+01 2.353300000000000114e-01 4.050869999999999749e+00
2.169999999999998181e+03 3.044999999999999929e+01 3.032892000000000010e+01 1.743600000000000039e+00 4.070570000000000022e+00
2.179999999999999545e+03 3.046000000000000085e+01 3.014999999999999858e+01 4.464030000000000165e+00 4.105550000000000033e+00
2.189999999999997726e+03 3.046999999999999886e+01 3.037706999999999979e+01 1.338160000000000016e+00 4.143110000000000070e+00
2.199999999999999091e+03 3.048000000000000043e+01 3.045590999999999937e+01 3.468600000000000017e-01 4.149160000000000181e+00
2.209999999999997272e+03 3.048999999999999844e+01 3.055132000000000048e+01 -8.829900000000000526e-01 4.164399999999999658e+00
2.219999999999998636e+03 3.050000000000000000e+01 3.029478999999999900e+01 2.955070000000000086e+00 4.184350000000000236e+00
2.230000000000000455e+03 3.051000000000000156e+01 3.030055000000000121e+01 3.016129999999999978e+00 4.213989999999999903e+00
2.239999999999998181e+03 3.051999999999999957e+01 3.040230999999999995e+01 1.694790000000000019e+00 4.237980000000000302e+00
2.250000000000000000e+03 3.053000000000000114e+01 3.047691999999999979e+01 7.644100000000000339e-01 4.253210000000000157e+00
2.259999999999998181e+03 3.053999999999999915e+01 3.041991000000000156e+01 1.729360000000000008e+00 4.253180000000000405e+00
2.269999999999999545e+03 3.055000000000000071e+01 3.023434999999999917e+01 4.545300000000000118e+00 4.286780000000000257e+00
2.279999999999997726e+03 3.055999999999999872e+01 3.049842999999999904e+01 8.865899999999999892e-01 4.300589999999999691e+00
2.289999999999999091e+03 3.057000000000000028e+01 3.044811999999999941e+01 1.755109999999999948e+00 4.310719999999999885e+00
2.299999999999997272e+03 3.057999999999999829e+01 3.035663999999999874e+01 3.216380000000000017e+00 4.331430000000000113e+00
2.309999999999998636e+03 3.058999999999999986e+01 3.033456999999999937e+01 3.678150000000000031e+00 4.362459999999999560e+00
2.320000000000000455e+03 3.060000000000000142e+01 3.042564000000000135e+01 2.510850000000000026e+00 4.398010000000000197e+00
2.329999999999998181e+03 3.060999999999999943e+01 3.027065999999999946e+01 4.886560000000000237e+00 4.445599999999999774e+00
2.340000000000000000e+03 3.062000000000000099e+01 3.033851999999999904e+01 4.053379999999999761e+00 4.474610000000000198e+00
2.349999999999997726e+03 3.062999999999999901e+01 3.053606999999999871e+01 1.352649999999999908e+00 4.501829999999999998e+00
2.359999999999999545e+03 3.064000000000000057e+01 3.039964000000000155e+01 3.461250000000000160e+00 4.530770000000000408e+00
2.369999999999997272e+03 3.064999999999999858e+01 3.033721999999999852e+01 4.504039999999999822e+00 4.558550000000000324e+00
2.379999999999999091e+03 3.066000000000000014e+01 3.055257999999999896e+01 1.546859999999999902e+00 4.610070000000000334e+00
2.390000000000000455e+03 3.067000000000000171e+01 3.053774999999999906e+01 1.904339999999999922e+00 4.648909999999999876e+00
2.399999999999998636e+03 3.067999999999999972e+01 3.049312000000000111e+01 2.691030000000000033e+00 4.674970000000000070e+00
2.410000000000000000e+03 3.069000000000000128e+01 3.035352999999999923e+01 4.845220000000000304e+00 4.715160000000000018e+00
2.419999999999998181e+03 3.069999999999999929e+01 3.036767000000000039e+01 4.785519999999999996e+00 4.751719999999999722e+00
2.429999999999999545e+03 3.071000000000000085e+01 3.060171000000000063e+01 1.559399999999999897e+00 4.788249999999999673e+00
2.439999999999997726e+03 3.071999999999999886e+01 3.064934999999999832e+01 1.017300000000000093e+00 4.793860000000000454e+00
2.449999999999999091e+03 3.073000000000000043e+01 3.058364999999999867e+01 2.107499999999999929e+00 4.824279999999999902e+00
2.459999999999997272e+03 3.073999999999999844e+01 3.071968999999999994e+01 2.924599999999999977e-01 4.844450000000000145e+00
2.469999999999998636e+03 3.075000000000000000e+01 3.071940000000000026e+01 4.406999999999999806e-01 4.849739999999999718e+00
2.480000000000000455e+03 3.076000000000000156e+01 3.064874000000000009e+01 1.602100000000000080e+00 4.852660000000000196e+00
2.489999999999998181e+03 3.076999999999999957e+01 3.074663999999999930e+01 3.363700000000000023e-01 4.867020000000000124e+00
2.500000000000000000e+03 3.078000000000000114e+01 3.081981000000000037e+01 -5.733200000000000518e-01 4.873630000000000351e+00
2.509999999999998181e+03 3.078999999999999915e+01 3.070317999999999969e+01 1.250250000000000083e+00 4.887979999999999769e+00
2.519999999999999545e+03 3.080000000000000071e+01 3.062193999999999861e+01 2.564070000000000071e+00 4.899189999999999934e+00
2.529999999999997726e+03 3.080999999999999872e+01 3.046195000000000164e+01 5.011879999999999669e+00 4.942140000000000200e+00
2.539999999999999091e+03 3.082000000000000028e+01 3.063448999999999955e+01 2.671289999999999942e+00 4.969829999999999970e+00
2.549999999999997272e+03 3.082999999999999829e+01 3.060617999999999839e+01 3.223019999999999996e+00 5.001769999999999605e+00
2.559999999999998636e+03 3.083999999999999986e+01 3.046255999999999986e+01 5.435170000000000279e+00 5.031889999999999752e+00
2.570000000000000455e+03 3.085000000000000142e+01 3.044022999999999968e+01 5.900689999999999991e+00 5.090069999999999872e+00
2.579999999999998181e+03 3.085999999999999943e+01 3.057689999999999841e+01 4.076620000000000132e+00 5.134959999999999525e+00
2.590000000000000000e+03 3.087000000000000099e+01 3.058671000000000006e+01 4.079399999999999693e+00 5.166619999999999990e+00
2.599999999999997726e+03 3.087999999999999901e+01 3.049427999999999983e+01 5.554319999999999702e+00 5.218949999999999534e+00
2.609999999999999545e+03 3.089000000000000057e+01 3.065662000000000020e+01 3.360710000000000086e+00 5.261409999999999698e+00
2.619999999999997272e+03 3.089999999999999858e+01 3.065093999999999852e+01 3.586419999999999941e+00 5.293250000000000455e+00
2.629999999999999091e+03 3.091000000000000014e+01 3.069161000000000072e+01 3.144769999999999843e+00 5.333949999999999747e+00
2.640000000000000455e+03 3.092000000000000171e+01 3.064186000000000121e+01 4.005169999999999675e+00 5.368069999999999453e+00
2.649999999999998636e+03 3.092999999999999972e+01 3.065936999999999912e+01 3.897139999999999826e+00 5.387940000000000396e+00
2.660000000000000000e+03 3.094000000000000128e+01 3.072513999999999967e+01 3.094040000000000123e+00 5.432430000000000092e+00
2.669999999999998181e+03 3.094999999999999929e+01 3.094669000000000025e+01 4.766000000000000097e-02 5.436130000000000351e+00
2.679999999999999545e+03 3.096000000000000085e+01 3.092620000000000147e+01 4.867000000000000215e-01 5.448840000000000572e+00
2.689999999999997726e+03 3.096999999999999886e+01 3.104323000000000121e+01 -1.054529999999999967e+00 5.447440000000000282e+00
2.699999999999999091e+03 3.098000000000000043e+01 3.106267000000000067e+01 -1.190509999999999957e+00 5.436239999999999739e+00
2.709999999999997272e+03 3.098999999999999844e+01 3.105123000000000033e+01 -8.817199999999999482e-01 5.420399999999999885e+00
2.719999999999998636e+03 3.100000000000000000e+01 3.101666000000000167e+01 -2.398599999999999899e-01 5.419109999999999872e+00
2.730000000000000455e+03 3.101000000000000156e+01 3.078803999999999874e+01 3.196270000000000167e+00 5.438079999999999359e+00
2.739999999999998181e+03 3.101999999999999957e+01 3.064833000000000141e+01 5.352120000000000211e+00 5.485559999999999548e+00
2.750000000000000000e+03 3.103000000000000114e+01 3.100288000000000110e+01 3.905100000000000238e-01 5.517210000000000392e+00
2.759999999999997726e+03 3.103999999999999915e+01 3.097872999999999877e+01 8.823499999999999677e-01 5.546020000000000394e+00
2.769999999999999545e+03 3.105000000000000071e+01 3.090605000000000047e+01 2.072820000000000107e+00 5.565730000000000288e+00
2.779999999999997726e+03 3.105999999999999872e+01 3.090848000000000084e+01 2.181960000000000122e+00 5.600379999999999470e+00
2.789999999999999091e+03 3.107000000000000028e+01 3.085368000000000066e+01 3.114970000000000017e+00 5.637129999999999974e+00
2.799999999999997272e+03 3.107999999999999829e+01 3.083442000000000149e+01 3.536340000000000039e+00 5.672579999999999956e+00
2.809999999999998636e+03 3.108999999999999986e+01 3.083678000000000097e+01 3.646319999999999784e+00 5.702809999999999491e+00
2.820000000000000000e+03 3.110000000000000142e+01 3.115853999999999857e+01 -8.430499999999999661e-01 5.730539999999999523e+00
2.829999999999998181e+03 3.110999999999999943e+01 3.090756999999999977e+01 2.914979999999999905e+00 5.746690000000000076e+00
2.840000000000000000e+03 3.112000000000000099e+01 3.094748999999999839e+01 2.484140000000000015e+00 5.764920000000000044e+00
2.849999999999997726e+03 3.112999999999999901e+01 3.107115999999999900e+01 8.472699999999999676e-01 5.777070000000000149e+00
2.859999999999999545e+03 3.114000000000000057e+01 3.102316000000000074e+01 1.682509999999999950e+00 5.789080000000000226e+00
2.869999999999997272e+03 3.114999999999999858e+01 3.081552999999999898e+01 4.816340000000000288e+00 5.814939999999999998e+00
2.879999999999999091e+03 3.116000000000000014e+01 3.068145000000000167e+01 6.891169999999999796e+00 5.868919999999999249e+00
2.890000000000000455e+03 3.117000000000000171e+01 3.083363999999999905e+01 4.843560000000000088e+00 5.931300000000000239e+00
2.899999999999998636e+03 3.117999999999999972e+01 3.058314000000000021e+01 8.594749999999999446e+00 6.004640000000000200e+00
2.910000000000000000e+03 3.119000000000000128e+01 3.067441000000000173e+01 7.424509999999999721e+00 6.083109999999999573e+00
2.919999999999998181e+03 3.119999999999999929e+01 3.087854000000000099e+01 4.629050000000000331e+00 6.145299999999999763e+00
2.929999999999999545e+03 3.121000000000000085e+01 3.116449000000000069e+01 6.553700000000000081e-01 6.182850000000000179e+00
2.939999999999997726e+03 3.121999999999999886e+01 3.081138999999999939e+01 5.883980000000000210e+00 6.198140000000000427e+00
2.949999999999999091e+03 3.123000000000000043e+01 3.096129000000000175e+01 3.869470000000000187e+00 6.233470000000000510e+00
2.959999999999997272e+03 3.123999999999999844e+01 3.117099999999999937e+01 9.935599999999999987e-01 6.262839999999999741e+00
2.969999999999998636e+03 3.125000000000000000e+01 3.118374000000000024e+01 9.540699999999999736e-01 6.272209999999999397e+00
2.980000000000000455e+03 3.126000000000000156e+01 3.124606999999999957e+01 2.006199999999999928e-01 6.275549999999999962e+00
2.989999999999998181e+03 3.126999999999999957e+01 3.113375999999999877e+01 1.961829999999999963e+00 6.269660000000000011e+00
3.000000000000000000e+03 3.128000000000000114e+01 3.130769000000000091e+01 -3.987399999999999833e-01 6.269660000000000011e+00
3.009999999999997726e+03 3.128999999999999915e+01 3.101030000000000086e+01 4.027669999999999639e+00 6.276250000000000107e+00
3.019999999999999545e+03 3.130000000000000071e+01 3.111567000000000149e+01 2.654329999999999856e+00 6.324390000000000178e+00
3.029999999999997726e+03 3.130999999999999872e+01 3.087649000000000044e+01 6.242609999999999992e+00 6.371590000000000309e+00
3.039999999999999091e+03 3.132000000000000028e+01 3.124888999999999939e+01 1.024000000000000021e+00 6.409139999999999837e+00
3.049999999999997272e+03 3.132999999999999829e+01 3.084860000000000113e+01 6.932129999999999903e+00 6.451419999999999710e+00
3.059999999999998636e+03 3.133999999999999986e+01 3.101015999999999906e+01 4.749649999999999928e+00 6.489300000000000068e+00
3.070000000000000000e+03 3.135000000000000142e+01 3.103896999999999906e+01 4.478790000000000049e+00 6.531679999999999708e+00
3.079999999999998181e+03 3.135999999999999943e+01 3.098607000000000156e+01 5.384559999999999569e+00 6.565929999999999822e+00
3.090000000000000000e+03 3.137000000000000099e+01 3.121899000000000157e+01 2.174570000000000114e+00 6.601720000000000255e+00
3.099999999999997726e+03 3.137999999999999901e+01 3.098767000000000138e+01 5.649540000000000006e+00 6.634389999999999787e+00
3.109999999999999545e+03 3.139000000000000057e+01 3.121874000000000038e+01 2.466130000000000155e+00 6.679350000000000342e+00
3.119999999999997272e+03 3.139999999999999858e+01 3.101948000000000150e+01 5.479420000000000179e+00 6.706760000000000055e+00
3.129999999999999091e+03 3.141000000000000014e+01 3.119071999999999889e+01 3.157700000000000173e+00 6.749170000000000336e+00
3.140000000000000455e+03 3.142000000000000171e+01 3.108416000000000068e+01 4.836149999999999949e+00 6.790219999999999700e+00
3.149999999999998636e+03 3.142999999999999972e+01 3.090872999999999848e+01 7.506289999999999907e+00 6.849269999999999747e+00
3.160000000000000000e+03 3.144000000000000128e+01 3.120259000000000071e+01 3.418680000000000163e+00 6.908459999999999823e+00
3.169999999999998181e+03 3.144999999999999929e+01 3.100809999999999889e+01 6.363419999999999632e+00 6.951789999999999914e+00
3.179999999999999545e+03 3.146000000000000085e+01 3.129438000000000031e+01 2.384980000000000100e+00 6.996669999999999945e+00
3.189999999999997726e+03 3.146999999999999886e+01 3.132687999999999917e+01 2.060950000000000060e+00 7.019770000000000287e+00
3.199999999999999091e+03 3.148000000000000043e+01 3.124014000000000024e+01 3.453959999999999919e+00 7.047979999999999912e+00
3.209999999999997272e+03 3.148999999999999844e+01 3.102055000000000007e+01 6.760130000000000194e+00 7.102509999999999657e+00
3.219999999999998636e+03 3.150000000000000000e+01 3.120182000000000144e+01 4.293759999999999799e+00 7.165759999999999685e+00
3.230000000000000455e+03 3.151000000000000156e+01 3.104870999999999981e+01 6.642520000000000202e+00 7.221999999999999531e+00
3.239999999999998181e+03 3.151999999999999957e+01 3.116036000000000072e+01 5.178810000000000358e+00 7.287269999999999470e+00
3.250000000000000000e+03 3.153000000000000114e+01 3.118394999999999939e+01 4.983150000000000190e+00 7.341800000000000104e+00
3.259999999999997726e+03 3.153999999999999915e+01 3.116534000000000049e+01 5.395120000000000360e+00 7.405170000000000030e+00
3.269999999999999545e+03 3.155000000000000071e+01 3.115127999999999986e+01 5.741520000000000401e+00 7.454029999999999490e+00
3.279999999999997726e+03 3.155999999999999872e+01 3.128217000000000070e+01 4.000759999999999650e+00 7.502449999999999619e+00
3.289999999999999091e+03 3.157000000000000028e+01 3.098886999999999858e+01 8.368280000000000385e+00 7.559250000000000469e+00
3.299999999999997272e+03 3.157999999999999829e+01 3.110285000000000011e+01 6.871030000000000193e+00 7.624069999999999681e+00
3.309999999999998636e+03 3.158999999999999986e+01 3.114132000000000033e+01 6.461020000000000429e+00 7.689490000000000158e+00
3.320000000000000000e+03 3.160000000000000142e+01 3.125534999999999997e+01 4.962979999999999947e+00 7.733979999999999855e+00
3.329999999999998181e+03 3.160999999999999943e+01 3.129870999999999981e+01 4.482529999999999681e+00 7.784959999999999880e+00
3.340000000000000000e+03 3.162000000000000099e+01 3.113506999999999891e+01 6.983060000000000045e+00 7.845010000000000261e+00
3.349999999999997726e+03 3.162999999999999901e+01 3.123187000000000069e+01 5.733060000000000045e+00 7.897109999999999630e+00
3.359999999999999545e+03 3.164000000000000057e+01 3.140941000000000116e+01 3.320450000000000124e+00 7.951200000000000045e+00
3.369999999999997272e+03 3.164999999999999858e+01 3.137215000000000131e+01 4.001089999999999591e+00 8.004839999999999733e+00
3.379999999999999091e+03 3.166000000000000014e+01 3.134034000000000120e+01 4.603060000000000151e+00 8.052970000000000184e+00
3.390000000000000455e+03 3.167000000000000171e+01 3.132413999999999987e+01 4.980389999999999873e+00 8.108539999999999637e+00
3.399999999999998636e+03 3.167999999999999972e+01 3.125439000000000078e+01 6.128779999999999895e+00 8.171939999999999316e+00
3.410000000000000000e+03 3.169000000000000128e+01 3.107326000000000121e+01 8.881069999999999354e+00 8.237339999999999662e+00
3.419999999999998181e+03 3.169999999999999929e+01 3.114056000000000068e+01 8.055970000000000297e+00 8.341409999999999769e+00
3.429999999999999545e+03 3.171000000000000085e+01 3.115992999999999924e+01 7.920980000000000132e+00 8.420659999999999812e+00
3.439999999999997726e+03 3.171999999999999886e+01 3.114544000000000068e+01 8.273699999999999832e+00 8.496729999999999450e+00
3.449999999999999091e+03 3.173000000000000043e+01 3.112526000000000082e+01 8.708280000000000243e+00 8.592850000000000321e+00
3.459999999999997272e+03 3.173999999999999844e+01 3.078038000000000096e+01 1.381859000000000037e+01 8.683009999999999451e+00
3.469999999999998636e+03 3.175000000000000000e+01 3.123561000000000121e+01 7.407149999999999679e+00 8.789020000000000721e+00
3.480000000000000455e+03 3.176000000000000156e+01 3.129528000000000176e+01 6.691980000000000040e+00 8.854659999999999087e+00
3.489999999999998181e+03 3.176999999999999957e+01 3.114299000000000106e+01 9.028890000000000526e+00 8.920360000000000511e+00
3.500000000000000000e+03 3.178000000000000114e+01 3.155967000000000056e+01 3.172759999999999803e+00 8.968059999999999476e+00
3.509999999999997726e+03 3.178999999999999915e+01 3.138845999999999847e+01 5.782119999999999926e+00 9.028909999999999769e+00
3.519999999999999545e+03 3.180000000000000071e+01 3.130049999999999955e+01 7.192800000000000082e+00 9.096289999999999765e+00
3.529999999999997726e+03 3.180999999999999872e+01 3.149172000000000082e+01 4.583249999999999602e+00 9.159959999999999880e+00
3.539999999999999091e+03 3.182000000000000028e+01 3.124005999999999972e+01 8.351160000000000139e+00 9.221840000000000259e+00
3.549999999999997272e+03 3.182999999999999829e+01 3.117475999999999914e+01 9.435439999999999827e+00 9.309559999999999391e+00
3.559999999999998636e+03 3.183999999999999986e+01 3.120514000000000010e+01 9.141930000000000334e+00 9.409580000000000055e+00
3.570000000000000000e+03 3.185000000000000142e+01 3.136928999999999945e+01 6.922250000000000014e+00 9.482160000000000366e+00
3.579999999999998181e+03 3.185999999999999943e+01 3.141576999999999842e+01 6.396880000000000344e+00 9.559470000000001022e+00
3.590000000000000000e+03 3.187000000000000099e+01 3.134228999999999843e+01 7.599029999999999951e+00 9.643720000000000070e+00
3.599999999999997726e+03 3.187999999999999901e+01 3.134907000000000110e+01 7.645380000000000287e+00 9.718360000000000554e+00
3.609999999999999545e+03 3.189000000000000057e+01 3.140162000000000120e+01 7.032630000000000159e+00 9.766590000000000771e+00
3.619999999999997272e+03 3.189999999999999858e+01 3.134243999999999986e+01 8.028900000000000148e+00 9.826499999999999346e+00
3.629999999999999091e+03 3.191000000000000014e+01 3.142880999999999858e+01 6.929079999999999906e+00 9.892490000000000450e+00
3.640000000000000455e+03 3.192000000000000171e+01 3.150993000000000066e+01 5.905020000000000380e+00 9.959030000000000271e+00
3.649999999999998636e+03 3.192999999999999972e+01 3.141966000000000037e+01 7.348950000000000315e+00 1.000555999999999912e+01
3.660000000000000000e+03 3.194000000000000128e+01 3.136465000000000103e+01 8.285030000000000783e+00 1.007869999999999955e+01
3.669999999999998181e+03 3.194999999999999929e+01 3.137962999999999880e+01 8.213400000000000034e+00 1.016617000000000104e+01
3.679999999999999545e+03 3.196000000000000085e+01 3.144667000000000101e+01 7.391879999999999562e+00 1.023713000000000051e+01
3.689999999999997726e+03 3.196999999999999886e+01 3.143862999999999985e+01 7.651720000000000077e+00 1.031153000000000119e+01
3.699999999999999091e+03 3.198000000000000043e+01 3.141200999999999866e+01 8.178990000000000649e+00 1.038848000000000127e+01
3.709999999999997272e+03 3.198999999999999844e+01 3.113241000000000014e+01 1.234924999999999962e+01 1.047980000000000089e+01
3.719999999999998636e+03 3.200000000000000000e+01 3.135701999999999856e+01 9.258929999999999438e+00 1.057509999999999906e+01
3.729999999999996817e+03 3.200999999999999801e+01 3.150733999999999924e+01 7.238290000000000113e+00 1.067647000000000013e+01
3.740000000000001819e+03 3.202000000000000313e+01 3.147323000000000093e+01 7.873529999999999696e+00 1.074650000000000105e+01
3.750000000000000000e+03 3.203000000000000114e+01 3.157051999999999836e+01 6.616469999999999629e+00 1.082067999999999941e+01
3.759999999999997726e+03 3.203999999999999915e+01 3.150667999999999935e+01 7.679879999999999818e+00 1.088992999999999967e+01
3.769999999999995907e+03 3.204999999999999716e+01 3.133926999999999907e+01 1.023451000000000022e+01 1.097311999999999976e+01
3.780000000000000909e+03 3.206000000000000227e+01 3.154648999999999859e+01 7.394569999999999865e+00 1.106712999999999880e+01
3.789999999999999091e+03 3.207000000000000028e+01 3.153218000000000032e+01 7.744659999999999656e+00 1.114257999999999882e+01
3.799999999999997272e+03 3.207999999999999829e+01 3.169591000000000136e+01 5.530850000000000044e+00 1.121867999999999910e+01
3.810000000000002274e+03 3.209000000000000341e+01 3.141722999999999999e+01 9.687870000000000203e+00 1.129212000000000060e+01
3.820000000000000000e+03 3.210000000000000142e+01 3.171465999999999852e+01 5.548910000000000231e+00 1.138689000000000107e+01
3.829999999999998181e+03 3.210999999999999943e+01 3.163050000000000139e+01 6.904779999999999696e+00 1.147127000000000052e+01
3.839999999999996362e+03 3.211999999999999744e+01 3.182252000000000081e+01 4.283769999999999634e+00 1.151862000000000030e+01
3.850000000000001364e+03 3.213000000000000256e+01 3.158897999999999939e+01 7.790619999999999656e+00 1.157633000000000045e+01
3.859999999999999545e+03 3.214000000000000057e+01 3.152852000000000032e+01 8.805360000000000298e+00 1.167386000000000124e+01
3.869999999999997272e+03 3.214999999999999858e+01 3.139849999999999852e+01 1.082161999999999935e+01 1.177684999999999960e+01
3.879999999999995453e+03 3.215999999999999659e+01 3.162295999999999907e+01 7.733450000000000379e+00 1.186383000000000010e+01
3.890000000000000455e+03 3.217000000000000171e+01 3.167764999999999986e+01 7.089839999999999698e+00 1.194425000000000026e+01
3.899999999999998636e+03 3.217999999999999972e+01 3.163577000000000083e+01 7.836960000000000370e+00 1.200506999999999991e+01
3.909999999999996362e+03 3.218999999999999773e+01 3.176546000000000092e+01 6.113310000000000244e+00 1.207774000000000036e+01
3.920000000000001819e+03 3.220000000000000284e+01 3.187526000000000082e+01 4.676249999999999574e+00 1.212171000000000021e+01
3.929999999999999545e+03 3.221000000000000085e+01 3.219024000000000285e+01 2.846099999999999741e-01 1.216126000000000040e+01
3.939999999999997726e+03 3.221999999999999886e+01 3.197457999999999956e+01 3.533980000000000121e+00 1.219599000000000011e+01
3.949999999999995453e+03 3.222999999999999687e+01 3.205165000000000219e+01 2.568239999999999856e+00 1.221171999999999969e+01
3.960000000000000909e+03 3.224000000000000199e+01 3.198235000000000028e+01 3.710119999999999862e+00 1.223125999999999891e+01
3.969999999999998636e+03 3.225000000000000000e+01 3.201111000000000217e+01 3.440010000000000012e+00 1.225896999999999970e+01
3.979999999999996817e+03 3.225999999999999801e+01 3.203014000000000294e+01 3.310049999999999937e+00 1.230907000000000018e+01
3.990000000000001819e+03 3.227000000000000313e+01 3.185351999999999961e+01 5.997270000000000323e+00 1.234314000000000000e+01
4.000000000000000000e+03 3.228000000000000114e+01 3.179842999999999975e+01 6.934590000000000032e+00 1.234314000000000000e+01
4.009999999999997726e+03 3.228999999999999915e+01 3.197000999999999848e+01 4.607859999999999623e+00 1.241207999999999956e+01
4.019999999999995907e+03 3.229999999999999716e+01 3.215697000000000116e+01 2.059600000000000097e+00 1.244430999999999976e+01
4.030000000000000909e+03 3.231000000000000227e+01 3.184262999999999977e+01 6.730070000000000441e+00 1.250322000000000067e+01
4.039999999999999091e+03 3.232000000000000028e+01 3.159928000000000026e+01 1.037836000000000070e+01 1.258336000000000077e+01
4.049999999999997272e+03 3.232999999999999829e+01 3.192771000000000114e+01 5.793020000000000280e+00 1.265883999999999965e+01
4.060000000000002274e+03 3.234000000000000341e+01 3.204791000000000167e+01 4.206089999999999662e+00 1.271039999999999992e+01
4.070000000000000000e+03 3.235000000000000142e+01 3.205523000000000167e+01 4.244699999999999918e+00 1.274877000000000038e+01
4.079999999999998181e+03 3.235999999999999943e+01 3.220282000000000266e+01 2.263349999999999973e+00 1.278894999999999982e+01
4.089999999999996362e+03 3.236999999999999744e+01 3.250126000000000204e+01 -1.890120000000000022e+00 1.278570999999999991e+01
4.100000000000000909e+03 3.238000000000000256e+01 3.233068999999999704e+01 7.100600000000000245e-01 1.277680999999999933e+01
4.109999999999999091e+03 3.239000000000000057e+01 3.217199000000000098e+01 3.139279999999999848e+00 1.277591999999999928e+01
4.119999999999997272e+03 3.239999999999999858e+01 3.238649000000000200e+01 1.944700000000000040e-01 1.278562999999999938e+01
4.129999999999995453e+03 3.240999999999999659e+01 3.218374000000000024e+01 3.258119999999999905e+00 1.280272000000000077e+01
4.140000000000000909e+03 3.242000000000000171e+01 3.225495000000000090e+01 2.376739999999999853e+00 1.282371999999999979e+01
4.149999999999998181e+03 3.242999999999999972e+01 3.225677999999999912e+01 2.494349999999999845e+00 1.284136999999999951e+01
4.159999999999996362e+03 3.243999999999999773e+01 3.206210999999999700e+01 5.441550000000000331e+00 1.288742000000000054e+01
4.170000000000001819e+03 3.245000000000000284e+01 3.233006000000000313e+01 1.727179999999999938e+00 1.292716000000000065e+01
4.180000000000000000e+03 3.246000000000000085e+01 3.225771000000000299e+01 2.912970000000000059e+00 1.295721999999999952e+01
4.189999999999997272e+03 3.246999999999999886e+01 3.231284999999999741e+01 2.262960000000000083e+00 1.297741000000000078e+01
4.199999999999995453e+03 3.247999999999999687e+01 3.188710000000000022e+01 8.537739999999999441e+00 1.303649000000000058e+01
4.210000000000000909e+03 3.249000000000000199e+01 3.212389999999999901e+01 5.271790000000000198e+00 1.309983000000000075e+01
4.219999999999999091e+03 3.250000000000000000e+01 3.213931000000000182e+01 5.193979999999999819e+00 1.314005000000000045e+01
4.229999999999996362e+03 3.250999999999999801e+01 3.238327000000000311e+01 1.824910000000000032e+00 1.317423999999999928e+01
4.240000000000001819e+03 3.252000000000000313e+01 3.242110000000000269e+01 1.424209999999999976e+00 1.317739000000000082e+01
4.250000000000000000e+03 3.253000000000000114e+01 3.204621999999999815e+01 6.966389999999999638e+00 1.321570000000000000e+01
4.259999999999998181e+03 3.253999999999999915e+01 3.218567999999999785e+01 5.102240000000000109e+00 1.326351999999999975e+01
4.269999999999996362e+03 3.254999999999999716e+01 3.215682000000000329e+01 5.661789999999999878e+00 1.331554000000000038e+01
4.280000000000000909e+03 3.256000000000000227e+01 3.216649000000000314e+01 5.666489999999999583e+00 1.337175000000000047e+01
4.289999999999999091e+03 3.257000000000000028e+01 3.225386000000000308e+01 4.552419999999999689e+00 1.342324999999999946e+01
4.299999999999997272e+03 3.257999999999999829e+01 3.245897000000000077e+01 1.742850000000000010e+00 1.345409000000000077e+01
4.310000000000001819e+03 3.259000000000000341e+01 3.259852999999999668e+01 -1.228899999999999992e-01 1.347710999999999970e+01
4.320000000000000000e+03 3.260000000000000142e+01 3.248657000000000039e+01 1.633350000000000080e+00 1.347997999999999941e+01
4.329999999999998181e+03 3.260999999999999943e+01 3.258939000000000163e+01 2.968000000000000083e-01 1.348352000000000039e+01
4.339999999999996362e+03 3.261999999999999744e+01 3.251800999999999675e+01 1.468639999999999946e+00 1.350070000000000014e+01
4.350000000000000909e+03 3.263000000000000256e+01 3.257433999999999941e+01 8.014700000000000157e-01 1.351468999999999987e+01
4.359999999999999091e+03 3.264000000000000057e+01 3.225032999999999817e+01 5.611259999999999692e+00 1.354320000000000057e+01
4.369999999999997272e+03 3.264999999999999858e+01 3.258297999999999917e+01 9.650300000000000544e-01 1.357149000000000072e+01
4.379999999999995453e+03 3.265999999999999659e+01 3.258028999999999797e+01 1.147890000000000077e+00 1.357879999999999932e+01
4.390000000000000909e+03 3.267000000000000171e+01 3.238329999999999842e+01 4.128470000000000084e+00 1.361334000000000088e+01
4.399999999999998181e+03 3.267999999999999972e+01 3.262689999999999912e+01 7.646600000000000064e-01 1.364870999999999945e+01
4.409999999999996362e+03 3.268999999999999773e+01 3.272943000000000069e+01 -5.677999999999999714e-01 1.365318000000000076e+01
4.420000000000001819e+03 3.270000000000000284e+01 3.263215000000000288e+01 9.770600000000000396e-01 1.364416999999999902e+01
4.430000000000000000e+03 3.271000000000000085e+01 3.283867999999999654e+01 -1.852970000000000006e+00 1.365272000000000041e+01
4.439999999999997272e+03 3.271999999999999886e+01 3.279957000000000278e+01 -1.145839999999999970e+00 1.365061999999999998e+01
4.449999999999995453e+03 3.272999999999999687e+01 3.280246999999999957e+01 -1.043530000000000069e+00 1.364732000000000056e+01
4.460000000000000909e+03 3.274000000000000199e+01 3.291982000000000141e+01 -2.589469999999999938e+00 1.363099000000000061e+01
4.469999999999999091e+03 3.275000000000000000e+01 3.286952000000000140e+01 -1.721060000000000034e+00 1.360511999999999944e+01
4.479999999999996362e+03 3.275999999999999801e+01 3.285533999999999821e+01 -1.372949999999999893e+00 1.359847000000000072e+01
4.490000000000001819e+03 3.277000000000000313e+01 3.280160999999999660e+01 -4.552499999999999880e-01 1.359069000000000038e+01
4.500000000000000000e+03 3.278000000000000114e+01 3.297511000000000081e+01 -2.809559999999999835e+00 1.358522999999999925e+01
4.509999999999998181e+03 3.278999999999999915e+01 3.280261999999999745e+01 -1.816699999999999982e-01 1.357080000000000020e+01
4.519999999999996362e+03 3.279999999999999716e+01 3.272894999999999754e+01 1.023050000000000015e+00 1.357747999999999955e+01
4.530000000000000909e+03 3.281000000000000227e+01 3.301266999999999996e+01 -2.918379999999999974e+00 1.356241999999999948e+01
4.539999999999999091e+03 3.282000000000000028e+01 3.295040000000000191e+01 -1.877809999999999979e+00 1.353580000000000005e+01
4.549999999999997272e+03 3.282999999999999829e+01 3.310408999999999935e+01 -3.946870000000000100e+00 1.350717999999999996e+01
4.560000000000001819e+03 3.284000000000000341e+01 3.309976999999999947e+01 -3.740679999999999783e+00 1.346599999999999930e+01
4.570000000000000000e+03 3.285000000000000142e+01 3.311690000000000111e+01 -3.843409999999999993e+00 1.342392000000000074e+01
4.579999999999998181e+03 3.285999999999999943e+01 3.294534999999999769e+01 -1.229000000000000092e+00 1.340442999999999962e+01
4.589999999999996362e+03 3.286999999999999744e+01 3.296582000000000079e+01 -1.379799999999999915e+00 1.337212000000000067e+01
4.600000000000000909e+03 3.288000000000000256e+01 3.305122999999999678e+01 -2.465710000000000068e+00 1.335181000000000040e+01
4.609999999999999091e+03 3.289000000000000057e+01 3.291756000000000171e+01 -3.968900000000000206e-01 1.334276000000000018e+01
4.619999999999997272e+03 3.289999999999999858e+01 3.299421000000000248e+01 -1.356610000000000094e+00 1.333677999999999919e+01
4.629999999999995453e+03 3.290999999999999659e+01 3.293619000000000341e+01 -3.770899999999999808e-01 1.333344999999999914e+01
4.640000000000000909e+03 3.292000000000000171e+01 3.299734999999999729e+01 -1.113869999999999916e+00 1.330606000000000044e+01
4.649999999999998181e+03 3.292999999999999972e+01 3.290279999999999916e+01 3.917200000000000126e-01 1.330583000000000027e+01
4.659999999999996362e+03 3.293999999999999773e+01 3.311641000000000190e+01 -2.540270000000000028e+00 1.329247999999999941e+01
4.670000000000001819e+03 3.295000000000000284e+01 3.328522000000000247e+01 -4.827130000000000365e+00 1.326668000000000092e+01
4.680000000000000000e+03 3.296000000000000085e+01 3.306425000000000125e+01 -1.501160000000000050e+00 1.323573999999999984e+01
4.689999999999997272e+03 3.296999999999999886e+01 3.317038999999999760e+01 -2.885639999999999983e+00 1.322499999999999964e+01
4.699999999999995453e+03 3.297999999999999687e+01 3.318274999999999864e+01 -2.919639999999999791e+00 1.320068999999999981e+01
4.710000000000000909e+03 3.299000000000000199e+01 3.311157000000000039e+01 -1.750660000000000105e+00 1.317206000000000010e+01
4.719999999999999091e+03 3.300000000000000000e+01 3.322917000000000343e+01 -3.300069999999999837e+00 1.313738999999999990e+01
4.729999999999996362e+03 3.300999999999999801e+01 3.312803000000000253e+01 -1.699580000000000091e+00 1.311654000000000053e+01
4.740000000000001819e+03 3.302000000000000313e+01 3.319478999999999758e+01 -2.516960000000000086e+00 1.311410000000000053e+01
4.750000000000000000e+03 3.303000000000000114e+01 3.335942000000000007e+01 -4.743619999999999948e+00 1.308666000000000018e+01
4.759999999999998181e+03 3.303999999999999915e+01 3.361164000000000129e+01 -8.231550000000000367e+00 1.302652999999999928e+01
4.769999999999996362e+03 3.304999999999999716e+01 3.358670999999999651e+01 -7.728609999999999758e+00 1.294228000000000023e+01
4.780000000000000909e+03 3.306000000000000227e+01 3.357923000000000258e+01 -7.476980000000000182e+00 1.285577999999999932e+01
4.789999999999999091e+03 3.307000000000000028e+01 3.350278000000000134e+01 -6.231989999999999696e+00 1.279311000000000043e+01
4.799999999999997272e+03 3.307999999999999829e+01 3.320548999999999751e+01 -1.807099999999999929e+00 1.275407000000000046e+01
4.810000000000001819e+03 3.309000000000000341e+01 3.305592999999999648e+01 4.905399999999999761e-01 1.276628000000000007e+01
4.820000000000000000e+03 3.310000000000000142e+01 3.301964999999999861e+01 1.157100000000000017e+00 1.276964000000000077e+01
4.829999999999998181e+03 3.310999999999999943e+01 3.315357000000000198e+01 -6.274499999999999522e-01 1.276524999999999999e+01
4.839999999999996362e+03 3.311999999999999744e+01 3.328721000000000174e+01 -2.407789999999999875e+00 1.275271000000000043e+01
4.850000000000000909e+03 3.313000000000000256e+01 3.310141000000000133e+01 4.116799999999999904e-01 1.273189999999999955e+01
4.859999999999999091e+03 3.314000000000000057e+01 3.300502000000000180e+01 1.943670000000000009e+00 1.275558999999999976e+01
4.869999999999997272e+03 3.314999999999999858e+01 3.301928000000000196e+01 1.882419999999999982e+00 1.276993000000000045e+01
4.879999999999995453e+03 3.315999999999999659e+01 3.294377000000000066e+01 3.113760000000000083e+00 1.280017999999999923e+01
4.890000000000000909e+03 3.317000000000000171e+01 3.333321999999999719e+01 -2.350410000000000110e+00 1.280139999999999922e+01
4.899999999999998181e+03 3.317999999999999972e+01 3.366452999999999918e+01 -6.977210000000000356e+00 1.276871000000000045e+01
4.909999999999996362e+03 3.318999999999999773e+01 3.354344999999999999e+01 -5.089690000000000047e+00 1.271438999999999986e+01
4.920000000000001819e+03 3.320000000000000284e+01 3.323543999999999699e+01 -5.103100000000000414e-01 1.267876000000000047e+01
4.930000000000000000e+03 3.321000000000000085e+01 3.324605999999999995e+01 -5.192700000000000093e-01 1.268107999999999969e+01
4.939999999999997272e+03 3.321999999999999886e+01 3.319798000000000116e+01 3.170999999999999930e-01 1.269117999999999924e+01
4.949999999999995453e+03 3.322999999999999687e+01 3.319306999999999874e+01 5.317499999999999449e-01 1.269130000000000003e+01
4.960000000000000909e+03 3.324000000000000199e+01 3.315749999999999886e+01 1.187959999999999905e+00 1.270782999999999952e+01
4.969999999999999091e+03 3.325000000000000000e+01 3.330364000000000146e+01 -7.723700000000000010e-01 1.271091000000000015e+01
4.979999999999996362e+03 3.325999999999999801e+01 3.339679999999999893e+01 -1.969870000000000010e+00 1.270153999999999961e+01
4.990000000000001819e+03 3.327000000000000313e+01 3.342705000000000126e+01 -2.261499999999999844e+00 1.268953999999999915e+01
5.000000000000000000e+03 3.328000000000000114e+01 3.348436000000000234e+01 -2.942759999999999820e+00 1.268953999999999915e+01
5.009999999999998181e+03 3.328999999999999915e+01 3.335264999999999702e+01 -9.022200000000000220e-01 1.265832999999999942e+01
5.019999999999996362e+03 3.329999999999999716e+01 3.352850000000000108e+01 -3.290399999999999991e+00 1.264260999999999946e+01
5.030000000000000909e+03 3.331000000000000227e+01 3.354860999999999649e+01 -3.435979999999999812e+00 1.259977999999999909e+01
5.039999999999999091e+03 3.332000000000000028e+01 3.362196000000000140e+01 -4.348300000000000054e+00 1.256482999999999883e+01
5.049999999999997272e+03 3.332999999999999829e+01 3.353869000000000256e+01 -3.005189999999999806e+00 1.253424999999999834e+01
5.060000000000001819e+03 3.334000000000000341e+01 3.343301000000000300e+01 -1.339290000000000092e+00 1.250240999999999936e+01
5.070000000000000000e+03 3.335000000000000142e+01 3.336366999999999905e+01 -1.969100000000000017e-01 1.248757999999999946e+01
5.079999999999998181e+03 3.335999999999999943e+01 3.335247999999999990e+01 1.082499999999999990e-01 1.247798999999999836e+01
5.089999999999996362e+03 3.336999999999999744e+01 3.360517999999999716e+01 -3.386589999999999989e+00 1.246910999999999881e+01
5.100000000000000909e+03 3.338000000000000256e+01 3.332648999999999972e+01 7.704699999999999882e-01 1.246798999999999857e+01
5.109999999999999091e+03 3.339000000000000057e+01 3.331707000000000107e+01 1.050140000000000073e+00 1.247250999999999976e+01
5.119999999999997272e+03 3.339999999999999858e+01 3.303697999999999979e+01 5.227420000000000400e+00 1.251193999999999917e+01
5.129999999999995453e+03 3.340999999999999659e+01 3.328414999999999679e+01 1.812300000000000022e+00 1.255119999999999969e+01
5.140000000000000909e+03 3.342000000000000171e+01 3.334702000000000055e+01 1.050859999999999905e+00 1.256625999999999976e+01
5.149999999999998181e+03 3.342999999999999972e+01 3.350507999999999953e+01 -1.081139999999999990e+00 1.256010999999999989e+01
5.159999999999996362e+03 3.343999999999999773e+01 3.325724999999999909e+01 2.631629999999999914e+00 1.257133999999999929e+01
5.170000000000001819e+03 3.345000000000000284e+01 3.335578999999999894e+01 1.356589999999999963e+00 1.258756999999999948e+01
5.180000000000000000e+03 3.346000000000000085e+01 3.347596999999999667e+01 -2.299100000000000033e-01 1.259005999999999936e+01
5.189999999999997272e+03 3.346999999999999886e+01 3.325663999999999731e+01 3.072360000000000202e+00 1.258943999999999974e+01
5.199999999999995453e+03 3.347999999999999687e+01 3.312709999999999866e+01 5.081730000000000302e+00 1.262080999999999875e+01
5.210000000000000909e+03 3.349000000000000199e+01 3.321882999999999697e+01 3.904860000000000220e+00 1.266930999999999941e+01
5.219999999999999091e+03 3.350000000000000000e+01 3.311348000000000269e+01 5.565949999999999953e+00 1.272250999999999976e+01
5.229999999999996362e+03 3.350999999999999801e+01 3.320018000000000313e+01 4.461350000000000371e+00 1.276696999999999882e+01
5.240000000000001819e+03 3.352000000000000313e+01 3.320864000000000260e+01 4.483609999999999651e+00 1.280368999999999957e+01
5.250000000000000000e+03 3.353000000000000114e+01 3.326556999999999675e+01 3.807850000000000179e+00 1.285728999999999900e+01
5.259999999999998181e+03 3.353999999999999915e+01 3.351675000000000182e+01 3.347600000000000020e-01 1.287408999999999892e+01
5.269999999999996362e+03 3.354999999999999716e+01 3.337901000000000096e+01 2.462309999999999999e+00 1.289517999999999986e+01
5.280000000000000909e+03 3.356000000000000227e+01 3.338217000000000212e+01 2.560810000000000031e+00 1.291836999999999946e+01
5.289999999999999091e+03 3.357000000000000028e+01 3.362514000000000181e+01 -7.939699999999999536e-01 1.291595999999999833e+01
5.299999999999997272e+03 3.357999999999999829e+01 3.343822999999999723e+01 2.041440000000000143e+00 1.293030999999999864e+01
5.310000000000001819e+03 3.359000000000000341e+01 3.328558000000000305e+01 4.383670000000000400e+00 1.297206999999999866e+01
5.320000000000000000e+03 3.360000000000000142e+01 3.327042000000000144e+01 4.745919999999999916e+00 1.302175999999999867e+01
5.329999999999998181e+03 3.360999999999999943e+01 3.355078000000000316e+01 8.528000000000000025e-01 1.304582999999999871e+01
5.339999999999996362e+03 3.361999999999999744e+01 3.349320999999999771e+01 1.825809999999999933e+00 1.306885999999999903e+01
5.350000000000000909e+03 3.363000000000000256e+01 3.354482999999999748e+01 1.226420000000000066e+00 1.308485999999999905e+01
5.359999999999999091e+03 3.364000000000000057e+01 3.342575999999999681e+01 3.085039999999999782e+00 1.310759999999999970e+01
5.369999999999997272e+03 3.364999999999999858e+01 3.353654000000000224e+01 1.633869999999999933e+00 1.313126999999999889e+01
5.379999999999995453e+03 3.365999999999999659e+01 3.375657000000000352e+01 -1.390649999999999942e+00 1.313304999999999900e+01
5.390000000000000909e+03 3.367000000000000171e+01 3.378146999999999878e+01 -1.605099999999999971e+00 1.311446999999999896e+01
5.399999999999998181e+03 3.367999999999999972e+01 3.371815000000000140e+01 -5.493599999999999595e-01 1.310861999999999838e+01
5.409999999999996362e+03 3.368999999999999773e+01 3.337729000000000212e+01 4.502979999999999983e+00 1.312248999999999910e+01
5.420000000000001819e+03 3.370000000000000284e+01 3.346808999999999656e+01 3.339449999999999807e+00 1.315972999999999971e+01
5.430000000000000000e+03 3.371000000000000085e+01 3.340442000000000178e+01 4.400369999999999671e+00 1.320713999999999899e+01
5.439999999999997272e+03 3.371999999999999886e+01 3.359358000000000288e+01 1.820459999999999967e+00 1.323612999999999928e+01
5.449999999999995453e+03 3.372999999999999687e+01 3.348456999999999795e+01 3.534209999999999852e+00 1.327665999999999968e+01
5.460000000000000909e+03 3.374000000000000199e+01 3.371289000000000158e+01 3.903200000000000003e-01 1.331458999999999904e+01
5.469999999999999091e+03 3.375000000000000000e+01 3.340921000000000163e+01 4.907429999999999737e+00 1.334624999999999950e+01
5.479999999999996362e+03 3.375999999999999801e+01 3.326975999999999800e+01 7.059490000000000265e+00 1.340001999999999960e+01
5.490000000000001819e+03 3.377000000000000313e+01 3.331757999999999953e+01 6.514829999999999899e+00 1.346391999999999989e+01
5.500000000000000000e+03 3.378000000000000114e+01 3.330624000000000251e+01 6.822169999999999845e+00 1.352349999999999852e+01
5.509999999999998181e+03 3.378999999999999915e+01 3.327673999999999666e+01 7.390869999999999607e+00 1.359058999999999884e+01
5.519999999999995453e+03 3.379999999999999716e+01 3.323458999999999719e+01 8.141899999999999693e+00 1.365886999999999851e+01
5.530000000000000909e+03 3.381000000000000227e+01 3.335224999999999795e+01 6.591610000000000191e+00 1.372952999999999868e+01
5.539999999999999091e+03 3.382000000000000028e+01 3.355109999999999815e+01 3.872129999999999850e+00 1.377801999999999971e+01
5.549999999999997272e+03 3.382999999999999829e+01 3.343930999999999898e+01 5.625890000000000057e+00 1.381722999999999857e+01
5.560000000000001819e+03 3.384000000000000341e+01 3.366758000000000095e+01 2.482909999999999950e+00 1.385808999999999891e+01
5.570000000000000000e+03 3.385000000000000142e+01 3.378228000000000009e+01 9.752300000000000413e-01 1.387909999999999933e+01
5.579999999999998181e+03 3.385999999999999943e+01 3.390793000000000035e+01 -6.902500000000000302e-01 1.388470999999999833e+01
5.589999999999996362e+03 3.386999999999999744e+01 3.388738000000000028e+01 -2.503199999999999870e-01 1.387927999999999962e+01
5.600000000000000909e+03 3.388000000000000256e+01 3.381470999999999805e+01 9.401399999999999757e-01 1.387776999999999816e+01
5.609999999999999091e+03 3.389000000000000057e+01 3.347482999999999720e+01 5.978489999999999860e+00 1.392299999999999827e+01
5.619999999999997272e+03 3.389999999999999858e+01 3.370967000000000269e+01 2.740800000000000125e+00 1.396203999999999823e+01
5.629999999999995453e+03 3.390999999999999659e+01 3.360902999999999707e+01 4.333919999999999995e+00 1.398450999999999844e+01
5.640000000000000000e+03 3.392000000000000171e+01 3.381895999999999702e+01 1.454930000000000057e+00 1.400835000000000008e+01
5.649999999999998181e+03 3.392999999999999972e+01 3.376095999999999719e+01 2.434120000000000061e+00 1.402720999999999840e+01
5.659999999999996362e+03 3.393999999999999773e+01 3.380469000000000079e+01 1.948439999999999950e+00 1.403858999999999924e+01
5.670000000000001819e+03 3.395000000000000284e+01 3.404641000000000162e+01 -1.388269999999999893e+00 1.404017999999999944e+01
5.680000000000000000e+03 3.396000000000000085e+01 3.407095000000000340e+01 -1.597720000000000029e+00 1.405045999999999928e+01
5.689999999999997272e+03 3.396999999999999886e+01 3.393746999999999758e+01 4.684499999999999775e-01 1.402842999999999840e+01
5.699999999999995453e+03 3.397999999999999687e+01 3.419078999999999979e+01 -3.035320000000000018e+00 1.400039999999999907e+01
5.710000000000000909e+03 3.399000000000000199e+01 3.417105000000000103e+01 -2.607159999999999922e+00 1.395634999999999870e+01
5.719999999999999091e+03 3.400000000000000000e+01 3.436001999999999867e+01 -5.184319999999999595e+00 1.393058999999999870e+01
5.729999999999996362e+03 3.400999999999999801e+01 3.403076999999999686e+01 -2.990200000000000080e-01 1.389917999999999942e+01
5.740000000000001819e+03 3.402000000000000313e+01 3.428258000000000294e+01 -3.781169999999999920e+00 1.388899999999999935e+01
5.750000000000000000e+03 3.403000000000000114e+01 3.393193999999999733e+01 1.412099999999999911e+00 1.387334999999999852e+01
5.759999999999998181e+03 3.403999999999999915e+01 3.397332000000000107e+01 9.602600000000000025e-01 1.387143000000000015e+01
5.769999999999995453e+03 3.404999999999999716e+01 3.387413000000000096e+01 2.532480000000000064e+00 1.389317999999999920e+01
5.780000000000000909e+03 3.406000000000000227e+01 3.426427000000000334e+01 -2.941510000000000069e+00 1.387562999999999924e+01
5.789999999999999091e+03 3.407000000000000028e+01 3.415104999999999791e+01 -1.167130000000000001e+00 1.385326999999999842e+01
5.799999999999997272e+03 3.407999999999999829e+01 3.434993999999999659e+01 -3.887100000000000222e+00 1.384235999999999933e+01
5.810000000000001819e+03 3.409000000000000341e+01 3.451796999999999827e+01 -6.162700000000000067e+00 1.380349999999999966e+01
5.820000000000000000e+03 3.410000000000000142e+01 3.426653999999999911e+01 -2.398190000000000044e+00 1.375501999999999825e+01
5.829999999999998181e+03 3.410999999999999943e+01 3.415910000000000224e+01 -7.069699999999999873e-01 1.374713999999999992e+01
5.839999999999996362e+03 3.411999999999999744e+01 3.445309000000000310e+01 -4.796499999999999986e+00 1.370510999999999946e+01
5.850000000000000909e+03 3.413000000000000256e+01 3.420716000000000179e+01 -1.111159999999999926e+00 1.367960999999999849e+01
5.859999999999999091e+03 3.414000000000000057e+01 3.417828000000000088e+01 -5.511700000000000488e-01 1.367458999999999847e+01
5.869999999999997272e+03 3.414999999999999858e+01 3.411419000000000068e+01 5.156399999999999872e-01 1.367121999999999993e+01
5.879999999999995453e+03 3.415999999999999659e+01 3.419980999999999938e+01 -5.732899999999999663e-01 1.367749999999999844e+01
5.890000000000000000e+03 3.417000000000000171e+01 3.428938000000000130e+01 -1.719019999999999992e+00 1.366671999999999976e+01
5.899999999999998181e+03 3.417999999999999972e+01 3.432600999999999658e+01 -2.102580000000000116e+00 1.363651999999999909e+01
5.909999999999996362e+03 3.418999999999999773e+01 3.479017999999999944e+01 -8.642530000000000712e+00 1.359532999999999880e+01
5.920000000000001819e+03 3.420000000000000284e+01 3.448140999999999678e+01 -4.052360000000000184e+00 1.353785999999999845e+01
5.930000000000000000e+03 3.421000000000000085e+01 3.454576000000000136e+01 -4.834880000000000067e+00 1.349734999999999907e+01
5.939999999999997272e+03 3.421999999999999886e+01 3.465104999999999791e+01 -6.207089999999999996e+00 1.343751999999999924e+01
5.949999999999995453e+03 3.422999999999999687e+01 3.445852000000000004e+01 -3.290630000000000166e+00 1.337838999999999956e+01
5.960000000000000909e+03 3.424000000000000199e+01 3.431367999999999796e+01 -1.060929999999999929e+00 1.335686999999999891e+01
5.969999999999999091e+03 3.425000000000000000e+01 3.429240000000000066e+01 -6.105699999999999461e-01 1.334068999999999861e+01
5.979999999999996362e+03 3.425999999999999801e+01 3.419706000000000046e+01 9.063299999999999690e-01 1.334594999999999843e+01
5.990000000000001819e+03 3.427000000000000313e+01 3.415326999999999913e+01 1.680900000000000061e+00 1.335632999999999981e+01
6.000000000000000000e+03 3.428000000000000114e+01 3.423984999999999701e+01 5.782000000000000473e-01 1.335632999999999981e+01
6.009999999999998181e+03 3.428999999999999915e+01 3.418101000000000056e+01 1.569509999999999961e+00 1.336399999999999899e+01
6.019999999999995453e+03 3.429999999999999716e+01 3.443039000000000271e+01 -1.877610000000000001e+00 1.337659000000000020e+01
6.030000000000000909e+03 3.431000000000000227e+01 3.419463999999999970e+01 1.661149999999999904e+00 1.338546000000000014e+01
6.039999999999999091e+03 3.432000000000000028e+01 3.430326000000000164e+01 2.411099999999999910e-01 1.339048000000000016e+01
6.049999999999997272e+03 3.432999999999999829e+01 3.417410999999999888e+01 2.244839999999999947e+00 1.340363999999999933e+01
6.060000000000001819e+03 3.434000000000000341e+01 3.408644000000000318e+01 3.651229999999999976e+00 1.342848000000000042e+01
6.070000000000000000e+03 3.435000000000000142e+01 3.436706999999999823e+01 -2.458299999999999930e-01 1.344584000000000046e+01
6.079999999999998181e+03 3.435999999999999943e+01 3.428952999999999918e+01 1.014780000000000015e+00 1.345285999999999937e+01
6.089999999999996362e+03 3.436999999999999744e+01 3.444142000000000081e+01 -1.028469999999999995e+00 1.345594000000000001e+01
6.100000000000000909e+03 3.438000000000000256e+01 3.453356999999999744e+01 -2.211370000000000058e+00 1.342741000000000007e+01
6.109999999999999091e+03 3.439000000000000057e+01 3.464041000000000281e+01 -3.605939999999999923e+00 1.339930000000000021e+01
6.119999999999997272e+03 3.439999999999999858e+01 3.442607000000000284e+01 -3.754700000000000260e-01 1.339592999999999989e+01
6.129999999999995453e+03 3.440999999999999659e+01 3.443422000000000338e+01 -3.487500000000000044e-01 1.339339000000000013e+01
6.140000000000000000e+03 3.442000000000000171e+01 3.447429000000000343e+01 -7.817800000000000304e-01 1.339038000000000039e+01
6.149999999999998181e+03 3.442999999999999972e+01 3.471880000000000166e+01 -4.158669999999999867e+00 1.335910999999999937e+01
6.159999999999996362e+03 3.443999999999999773e+01 3.456521999999999650e+01 -1.803120000000000056e+00 1.334155999999999942e+01
6.170000000000001819e+03 3.445000000000000284e+01 3.457052000000000191e+01 -1.735470000000000068e+00 1.332654999999999923e+01
6.180000000000000000e+03 3.446000000000000085e+01 3.456251999999999924e+01 -1.476229999999999931e+00 1.329758999999999958e+01
6.189999999999997272e+03 3.446999999999999886e+01 3.469257000000000346e+01 -3.205049999999999955e+00 1.326646000000000036e+01
6.199999999999995453e+03 3.447999999999999687e+01 3.473020999999999958e+01 -3.603079999999999838e+00 1.323204999999999920e+01
6.210000000000000909e+03 3.449000000000000199e+01 3.481085000000000207e+01 -4.620300000000000296e+00 1.320079999999999920e+01
6.219999999999999091e+03 3.450000000000000000e+01 3.476858000000000004e+01 -3.867589999999999861e+00 1.315442000000000000e+01
6.229999999999996362e+03 3.450999999999999801e+01 3.479247000000000156e+01 -4.067529999999999646e+00 1.309901999999999944e+01
6.240000000000001819e+03 3.452000000000000313e+01 3.486585999999999785e+01 -4.980310000000000237e+00 1.304942999999999920e+01
6.250000000000000000e+03 3.453000000000000114e+01 3.474051999999999651e+01 -3.031509999999999927e+00 1.300465999999999944e+01
6.259999999999998181e+03 3.453999999999999915e+01 3.502130999999999972e+01 -6.930909999999999904e+00 1.296165000000000056e+01
6.269999999999995453e+03 3.454999999999999716e+01 3.479397999999999769e+01 -3.513329999999999842e+00 1.290340999999999916e+01
6.280000000000000909e+03 3.456000000000000227e+01 3.504554000000000258e+01 -6.991749999999999687e+00 1.285814000000000057e+01
6.289999999999999091e+03 3.457000000000000028e+01 3.474786000000000286e+01 -2.561220000000000052e+00 1.281188000000000038e+01
6.299999999999997272e+03 3.457999999999999829e+01 3.467076000000000136e+01 -1.306910000000000016e+00 1.279349000000000025e+01
6.310000000000001819e+03 3.459000000000000341e+01 3.465601999999999805e+01 -9.506299999999999750e-01 1.278638999999999903e+01
6.320000000000000000e+03 3.460000000000000142e+01 3.446959999999999980e+01 1.877799999999999914e+00 1.278923999999999950e+01
6.329999999999998181e+03 3.460999999999999943e+01 3.461699000000000126e+01 -1.007300000000000001e-01 1.279628999999999905e+01
6.339999999999996362e+03 3.461999999999999744e+01 3.467911000000000143e+01 -8.512100000000000222e-01 1.278509000000000029e+01
6.350000000000000909e+03 3.463000000000000256e+01 3.455823000000000178e+01 1.033530000000000060e+00 1.278511999999999915e+01
6.359999999999999091e+03 3.464000000000000057e+01 3.472135000000000105e+01 -1.171480000000000077e+00 1.277633999999999936e+01
6.369999999999997272e+03 3.464999999999999858e+01 3.506714999999999804e+01 -6.006969999999999921e+00 1.274452999999999925e+01
6.379999999999995453e+03 3.465999999999999659e+01 3.486101000000000028e+01 -2.894569999999999865e+00 1.269925999999999888e+01
6.390000000000000000e+03 3.467000000000000171e+01 3.478813999999999851e+01 -1.701279999999999903e+00 1.268095999999999890e+01
6.399999999999998181e+03 3.467999999999999972e+01 3.480295000000000272e+01 -1.770410000000000039e+00 1.265939999999999976e+01
6.409999999999996362e+03 3.468999999999999773e+01 3.482025000000000148e+01 -1.875660000000000105e+00 1.263448999999999955e+01
6.420000000000001819e+03 3.470000000000000284e+01 3.484935000000000116e+01 -2.150609999999999911e+00 1.260826999999999920e+01
6.430000000000000000e+03 3.471000000000000085e+01 3.510981000000000307e+01 -5.757240000000000357e+00 1.256162999999999919e+01
6.439999999999997272e+03 3.471999999999999886e+01 3.506385999999999825e+01 -4.951559999999999739e+00 1.250436999999999976e+01
6.449999999999995453e+03 3.472999999999999687e+01 3.507079000000000235e+01 -4.907409999999999606e+00 1.244979000000000013e+01
6.460000000000000909e+03 3.474000000000000199e+01 3.503706999999999994e+01 -4.277800000000000047e+00 1.239283999999999963e+01
6.469999999999999091e+03 3.475000000000000000e+01 3.471696000000000026e+01 4.757799999999999807e-01 1.236327999999999960e+01
6.479999999999996362e+03 3.475999999999999801e+01 3.486757999999999669e+01 -1.549180000000000001e+00 1.236222000000000065e+01
6.490000000000001819e+03 3.477000000000000313e+01 3.486565999999999832e+01 -1.377529999999999921e+00 1.234074999999999989e+01
6.500000000000000000e+03 3.478000000000000114e+01 3.479910999999999888e+01 -2.751299999999999857e-01 1.232713999999999999e+01
6.509999999999998181e+03 3.478999999999999915e+01 3.498292000000000002e+01 -2.778090000000000170e+00 1.231199999999999939e+01
6.519999999999995453e+03 3.479999999999999716e+01 3.508088000000000051e+01 -4.044660000000000366e+00 1.228469999999999906e+01
6.530000000000000909e+03 3.481000000000000227e+01 3.477129999999999654e+01 5.573299999999999921e-01 1.225187000000000026e+01
6.539999999999999091e+03 3.482000000000000028e+01 3.489887999999999835e+01 -1.135930000000000106e+00 1.225039999999999907e+01
6.549999999999997272e+03 3.482999999999999829e+01 3.475600000000000023e+01 1.065539999999999932e+00 1.224183000000000021e+01
6.560000000000001819e+03 3.484000000000000341e+01 3.488819000000000159e+01 -6.939400000000000013e-01 1.223791999999999902e+01
6.570000000000000000e+03 3.485000000000000142e+01 3.486518000000000228e+01 -2.186299999999999910e-01 1.222376000000000040e+01
6.579999999999998181e+03 3.485999999999999943e+01 3.484544999999999959e+01 2.094699999999999895e-01 1.222213999999999956e+01
6.589999999999996362e+03 3.486999999999999744e+01 3.466658000000000328e+01 2.929269999999999818e+00 1.224220000000000041e+01
6.600000000000000909e+03 3.488000000000000256e+01 3.445864999999999867e+01 6.067389999999999617e+00 1.227778999999999954e+01
6.609999999999999091e+03 3.489000000000000057e+01 3.479645000000000010e+01 1.347140000000000004e+00 1.231599999999999895e+01
6.619999999999997272e+03 3.489999999999999858e+01 3.463835000000000264e+01 3.767809999999999881e+00 1.234632000000000041e+01
6.629999999999995453e+03 3.490999999999999659e+01 3.476818000000000097e+01 2.042190000000000172e+00 1.237520999999999916e+01
6.640000000000000000e+03 3.492000000000000171e+01 3.504102000000000317e+01 -1.742639999999999967e+00 1.237226000000000070e+01
6.649999999999998181e+03 3.492999999999999972e+01 3.509508000000000294e+01 -2.377200000000000202e+00 1.237558999999999898e+01
6.659999999999996362e+03 3.493999999999999773e+01 3.526019000000000148e+01 -4.610680000000000334e+00 1.234989999999999988e+01
6.670000000000001819e+03 3.495000000000000284e+01 3.515588999999999942e+01 -2.964869999999999894e+00 1.231692999999999927e+01
6.680000000000000000e+03 3.496000000000000085e+01 3.543970000000000198e+01 -6.907750000000000057e+00 1.226612000000000080e+01
6.689999999999997272e+03 3.496999999999999886e+01 3.525885000000000247e+01 -4.159379999999999633e+00 1.221689999999999898e+01
6.699999999999995453e+03 3.497999999999999687e+01 3.503759000000000157e+01 -8.293000000000000371e-01 1.219377000000000066e+01
6.710000000000000909e+03 3.499000000000000199e+01 3.522556000000000154e+01 -3.392090000000000050e+00 1.217235999999999940e+01
6.719999999999999091e+03 3.500000000000000000e+01 3.519870999999999839e+01 -2.861409999999999787e+00 1.214616000000000007e+01
6.729999999999996362e+03 3.500999999999999801e+01 3.520752000000000237e+01 -2.844279999999999919e+00 1.212885999999999953e+01
6.740000000000001819e+03 3.502000000000000313e+01 3.500399999999999778e+01 2.304499999999999882e-01 1.212359999999999971e+01
6.750000000000000000e+03 3.503000000000000114e+01 3.496732999999999691e+01 9.024199999999999999e-01 1.213588999999999984e+01
6.759999999999998181e+03 3.503999999999999915e+01 3.484955000000000069e+01 2.742459999999999898e+00 1.216075000000000017e+01
6.769999999999995453e+03 3.504999999999999716e+01 3.499725999999999715e+01 7.594600000000000239e-01 1.217014999999999958e+01
6.780000000000000909e+03 3.506000000000000227e+01 3.481804999999999950e+01 3.484039999999999804e+00 1.218548000000000009e+01
6.789999999999999091e+03 3.507000000000000028e+01 3.503336999999999790e+01 5.273999999999999799e-01 1.220281999999999911e+01
6.799999999999997272e+03 3.507999999999999829e+01 3.489186999999999728e+01 2.709060000000000024e+00 1.222155000000000058e+01
6.810000000000001819e+03 3.509000000000000341e+01 3.504386000000000223e+01 6.643799999999999706e-01 1.223632999999999882e+01
6.820000000000000000e+03 3.510000000000000142e+01 3.491747000000000156e+01 2.628400000000000070e+00 1.225386999999999915e+01
6.829999999999998181e+03 3.510999999999999943e+01 3.491913000000000267e+01 2.748569999999999958e+00 1.227657999999999916e+01
6.839999999999996362e+03 3.511999999999999744e+01 3.499573000000000178e+01 1.789479999999999960e+00 1.228607000000000049e+01
6.850000000000000909e+03 3.513000000000000256e+01 3.492168000000000205e+01 2.999870000000000037e+00 1.232146999999999970e+01
6.859999999999999091e+03 3.514000000000000057e+01 3.493290999999999968e+01 2.982089999999999907e+00 1.234253000000000000e+01
6.869999999999997272e+03 3.514999999999999858e+01 3.512339000000000055e+01 3.831899999999999751e-01 1.234872999999999976e+01
6.879999999999995453e+03 3.515999999999999659e+01 3.520409999999999684e+01 -6.350299999999999834e-01 1.234474999999999945e+01
6.890000000000000000e+03 3.517000000000000171e+01 3.528524000000000171e+01 -1.659480000000000066e+00 1.232037000000000049e+01
6.899999999999998181e+03 3.517999999999999972e+01 3.528479000000000099e+01 -1.508990000000000054e+00 1.232728000000000002e+01
6.909999999999996362e+03 3.518999999999999773e+01 3.534694999999999965e+01 -2.260110000000000063e+00 1.231744999999999912e+01
6.920000000000001819e+03 3.520000000000000284e+01 3.525021999999999878e+01 -7.231800000000000450e-01 1.231230000000000047e+01
6.930000000000000000e+03 3.521000000000000085e+01 3.525327000000000055e+01 -6.231299999999999617e-01 1.230913999999999930e+01
6.939999999999997272e+03 3.521999999999999886e+01 3.557117000000000218e+01 -5.056779999999999831e+00 1.228204000000000029e+01
6.949999999999995453e+03 3.522999999999999687e+01 3.542808000000000135e+01 -2.852310000000000123e+00 1.225431999999999988e+01
6.960000000000000909e+03 3.524000000000000199e+01 3.529939000000000249e+01 -8.551900000000000057e-01 1.223887999999999998e+01
6.969999999999999091e+03 3.525000000000000000e+01 3.515017999999999887e+01 1.437429999999999986e+00 1.223152999999999935e+01
6.979999999999996362e+03 3.525999999999999801e+01 3.502441000000000315e+01 3.392490000000000006e+00 1.224586000000000041e+01
6.990000000000001819e+03 3.527000000000000313e+01 3.480803000000000225e+01 6.652370000000000339e+00 1.229115999999999964e+01
7.000000000000000000e+03 3.528000000000000114e+01 3.484445000000000192e+01 6.271889999999999965e+00 1.229115999999999964e+01
7.009999999999998181e+03 3.528999999999999915e+01 3.485970999999999975e+01 6.196170000000000400e+00 1.233842999999999890e+01
7.019999999999995453e+03 3.529999999999999716e+01 3.516416999999999859e+01 1.955969999999999986e+00 1.239738000000000007e+01
7.030000000000000909e+03 3.531000000000000227e+01 3.506698999999999700e+01 3.499379999999999935e+00 1.242666000000000004e+01
7.039999999999999091e+03 3.532000000000000028e+01 3.539388999999999896e+01 -1.064009999999999900e+00 1.244814000000000043e+01
7.049999999999997272e+03 3.532999999999999829e+01 3.498187999999999676e+01 5.012959999999999638e+00 1.245783999999999914e+01
7.060000000000001819e+03 3.534000000000000341e+01 3.517320999999999742e+01 2.401809999999999778e+00 1.248371000000000031e+01
7.070000000000000000e+03 3.535000000000000142e+01 3.520228999999999786e+01 2.127040000000000042e+00 1.249874999999999936e+01
7.079999999999998181e+03 3.535999999999999943e+01 3.552602000000000260e+01 -2.390750000000000153e+00 1.249669999999999881e+01
7.089999999999996362e+03 3.536999999999999744e+01 3.548814000000000135e+01 -1.701170000000000071e+00 1.249484999999999957e+01
7.100000000000000909e+03 3.538000000000000256e+01 3.549164999999999992e+01 -1.607730000000000103e+00 1.249303999999999881e+01
7.109999999999999091e+03 3.539000000000000057e+01 3.545515999999999934e+01 -9.383399999999999519e-01 1.248268000000000022e+01
7.119999999999997272e+03 3.539999999999999858e+01 3.558559000000000339e+01 -2.672540000000000138e+00 1.245967999999999876e+01
7.129999999999995453e+03 3.540999999999999659e+01 3.540178999999999832e+01 1.181900000000000034e-01 1.245253999999999905e+01
7.140000000000000000e+03 3.542000000000000171e+01 3.549958000000000169e+01 -1.145920000000000050e+00 1.244657999999999909e+01
7.149999999999998181e+03 3.542999999999999972e+01 3.536843999999999966e+01 8.864499999999999602e-01 1.246069999999999922e+01
7.159999999999996362e+03 3.543999999999999773e+01 3.538591000000000264e+01 7.789300000000000113e-01 1.246084999999999887e+01
7.170000000000001819e+03 3.545000000000000284e+01 3.538665000000000305e+01 9.122400000000000508e-01 1.245950000000000024e+01
7.180000000000000000e+03 3.546000000000000085e+01 3.553300000000000125e+01 -1.051239999999999952e+00 1.245035999999999987e+01
7.189999999999997272e+03 3.546999999999999886e+01 3.557652999999999821e+01 -1.534070000000000045e+00 1.244088999999999956e+01
7.199999999999995453e+03 3.547999999999999687e+01 3.563118999999999659e+01 -2.177109999999999879e+00 1.243088999999999977e+01
7.210000000000000909e+03 3.549000000000000199e+01 3.551252999999999815e+01 -3.244900000000000007e-01 1.243332999999999977e+01
7.219999999999999091e+03 3.550000000000000000e+01 3.552830999999999761e+01 -4.076600000000000223e-01 1.242385999999999946e+01
7.229999999999996362e+03 3.550999999999999801e+01 3.533326000000000278e+01 2.545009999999999994e+00 1.241418999999999961e+01
7.240000000000001819e+03 3.552000000000000313e+01 3.571817999999999671e+01 -2.853759999999999852e+00 1.240300000000000047e+01
7.250000000000000000e+03 3.553000000000000114e+01 3.551881000000000199e+01 1.611400000000000055e-01 1.239810999999999908e+01
7.259999999999998181e+03 3.553999999999999915e+01 3.525025999999999726e+01 4.172240000000000393e+00 1.242248999999999981e+01
7.269999999999995453e+03 3.554999999999999716e+01 3.550348999999999933e+01 6.698199999999999710e-01 1.245171999999999990e+01
7.280000000000000909e+03 3.556000000000000227e+01 3.514531999999999812e+01 5.971440000000000303e+00 1.249353999999999942e+01
7.289999999999999091e+03 3.557000000000000028e+01 3.559002999999999872e+01 -2.884499999999999842e-01 1.250825000000000031e+01
7.299999999999997272e+03 3.557999999999999829e+01 3.556387000000000143e+01 2.322099999999999997e-01 1.251041000000000025e+01
7.310000000000001819e+03 3.559000000000000341e+01 3.549213000000000306e+01 1.409289999999999932e+00 1.252664000000000044e+01
7.320000000000000000e+03 3.560000000000000142e+01 3.545009000000000299e+01 2.158689999999999998e+00 1.254715000000000025e+01
7.329999999999998181e+03 3.560999999999999943e+01 3.539408999999999850e+01 3.109059999999999935e+00 1.257416999999999874e+01
7.339999999999996362e+03 3.561999999999999744e+01 3.516214000000000084e+01 6.593169999999999753e+00 1.260447999999999880e+01
7.350000000000000909e+03 3.563000000000000256e+01 3.549146999999999963e+01 1.994839999999999947e+00 1.264714999999999989e+01
7.359999999999999091e+03 3.564000000000000057e+01 3.530293999999999954e+01 4.853589999999999627e+00 1.267306999999999917e+01
7.369999999999997272e+03 3.564999999999999858e+01 3.508820999999999657e+01 8.089740000000000819e+00 1.273331999999999908e+01
7.379999999999995453e+03 3.565999999999999659e+01 3.514887999999999835e+01 7.360070000000000334e+00 1.280278999999999989e+01
7.390000000000000000e+03 3.567000000000000171e+01 3.548729000000000156e+01 2.631050000000000111e+00 1.284757999999999889e+01
7.399999999999998181e+03 3.567999999999999972e+01 3.576691999999999894e+01 -1.251579999999999915e+00 1.284821999999999953e+01
7.409999999999996362e+03 3.568999999999999773e+01 3.568565000000000254e+01 6.264000000000000123e-02 1.286426999999999943e+01
7.420000000000001819e+03 3.570000000000000284e+01 3.573980000000000246e+01 -5.730800000000000338e-01 1.287567999999999913e+01
7.430000000000000000e+03 3.571000000000000085e+01 3.563522999999999996e+01 1.076729999999999965e+00 1.287694999999999901e+01
7.439999999999997272e+03 3.571999999999999886e+01 3.574651000000000067e+01 -3.817800000000000082e-01 1.288589999999999947e+01
7.449999999999995453e+03 3.572999999999999687e+01 3.590997999999999735e+01 -2.591779999999999973e+00 1.287833000000000006e+01
7.460000000000000909e+03 3.574000000000000199e+01 3.563524999999999920e+01 1.508359999999999923e+00 1.287440999999999924e+01
7.469999999999999091e+03 3.575000000000000000e+01 3.560446000000000311e+01 2.095720000000000027e+00 1.288857999999999926e+01
7.479999999999996362e+03 3.575999999999999801e+01 3.561771000000000242e+01 2.049030000000000129e+00 1.289705999999999975e+01
7.490000000000001819e+03 3.577000000000000313e+01 3.559942000000000206e+01 2.456409999999999982e+00 1.291451999999999956e+01
7.500000000000000000e+03 3.578000000000000114e+01 3.555673000000000172e+01 3.215040000000000120e+00 1.292925999999999931e+01
7.509999999999998181e+03 3.578999999999999915e+01 3.587962999999999880e+01 -1.290689999999999893e+00 1.293920999999999921e+01
7.519999999999995453e+03 3.579999999999999716e+01 3.575778999999999996e+01 6.078599999999999559e-01 1.292460999999999949e+01
7.530000000000000909e+03 3.581000000000000227e+01 3.594501000000000346e+01 -1.944199999999999928e+00 1.291878999999999955e+01
7.539999999999999091e+03 3.582000000000000028e+01 3.573322999999999894e+01 1.249540000000000095e+00 1.293287999999999904e+01
7.549999999999997272e+03 3.582999999999999829e+01 3.580346999999999724e+01 3.820299999999999807e-01 1.295337999999999923e+01
7.560000000000001819e+03 3.584000000000000341e+01 3.588680000000000092e+01 -6.738499999999999490e-01 1.295345999999999975e+01
7.570000000000000000e+03 3.585000000000000142e+01 3.571535000000000082e+01 1.938940000000000108e+00 1.295749999999999957e+01
7.579999999999998181e+03 3.585999999999999943e+01 3.602913000000000210e+01 -2.435439999999999827e+00 1.295607000000000042e+01
7.589999999999996362e+03 3.586999999999999744e+01 3.597455000000000069e+01 -1.505470000000000086e+00 1.293925999999999910e+01
7.600000000000000909e+03 3.588000000000000256e+01 3.587165000000000248e+01 1.202700000000000019e-01 1.292376999999999931e+01
7.609999999999999091e+03 3.589000000000000057e+01 3.595306000000000068e+01 -9.080099999999999838e-01 1.291417999999999999e+01
7.619999999999997272e+03 3.589999999999999858e+01 3.589045000000000130e+01 1.375899999999999901e-01 1.291089000000000020e+01
7.629999999999995453e+03 3.590999999999999659e+01 3.582088000000000250e+01 1.283269999999999911e+00 1.293112999999999957e+01
7.640000000000000000e+03 3.592000000000000171e+01 3.540252999999999872e+01 7.451539999999999608e+00 1.296421999999999919e+01
7.649999999999998181e+03 3.592999999999999972e+01 3.562111999999999767e+01 4.447940000000000005e+00 1.301560999999999879e+01
7.659999999999996362e+03 3.593999999999999773e+01 3.577553000000000338e+01 2.368409999999999904e+00 1.303601999999999883e+01
7.670000000000001819e+03 3.595000000000000284e+01 3.578764000000000323e+01 2.338039999999999896e+00 1.304857999999999940e+01
7.680000000000000000e+03 3.596000000000000085e+01 3.575730999999999682e+01 2.918750000000000178e+00 1.307020999999999944e+01
7.689999999999997272e+03 3.596999999999999886e+01 3.558494000000000312e+01 5.544880000000000031e+00 1.311748000000000047e+01
7.699999999999995453e+03 3.597999999999999687e+01 3.569928999999999775e+01 4.042270000000000252e+00 1.317418999999999940e+01
7.710000000000000909e+03 3.599000000000000199e+01 3.601194000000000273e+01 -3.159600000000000186e-01 1.319355000000000011e+01
7.719999999999999091e+03 3.600000000000000000e+01 3.618357000000000312e+01 -2.643460000000000143e+00 1.317454000000000036e+01
7.729999999999996362e+03 3.600999999999999801e+01 3.622200999999999738e+01 -3.052890000000000104e+00 1.315086999999999939e+01
7.740000000000001819e+03 3.602000000000000313e+01 3.585023000000000337e+01 2.444669999999999899e+00 1.313480000000000025e+01
7.750000000000000000e+03 3.603000000000000114e+01 3.605716000000000321e+01 -3.910600000000000187e-01 1.313787999999999911e+01
7.759999999999998181e+03 3.603999999999999915e+01 3.595389000000000124e+01 1.239919999999999911e+00 1.314935999999999972e+01
7.769999999999995453e+03 3.604999999999999716e+01 3.610269999999999868e+01 -7.588300000000000045e-01 1.315789000000000009e+01
7.780000000000000909e+03 3.606000000000000227e+01 3.602051999999999765e+01 5.685000000000000053e-01 1.316264999999999930e+01
7.789999999999999091e+03 3.607000000000000028e+01 3.611014999999999731e+01 -5.781199999999999672e-01 1.315920000000000023e+01
7.799999999999997272e+03 3.607999999999999829e+01 3.598516000000000048e+01 1.365650000000000031e+00 1.316518999999999906e+01
7.810000000000001819e+03 3.609000000000000341e+01 3.606282000000000210e+01 3.914400000000000102e-01 1.316461999999999932e+01
7.820000000000000000e+03 3.610000000000000142e+01 3.617911999999999750e+01 -1.139299999999999979e+00 1.315367999999999959e+01
7.829999999999998181e+03 3.610999999999999943e+01 3.591369999999999862e+01 2.826659999999999950e+00 1.316995999999999967e+01
7.839999999999996362e+03 3.611999999999999744e+01 3.609642000000000195e+01 3.395099999999999785e-01 1.317515999999999998e+01
7.850000000000000909e+03 3.613000000000000256e+01 3.616716000000000264e+01 -5.351399999999999491e-01 1.319139999999999979e+01
7.859999999999999091e+03 3.614000000000000057e+01 3.612169999999999703e+01 2.635100000000000220e-01 1.320441999999999894e+01
7.869999999999997272e+03 3.614999999999999858e+01 3.595235999999999876e+01 2.845969999999999889e+00 1.320998999999999945e+01
7.879999999999995453e+03 3.615999999999999659e+01 3.635392999999999830e+01 -2.792609999999999815e+00 1.320207999999999871e+01
7.890000000000000000e+03 3.617000000000000171e+01 3.618442999999999898e+01 -2.077600000000000002e-01 1.318169999999999931e+01
7.899999999999998181e+03 3.617999999999999972e+01 3.619514999999999816e+01 -2.181299999999999906e-01 1.318628999999999962e+01
7.909999999999996362e+03 3.618999999999999773e+01 3.600005999999999773e+01 2.735110000000000152e+00 1.319193999999999889e+01
7.920000000000001819e+03 3.620000000000000284e+01 3.632039999999999935e+01 -1.733689999999999953e+00 1.320500999999999969e+01
7.930000000000000000e+03 3.621000000000000085e+01 3.650907999999999731e+01 -4.306790000000000340e+00 1.317981999999999942e+01
7.939999999999997272e+03 3.621999999999999886e+01 3.642253999999999792e+01 -2.916589999999999794e+00 1.315277000000000029e+01
7.949999999999995453e+03 3.622999999999999687e+01 3.616335000000000122e+01 9.597299999999999720e-01 1.314953000000000038e+01
7.960000000000000909e+03 3.624000000000000199e+01 3.622702000000000311e+01 1.868599999999999983e-01 1.314681999999999995e+01
7.969999999999999091e+03 3.625000000000000000e+01 3.620246999999999815e+01 6.844299999999999828e-01 1.315840000000000032e+01
7.979999999999996362e+03 3.625999999999999801e+01 3.602223000000000042e+01 3.423909999999999787e+00 1.317845999999999940e+01
7.990000000000001819e+03 3.627000000000000313e+01 3.612865000000000038e+01 2.035489999999999799e+00 1.321293000000000006e+01
8.000000000000000000e+03 3.628000000000000114e+01 3.631591000000000236e+01 -5.170400000000000551e-01 1.321293000000000006e+01
8.009999999999998181e+03 3.628999999999999915e+01 3.587013000000000318e+01 6.046079999999999899e+00 1.324541999999999931e+01
8.019999999999995453e+03 3.629999999999999716e+01 3.606145999999999674e+01 3.435039999999999871e+00 1.329443000000000019e+01
8.030000000000000909e+03 3.631000000000000227e+01 3.574083000000000254e+01 8.196049999999999613e+00 1.333996999999999922e+01
8.039999999999999091e+03 3.632000000000000028e+01 3.590115000000000123e+01 6.031439999999999912e+00 1.341428999999999938e+01
8.049999999999997272e+03 3.632999999999999829e+01 3.606629999999999825e+01 3.797229999999999883e+00 1.348310999999999993e+01
8.060000000000001819e+03 3.634000000000000341e+01 3.598886000000000251e+01 5.056379999999999875e+00 1.354449999999999932e+01
8.070000000000000000e+03 3.635000000000000142e+01 3.590456999999999965e+01 6.414130000000000109e+00 1.360058000000000078e+01
8.079999999999998181e+03 3.635999999999999943e+01 3.608530999999999977e+01 3.955509999999999859e+00 1.363945999999999970e+01
8.089999999999996362e+03 3.636999999999999744e+01 3.611601999999999890e+01 3.657300000000000217e+00 1.368773000000000017e+01
8.100000000000000909e+03 3.638000000000000256e+01 3.620233000000000345e+01 2.558399999999999785e+00 1.374398000000000053e+01
8.109999999999999091e+03 3.639000000000000057e+01 3.597952999999999690e+01 5.910770000000000302e+00 1.379218999999999973e+01
8.119999999999997272e+03 3.639999999999999858e+01 3.640344999999999942e+01 -4.963000000000000050e-02 1.381714000000000020e+01
8.129999999999995453e+03 3.640999999999999659e+01 3.618923000000000201e+01 3.179089999999999971e+00 1.383600000000000030e+01
8.140000000000000000e+03 3.642000000000000171e+01 3.627224999999999966e+01 2.127660000000000107e+00 1.385934999999999917e+01
8.149999999999998181e+03 3.642999999999999972e+01 3.636533000000000015e+01 9.312000000000000277e-01 1.387640000000000029e+01
8.159999999999996362e+03 3.643999999999999773e+01 3.643737000000000137e+01 3.781000000000000333e-02 1.388924000000000092e+01
8.170000000000001819e+03 3.645000000000000284e+01 3.655559000000000225e+01 -1.520459999999999923e+00 1.388457000000000008e+01
8.180000000000000000e+03 3.646000000000000085e+01 3.648863999999999663e+01 -4.124599999999999933e-01 1.387463999999999942e+01
8.189999999999997272e+03 3.646999999999999886e+01 3.633153000000000077e+01 1.993910000000000071e+00 1.386538000000000004e+01
8.199999999999996362e+03 3.647999999999999687e+01 3.618932000000000215e+01 4.185789999999999900e+00 1.389201000000000086e+01
8.210000000000000000e+03 3.649000000000000199e+01 3.619707999999999970e+01 4.218029999999999724e+00 1.394422999999999924e+01
8.219999999999998181e+03 3.650000000000000000e+01 3.624645000000000294e+01 3.651050000000000129e+00 1.398407000000000089e+01
8.229999999999996362e+03 3.650999999999999801e+01 3.617683000000000249e+01 4.797679999999999723e+00 1.402602000000000082e+01
8.240000000000001819e+03 3.652000000000000313e+01 3.627156000000000091e+01 3.577539999999999942e+00 1.406853000000000087e+01
8.250000000000000000e+03 3.653000000000000114e+01 3.629838000000000164e+01 3.335389999999999855e+00 1.408605000000000018e+01
8.259999999999998181e+03 3.653999999999999915e+01 3.650930999999999926e+01 4.419000000000000150e-01 1.410055000000000014e+01
8.269999999999996362e+03 3.654999999999999716e+01 3.654142999999999830e+01 1.234100000000000058e-01 1.411390000000000100e+01
8.280000000000001819e+03 3.656000000000000227e+01 3.611914000000000158e+01 6.348359999999999559e+00 1.414639000000000024e+01
8.289999999999998181e+03 3.657000000000000028e+01 3.635524999999999807e+01 3.092379999999999907e+00 1.418391000000000091e+01
8.299999999999996362e+03 3.657999999999999829e+01 3.636330999999999847e+01 3.120340000000000114e+00 1.419912000000000063e+01
8.310000000000001819e+03 3.659000000000000341e+01 3.666751000000000005e+01 -1.116109999999999935e+00 1.419818000000000069e+01
8.320000000000000000e+03 3.660000000000000142e+01 3.635746000000000322e+01 3.492560000000000109e+00 1.422169000000000061e+01
8.329999999999998181e+03 3.660999999999999943e+01 3.652895000000000181e+01 1.167100000000000026e+00 1.424268000000000001e+01
8.339999999999996362e+03 3.661999999999999744e+01 3.657663000000000153e+01 6.245699999999999585e-01 1.424361999999999995e+01
8.350000000000001819e+03 3.663000000000000256e+01 3.651088000000000022e+01 1.715309999999999890e+00 1.425192999999999977e+01
8.360000000000000000e+03 3.664000000000000057e+01 3.648478000000000065e+01 2.235189999999999788e+00 1.426349000000000089e+01
8.369999999999996362e+03 3.664999999999999858e+01 3.651498999999999739e+01 1.944120000000000070e+00 1.429124999999999979e+01
8.379999999999994543e+03 3.665999999999999659e+01 3.664576999999999884e+01 2.049600000000000033e-01 1.431527999999999956e+01
8.390000000000000000e+03 3.667000000000000171e+01 3.645490000000000208e+01 3.097440000000000193e+00 1.433725000000000094e+01
8.399999999999998181e+03 3.667999999999999972e+01 3.644089000000000311e+01 3.443150000000000155e+00 1.437451000000000079e+01
8.409999999999996362e+03 3.668999999999999773e+01 3.672587000000000046e+01 -5.164999999999999591e-01 1.439035999999999937e+01
8.420000000000001819e+03 3.670000000000000284e+01 3.649562000000000239e+01 2.943090000000000206e+00 1.440851999999999933e+01
8.430000000000000000e+03 3.671000000000000085e+01 3.680134000000000327e+01 -1.315350000000000019e+00 1.441915999999999976e+01
8.439999999999998181e+03 3.671999999999999886e+01 3.684405999999999892e+01 -1.786489999999999911e+00 1.441918000000000077e+01
8.449999999999996362e+03 3.672999999999999687e+01 3.668148999999999660e+01 6.985400000000000498e-01 1.441899000000000086e+01
8.460000000000000000e+03 3.674000000000000199e+01 3.669572000000000145e+01 6.375600000000000156e-01 1.439573999999999998e+01
8.469999999999998181e+03 3.675000000000000000e+01 3.659378999999999849e+01 2.249390000000000001e+00 1.439339999999999975e+01
8.479999999999996362e+03 3.675999999999999801e+01 3.662792000000000314e+01 1.901899999999999924e+00 1.441886000000000045e+01
8.490000000000001819e+03 3.677000000000000313e+01 3.639677999999999969e+01 5.374410000000000132e+00 1.445733000000000068e+01
8.500000000000000000e+03 3.678000000000000114e+01 3.648964999999999748e+01 4.181110000000000326e+00 1.449827999999999939e+01
8.509999999999998181e+03 3.678999999999999915e+01 3.674069999999999681e+01 7.099100000000000410e-01 1.451185000000000080e+01
8.519999999999996362e+03 3.679999999999999716e+01 3.653719000000000250e+01 3.784520000000000106e+00 1.455082999999999949e+01
8.530000000000001819e+03 3.681000000000000227e+01 3.644937000000000182e+01 5.193100000000000271e+00 1.459080999999999939e+01
8.539999999999998181e+03 3.682000000000000028e+01 3.654251000000000005e+01 3.995820000000000149e+00 1.461486000000000018e+01
8.549999999999996362e+03 3.682999999999999829e+01 3.652423999999999893e+01 4.402940000000000076e+00 1.464804999999999957e+01
8.560000000000001819e+03 3.684000000000000341e+01 3.650135999999999825e+01 4.876350000000000406e+00 1.469380999999999915e+01
8.570000000000000000e+03 3.685000000000000142e+01 3.664354000000000156e+01 2.973059999999999814e+00 1.472662000000000049e+01
8.579999999999998181e+03 3.685999999999999943e+01 3.666973999999999734e+01 2.739790000000000170e+00 1.477234999999999943e+01
8.589999999999996362e+03 3.686999999999999744e+01 3.639551999999999765e+01 6.832489999999999952e+00 1.481366000000000049e+01
8.600000000000001819e+03 3.688000000000000256e+01 3.641315999999999775e+01 6.722500000000000142e+00 1.488264000000000031e+01
8.610000000000000000e+03 3.689000000000000057e+01 3.649663999999999930e+01 5.664419999999999789e+00 1.493037999999999954e+01
8.619999999999996362e+03 3.689999999999999858e+01 3.670190000000000197e+01 2.852599999999999802e+00 1.497095000000000020e+01
8.629999999999994543e+03 3.690999999999999659e+01 3.699378999999999706e+01 -1.206520000000000037e+00 1.498184999999999967e+01
8.640000000000000000e+03 3.692000000000000171e+01 3.692134000000000071e+01 -1.930000000000000118e-02 1.496683999999999948e+01
8.649999999999998181e+03 3.692999999999999972e+01 3.696612999999999971e+01 -5.202799999999999647e-01 1.495794000000000068e+01
8.659999999999996362e+03 3.693999999999999773e+01 3.686144000000000176e+01 1.131229999999999958e+00 1.497307999999999950e+01
8.670000000000001819e+03 3.695000000000000284e+01 3.663653999999999655e+01 4.513810000000000322e+00 1.500364000000000075e+01
8.680000000000000000e+03 3.696000000000000085e+01 3.658787000000000234e+01 5.358730000000000437e+00 1.505358999999999980e+01
8.689999999999998181e+03 3.696999999999999886e+01 3.656401999999999930e+01 5.846040000000000347e+00 1.511489000000000082e+01
8.699999999999996362e+03 3.697999999999999687e+01 3.668140999999999963e+01 4.299690000000000012e+00 1.516613000000000078e+01
8.710000000000000000e+03 3.699000000000000199e+01 3.672854000000000241e+01 3.764979999999999993e+00 1.520059999999999967e+01
8.719999999999998181e+03 3.700000000000000000e+01 3.673122999999999649e+01 3.870350000000000179e+00 1.522226000000000035e+01
8.729999999999996362e+03 3.700999999999999801e+01 3.664598000000000155e+01 5.241889999999999716e+00 1.525276999999999994e+01
8.740000000000001819e+03 3.702000000000000313e+01 3.699710000000000321e+01 3.297200000000000131e-01 1.528537999999999997e+01
8.750000000000000000e+03 3.703000000000000114e+01 3.674954999999999927e+01 4.038450000000000095e+00 1.531644999999999968e+01
8.759999999999998181e+03 3.703999999999999915e+01 3.675283999999999907e+01 4.135110000000000063e+00 1.534961000000000020e+01
8.769999999999996362e+03 3.704999999999999716e+01 3.691093000000000046e+01 2.002609999999999779e+00 1.539227999999999952e+01
8.780000000000001819e+03 3.706000000000000227e+01 3.691297000000000139e+01 2.117179999999999840e+00 1.541266000000000069e+01
8.789999999999998181e+03 3.707000000000000028e+01 3.704296999999999684e+01 3.892100000000000004e-01 1.542393999999999998e+01
8.799999999999996362e+03 3.707999999999999829e+01 3.691487999999999658e+01 2.377759999999999874e+00 1.542834000000000039e+01
8.810000000000001819e+03 3.709000000000000341e+01 3.686072000000000060e+01 3.301670000000000105e+00 1.544001000000000090e+01
8.820000000000000000e+03 3.710000000000000142e+01 3.687570999999999799e+01 3.229820000000000135e+00 1.547167999999999921e+01
8.829999999999998181e+03 3.710999999999999943e+01 3.655812000000000239e+01 7.947079999999999700e+00 1.553003999999999962e+01
8.839999999999996362e+03 3.711999999999999744e+01 3.681799000000000177e+01 4.348910000000000053e+00 1.558933000000000035e+01
8.850000000000001819e+03 3.713000000000000256e+01 3.717907000000000295e+01 -7.065799999999999859e-01 1.560893000000000086e+01
8.860000000000000000e+03 3.714000000000000057e+01 3.666290000000000049e+01 6.870210000000000150e+00 1.564306999999999981e+01
8.869999999999996362e+03 3.714999999999999858e+01 3.696784000000000248e+01 2.623139999999999805e+00 1.568989000000000011e+01
8.879999999999994543e+03 3.715999999999999659e+01 3.700395999999999930e+01 2.246919999999999806e+00 1.571079999999999899e+01
8.890000000000000000e+03 3.717000000000000171e+01 3.698633000000000237e+01 2.644829999999999792e+00 1.572654999999999959e+01
8.899999999999998181e+03 3.717999999999999972e+01 3.726494000000000284e+01 -1.223130000000000051e+00 1.573825000000000074e+01
8.909999999999996362e+03 3.718999999999999773e+01 3.725442999999999927e+01 -9.278600000000000181e-01 1.572310000000000052e+01
8.920000000000001819e+03 3.720000000000000284e+01 3.709264999999999901e+01 1.545840000000000103e+00 1.572933000000000092e+01
8.930000000000000000e+03 3.721000000000000085e+01 3.699343999999999966e+01 3.118409999999999904e+00 1.575276000000000032e+01
8.939999999999998181e+03 3.721999999999999886e+01 3.698122999999999649e+01 3.438309999999999977e+00 1.579990000000000094e+01
8.949999999999996362e+03 3.722999999999999687e+01 3.710878999999999905e+01 1.745370000000000088e+00 1.582789999999999964e+01
8.960000000000000000e+03 3.724000000000000199e+01 3.693113999999999919e+01 4.447610000000000063e+00 1.585585000000000022e+01
8.969999999999998181e+03 3.725000000000000000e+01 3.680745999999999896e+01 6.372609999999999886e+00 1.590879999999999939e+01
8.979999999999996362e+03 3.725999999999999801e+01 3.698908999999999736e+01 3.901149999999999896e+00 1.596728000000000058e+01
8.990000000000001819e+03 3.727000000000000313e+01 3.695378000000000185e+01 4.553569999999999673e+00 1.602130000000000010e+01
9.000000000000000000e+03 3.728000000000000114e+01 3.668954999999999700e+01 8.502499999999999503e+00 1.602130000000000010e+01
9.009999999999998181e+03 3.728999999999999915e+01 3.671332999999999913e+01 8.304009999999999891e+00 1.609789999999999921e+01
9.019999999999996362e+03 3.729999999999999716e+01 3.695682000000000045e+01 4.941849999999999632e+00 1.618499999999999872e+01
9.030000000000001819e+03 3.731000000000000227e+01 3.665921000000000163e+01 9.371439999999999770e+00 1.626257999999999981e+01
9.039999999999998181e+03 3.732000000000000028e+01 3.698606999999999800e+01 4.808659999999999712e+00 1.632731000000000066e+01
9.049999999999996362e+03 3.732999999999999829e+01 3.700851999999999720e+01 4.629290000000000127e+00 1.638998000000000133e+01
9.060000000000001819e+03 3.734000000000000341e+01 3.685347999999999757e+01 7.005889999999999951e+00 1.643928999999999974e+01
9.070000000000000000e+03 3.735000000000000142e+01 3.705172999999999917e+01 4.295149999999999579e+00 1.650266999999999840e+01
9.079999999999998181e+03 3.735999999999999943e+01 3.709906999999999755e+01 3.757340000000000124e+00 1.654359000000000179e+01
9.089999999999996362e+03 3.736999999999999744e+01 3.726178999999999775e+01 1.558189999999999964e+00 1.656822999999999979e+01
9.100000000000001819e+03 3.738000000000000256e+01 3.710219000000000023e+01 4.000460000000000349e+00 1.661849000000000132e+01
9.110000000000000000e+03 3.739000000000000057e+01 3.715930999999999784e+01 3.321950000000000180e+00 1.664284999999999926e+01
9.119999999999996362e+03 3.739999999999999858e+01 3.703544000000000125e+01 5.249629999999999797e+00 1.669555000000000078e+01
9.129999999999994543e+03 3.740999999999999659e+01 3.709682999999999709e+01 4.509640000000000093e+00 1.674876000000000076e+01
9.140000000000000000e+03 3.742000000000000171e+01 3.734365999999999985e+01 1.099259999999999904e+00 1.677439000000000036e+01
9.149999999999998181e+03 3.742999999999999972e+01 3.720304000000000144e+01 3.268200000000000216e+00 1.679310999999999865e+01
9.159999999999996362e+03 3.743999999999999773e+01 3.739856000000000336e+01 5.968099999999999516e-01 1.681383999999999901e+01
9.170000000000001819e+03 3.745000000000000284e+01 3.730532000000000181e+01 2.083359999999999879e+00 1.682673000000000130e+01
9.180000000000000000e+03 3.746000000000000085e+01 3.720271000000000328e+01 3.705020000000000202e+00 1.686750999999999934e+01
9.189999999999998181e+03 3.746999999999999886e+01 3.734064000000000050e+01 1.862800000000000011e+00 1.688524999999999920e+01
9.199999999999996362e+03 3.747999999999999687e+01 3.721376000000000062e+01 3.833849999999999980e+00 1.691574999999999918e+01
9.210000000000000000e+03 3.749000000000000199e+01 3.736966000000000321e+01 1.732930000000000081e+00 1.694406999999999996e+01
9.219999999999998181e+03 3.750000000000000000e+01 3.737866000000000355e+01 1.747230000000000061e+00 1.697325000000000017e+01
9.229999999999996362e+03 3.750999999999999801e+01 3.700256000000000256e+01 7.307070000000000398e+00 1.699645999999999901e+01
9.240000000000001819e+03 3.752000000000000313e+01 3.714247999999999905e+01 5.436329999999999885e+00 1.705267999999999873e+01
9.250000000000000000e+03 3.753000000000000114e+01 3.703755000000000308e+01 7.091300000000000381e+00 1.710613999999999990e+01
9.259999999999998181e+03 3.753999999999999915e+01 3.708091999999999899e+01 6.610769999999999591e+00 1.716618000000000066e+01
9.269999999999996362e+03 3.754999999999999716e+01 3.719798999999999722e+01 5.068889999999999674e+00 1.724061999999999983e+01
9.280000000000001819e+03 3.756000000000000227e+01 3.735641999999999996e+01 2.931480000000000086e+00 1.727955000000000041e+01
9.289999999999998181e+03 3.757000000000000028e+01 3.724980999999999653e+01 4.610689999999999955e+00 1.731013000000000090e+01
9.299999999999996362e+03 3.757999999999999829e+01 3.736115999999999815e+01 3.151240000000000041e+00 1.734588000000000108e+01
9.310000000000001819e+03 3.759000000000000341e+01 3.688676000000000244e+01 1.012664000000000009e+01 1.741632999999999853e+01
9.320000000000000000e+03 3.760000000000000142e+01 3.728840000000000288e+01 4.487110000000000376e+00 1.747434000000000154e+01
9.329999999999998181e+03 3.760999999999999943e+01 3.721511000000000280e+01 5.686480000000000423e+00 1.752541000000000082e+01
9.339999999999996362e+03 3.761999999999999744e+01 3.690061000000000035e+01 1.035923000000000016e+01 1.759770999999999930e+01
9.350000000000001819e+03 3.763000000000000256e+01 3.737686999999999671e+01 3.645070000000000032e+00 1.767056000000000182e+01
9.360000000000000000e+03 3.764000000000000057e+01 3.750169999999999959e+01 1.991479999999999917e+00 1.770452999999999832e+01
9.369999999999996362e+03 3.764999999999999858e+01 3.749643999999999977e+01 2.211190000000000211e+00 1.772483000000000075e+01
9.379999999999994543e+03 3.765999999999999659e+01 3.737124000000000024e+01 4.158109999999999751e+00 1.776413000000000153e+01
9.390000000000000000e+03 3.767000000000000171e+01 3.737196999999999747e+01 4.291599999999999859e+00 1.780148000000000152e+01
9.399999999999998181e+03 3.767999999999999972e+01 3.730935999999999808e+01 5.337159999999999904e+00 1.785555000000000092e+01
9.409999999999996362e+03 3.768999999999999773e+01 3.729988000000000170e+01 5.617729999999999890e+00 1.790846000000000160e+01
9.420000000000001819e+03 3.770000000000000284e+01 3.718408000000000158e+01 7.429179999999999673e+00 1.799320000000000164e+01
9.430000000000000000e+03 3.771000000000000085e+01 3.713837000000000188e+01 8.231510000000000105e+00 1.807451999999999970e+01
9.439999999999998181e+03 3.771999999999999886e+01 3.744360999999999962e+01 3.980030000000000179e+00 1.815733000000000175e+01
9.449999999999996362e+03 3.772999999999999687e+01 3.776910999999999774e+01 -5.632399999999999629e-01 1.818311999999999884e+01
9.460000000000000000e+03 3.774000000000000199e+01 3.752906999999999726e+01 3.037430000000000074e+00 1.820175000000000054e+01
9.469999999999998181e+03 3.775000000000000000e+01 3.729789999999999850e+01 6.510290000000000354e+00 1.826605999999999952e+01
9.479999999999996362e+03 3.775999999999999801e+01 3.730541999999999803e+01 6.545919999999999739e+00 1.832760000000000034e+01
9.490000000000001819e+03 3.777000000000000313e+01 3.731499999999999773e+01 6.551949999999999719e+00 1.841768000000000072e+01
9.500000000000000000e+03 3.778000000000000114e+01 3.747272999999999854e+01 4.424660000000000259e+00 1.849895000000000067e+01
9.509999999999998181e+03 3.778999999999999915e+01 3.716628999999999650e+01 8.981410000000000338e+00 1.857498000000000005e+01
9.519999999999996362e+03 3.779999999999999716e+01 3.715635999999999939e+01 9.268449999999999633e+00 1.866424999999999912e+01
9.530000000000001819e+03 3.781000000000000227e+01 3.707869000000000170e+01 1.053092999999999968e+01 1.875976999999999961e+01
9.539999999999998181e+03 3.782000000000000028e+01 3.745114000000000232e+01 5.311550000000000438e+00 1.882833000000000112e+01
9.549999999999996362e+03 3.782999999999999829e+01 3.739876000000000289e+01 6.209889999999999688e+00 1.889047000000000054e+01
9.560000000000001819e+03 3.784000000000000341e+01 3.762330000000000041e+01 3.120410000000000128e+00 1.893271999999999977e+01
9.570000000000000000e+03 3.785000000000000142e+01 3.724998000000000076e+01 8.640330000000000510e+00 1.899048000000000158e+01
9.579999999999998181e+03 3.785999999999999943e+01 3.728869999999999862e+01 8.226789999999999381e+00 1.909753999999999863e+01
9.589999999999996362e+03 3.786999999999999744e+01 3.753584000000000032e+01 4.811849999999999739e+00 1.917125000000000057e+01
9.600000000000001819e+03 3.788000000000000256e+01 3.751203000000000287e+01 5.298700000000000188e+00 1.922906000000000049e+01
9.610000000000000000e+03 3.789000000000000057e+01 3.777423999999999893e+01 1.666919999999999957e+00 1.927078000000000202e+01
9.619999999999996362e+03 3.789999999999999858e+01 3.749727000000000032e+01 5.799349999999999561e+00 1.932716999999999885e+01
9.629999999999994543e+03 3.790999999999999659e+01 3.742289000000000243e+01 7.014450000000000074e+00 1.938023000000000096e+01
9.640000000000000000e+03 3.792000000000000171e+01 3.711641999999999797e+01 1.157155000000000022e+01 1.946500999999999948e+01
9.649999999999998181e+03 3.792999999999999972e+01 3.730366000000000071e+01 9.019249999999999545e+00 1.956360000000000099e+01
9.659999999999996362e+03 3.793999999999999773e+01 3.731240999999999985e+01 9.037349999999999994e+00 1.965061000000000035e+01
9.670000000000001819e+03 3.795000000000000284e+01 3.756051999999999680e+01 5.608539999999999637e+00 1.971367000000000047e+01
9.680000000000000000e+03 3.796000000000000085e+01 3.747505999999999915e+01 6.983120000000000438e+00 1.977792000000000172e+01
9.689999999999998181e+03 3.796999999999999886e+01 3.749110999999999905e+01 6.895979999999999777e+00 1.985625999999999891e+01
9.699999999999996362e+03 3.797999999999999687e+01 3.748984999999999701e+01 7.058159999999999989e+00 1.992121000000000208e+01
9.710000000000000000e+03 3.799000000000000199e+01 3.755866999999999933e+01 6.211140000000000327e+00 1.998874999999999957e+01
9.719999999999998181e+03 3.800000000000000000e+01 3.742625999999999920e+01 8.261799999999999145e+00 2.005998999999999910e+01
9.729999999999996362e+03 3.800999999999999801e+01 3.746262000000000114e+01 7.882249999999999979e+00 2.013524999999999920e+01
9.740000000000001819e+03 3.802000000000000313e+01 3.742329999999999757e+01 8.592420000000000613e+00 2.021058000000000021e+01
9.750000000000000000e+03 3.803000000000000114e+01 3.737995000000000090e+01 9.360770000000000479e+00 2.028872000000000142e+01
9.759999999999998181e+03 3.803999999999999915e+01 3.752199000000000240e+01 7.459349999999999703e+00 2.037863000000000113e+01
9.769999999999996362e+03 3.804999999999999716e+01 3.773828999999999922e+01 4.488640000000000185e+00 2.046813999999999822e+01
9.780000000000001819e+03 3.806000000000000227e+01 3.764723000000000042e+01 5.943859999999999921e+00 2.053316999999999837e+01
9.789999999999998181e+03 3.807000000000000028e+01 3.777667999999999893e+01 4.223849999999999660e+00 2.059318000000000026e+01
9.799999999999996362e+03 3.807999999999999829e+01 3.762434999999999974e+01 6.561399999999999899e+00 2.065111999999999881e+01
9.810000000000001819e+03 3.809000000000000341e+01 3.794328000000000145e+01 2.112740000000000062e+00 2.070347999999999900e+01
9.820000000000000000e+03 3.810000000000000142e+01 3.784382000000000090e+01 3.688969999999999860e+00 2.073948000000000036e+01
9.829999999999998181e+03 3.810999999999999943e+01 3.799278999999999940e+01 1.687840000000000007e+00 2.076754000000000033e+01
9.839999999999996362e+03 3.811999999999999744e+01 3.758852000000000260e+01 7.653380000000000294e+00 2.081543999999999883e+01
9.850000000000001819e+03 3.813000000000000256e+01 3.763409000000000049e+01 7.141149999999999665e+00 2.088109000000000037e+01
9.860000000000000000e+03 3.814000000000000057e+01 3.780434000000000339e+01 4.833479999999999777e+00 2.094064999999999799e+01
9.869999999999996362e+03 3.814999999999999858e+01 3.774204999999999899e+01 5.874520000000000408e+00 2.100099000000000160e+01
9.879999999999994543e+03 3.815999999999999659e+01 3.778981000000000279e+01 5.330799999999999983e+00 2.103874000000000066e+01
9.890000000000000000e+03 3.817000000000000171e+01 3.786063999999999652e+01 4.454790000000000028e+00 2.107793000000000205e+01
9.899999999999998181e+03 3.817999999999999972e+01 3.798261000000000109e+01 2.842429999999999790e+00 2.111426000000000158e+01
9.909999999999996362e+03 3.818999999999999773e+01 3.799685999999999808e+01 2.781169999999999920e+00 2.115090000000000003e+01
9.920000000000001819e+03 3.820000000000000284e+01 3.816989000000000232e+01 4.336300000000000154e-01 2.117213999999999885e+01
9.930000000000000000e+03 3.821000000000000085e+01 3.772149999999999892e+01 7.034379999999999633e+00 2.120619999999999905e+01
9.939999999999998181e+03 3.821999999999999886e+01 3.793612000000000251e+01 4.087869999999999671e+00 2.125529000000000224e+01
9.949999999999996362e+03 3.822999999999999687e+01 3.783118000000000336e+01 5.743009999999999948e+00 2.130635000000000190e+01
9.960000000000000000e+03 3.824000000000000199e+01 3.785938000000000159e+01 5.480889999999999596e+00 2.136578000000000088e+01
9.969999999999998181e+03 3.825000000000000000e+01 3.784864999999999924e+01 5.779399999999999871e+00 2.141629000000000005e+01
9.979999999999996362e+03 3.825999999999999801e+01 3.775950999999999880e+01 7.207119999999999749e+00 2.146893000000000029e+01
9.990000000000001819e+03 3.827000000000000313e+01 3.778558999999999912e+01 6.975480000000000125e+00 2.154737000000000080e+01
1.000000000000000000e+04 3.828000000000000114e+01 3.807981000000000193e+01 2.882699999999999818e+00 2.154737000000000080e+01
1.000999999999999818e+04 3.828999999999999915e+01 3.784544000000000352e+01 6.401650000000000063e+00 2.159046000000000021e+01
1.001999999999999636e+04 3.829999999999999716e+01 3.810119999999999862e+01 2.862709999999999866e+00 2.163867000000000118e+01
1.003000000000000182e+04 3.831000000000000227e+01 3.782536999999999949e+01 6.978690000000000282e+00 2.168468000000000018e+01
1.003999999999999818e+04 3.832000000000000028e+01 3.773152000000000328e+01 8.474149999999999849e+00 2.175595000000000212e+01
1.004999999999999636e+04 3.832999999999999829e+01 3.795217999999999847e+01 5.440540000000000376e+00 2.182057999999999964e+01
1.006000000000000182e+04 3.834000000000000341e+01 3.786742999999999881e+01 6.805019999999999847e+00 2.189008000000000109e+01
1.007000000000000000e+04 3.835000000000000142e+01 3.820210000000000150e+01 2.129809999999999981e+00 2.193685999999999936e+01
1.007999999999999818e+04 3.835999999999999943e+01 3.799394000000000204e+01 5.271289999999999587e+00 2.200064000000000064e+01
1.008999999999999636e+04 3.836999999999999744e+01 3.804205000000000325e+01 4.722529999999999895e+00 2.205199999999999960e+01
1.010000000000000182e+04 3.838000000000000256e+01 3.789764000000000266e+01 6.946030000000000371e+00 2.210181000000000040e+01
1.011000000000000000e+04 3.839000000000000057e+01 3.797023000000000081e+01 6.044749999999999623e+00 2.216836999999999946e+01
1.011999999999999636e+04 3.839999999999999858e+01 3.790012999999999721e+01 7.198199999999999932e+00 2.222689000000000092e+01
1.012999999999999454e+04 3.840999999999999659e+01 3.811813999999999680e+01 4.202759999999999607e+00 2.227379000000000175e+01
1.014000000000000000e+04 3.842000000000000171e+01 3.809830000000000183e+01 4.632419999999999760e+00 2.231065000000000254e+01
1.014999999999999818e+04 3.842999999999999972e+01 3.768874999999999886e+01 1.067402000000000051e+01 2.237668000000000035e+01
1.015999999999999636e+04 3.843999999999999773e+01 3.802420999999999651e+01 5.987309999999999910e+00 2.245562999999999931e+01
1.017000000000000182e+04 3.845000000000000284e+01 3.815623000000000076e+01 4.230249999999999844e+00 2.252083999999999975e+01
1.018000000000000000e+04 3.846000000000000085e+01 3.817714999999999748e+01 4.073089999999999655e+00 2.256165999999999983e+01
1.018999999999999818e+04 3.846999999999999886e+01 3.807683999999999713e+01 5.661570000000000213e+00 2.262298000000000187e+01
1.019999999999999636e+04 3.847999999999999687e+01 3.834346000000000032e+01 1.966229999999999922e+00 2.264427000000000234e+01
1.021000000000000000e+04 3.849000000000000199e+01 3.834682000000000102e+01 2.061760000000000037e+00 2.267059000000000069e+01
1.021999999999999818e+04 3.850000000000000000e+01 3.822334000000000032e+01 3.983859999999999957e+00 2.269647000000000148e+01
1.022999999999999636e+04 3.850999999999999801e+01 3.836448000000000036e+01 2.095499999999999918e+00 2.272294000000000125e+01
1.024000000000000182e+04 3.852000000000000313e+01 3.834281000000000006e+01 2.551600000000000090e+00 2.274540000000000006e+01
1.025000000000000000e+04 3.853000000000000114e+01 3.804532999999999987e+01 6.979210000000000136e+00 2.278619000000000128e+01
1.025999999999999818e+04 3.853999999999999915e+01 3.808003999999999678e+01 6.623490000000000322e+00 2.286074999999999946e+01
1.026999999999999636e+04 3.854999999999999716e+01 3.803764000000000323e+01 7.377919999999999590e+00 2.291455000000000197e+01
1.028000000000000182e+04 3.856000000000000227e+01 3.824633999999999645e+01 4.516709999999999781e+00 2.298244000000000042e+01
1.028999999999999818e+04 3.857000000000000028e+01 3.810867999999999967e+01 6.642990000000000173e+00 2.303582000000000107e+01
1.029999999999999636e+04 3.857999999999999829e+01 3.815328999999999837e+01 6.144589999999999996e+00 2.309402000000000044e+01
1.031000000000000182e+04 3.859000000000000341e+01 3.842090999999999923e+01 2.434860000000000024e+00 2.313707000000000136e+01
1.032000000000000000e+04 3.860000000000000142e+01 3.832708000000000226e+01 3.930070000000000174e+00 2.314893999999999963e+01
1.032999999999999818e+04 3.860999999999999943e+01 3.808924999999999983e+01 7.498739999999999739e+00 2.319778000000000162e+01
1.033999999999999636e+04 3.861999999999999744e+01 3.795259999999999678e+01 9.610519999999999285e+00 2.327264000000000266e+01
1.035000000000000182e+04 3.863000000000000256e+01 3.821697999999999951e+01 5.947549999999999670e+00 2.332834000000000074e+01
1.036000000000000000e+04 3.864000000000000057e+01 3.817436000000000007e+01 6.705219999999999736e+00 2.340225000000000222e+01
1.036999999999999636e+04 3.864999999999999858e+01 3.812870000000000203e+01 7.506719999999999615e+00 2.347808000000000206e+01
1.037999999999999454e+04 3.865999999999999659e+01 3.835184000000000282e+01 4.437570000000000014e+00 2.354910999999999888e+01
1.039000000000000000e+04 3.867000000000000171e+01 3.823017999999999716e+01 6.333359999999999879e+00 2.360178000000000154e+01
1.039999999999999818e+04 3.867999999999999972e+01 3.832329000000000008e+01 5.136639999999999873e+00 2.366212000000000160e+01
1.040999999999999636e+04 3.868999999999999773e+01 3.836299999999999955e+01 4.708759999999999835e+00 2.371558000000000277e+01
1.042000000000000182e+04 3.870000000000000284e+01 3.837496000000000151e+01 4.680649999999999977e+00 2.376243000000000194e+01
1.043000000000000000e+04 3.871000000000000085e+01 3.851610999999999763e+01 2.792019999999999946e+00 2.380064000000000135e+01
1.043999999999999818e+04 3.871999999999999886e+01 3.850656000000000034e+01 3.073479999999999990e+00 2.383305999999999969e+01
1.044999999999999636e+04 3.872999999999999687e+01 3.832585000000000264e+01 5.819790000000000241e+00 2.388514999999999944e+01
1.046000000000000000e+04 3.874000000000000199e+01 3.849222000000000321e+01 3.568070000000000075e+00 2.393562000000000012e+01
1.046999999999999818e+04 3.875000000000000000e+01 3.846392999999999773e+01 4.119430000000000369e+00 2.397599999999999909e+01
1.047999999999999636e+04 3.875999999999999801e+01 3.854133999999999816e+01 3.148709999999999898e+00 2.402023000000000152e+01
1.049000000000000182e+04 3.877000000000000313e+01 3.877920999999999907e+01 -1.326499999999999901e-01 2.404079000000000121e+01
1.050000000000000000e+04 3.878000000000000114e+01 3.826219999999999999e+01 7.456339999999999968e+00 2.408483000000000018e+01
1.050999999999999818e+04 3.878999999999999915e+01 3.841577000000000197e+01 5.388869999999999827e+00 2.413437000000000054e+01
1.051999999999999636e+04 3.879999999999999716e+01 3.874347000000000207e+01 8.140100000000000113e-01 2.416413000000000011e+01
1.053000000000000182e+04 3.881000000000000227e+01 3.895409000000000077e+01 -2.074959999999999916e+00 2.415429999999999922e+01
1.053999999999999818e+04 3.882000000000000028e+01 3.875838999999999857e+01 8.872299999999999631e-01 2.415080000000000027e+01
1.054999999999999636e+04 3.882999999999999829e+01 3.894136000000000308e+01 -1.603599999999999914e+00 2.416642000000000223e+01
1.056000000000000182e+04 3.884000000000000341e+01 3.856884999999999764e+01 3.904580000000000162e+00 2.417295999999999978e+01
1.057000000000000000e+04 3.885000000000000142e+01 3.870268000000000086e+01 2.121340000000000003e+00 2.421291000000000082e+01
1.057999999999999818e+04 3.885999999999999943e+01 3.844483999999999924e+01 5.978250000000000064e+00 2.426097999999999999e+01
1.058999999999999636e+04 3.886999999999999744e+01 3.861612999999999829e+01 3.655749999999999833e+00 2.431134000000000128e+01
1.060000000000000182e+04 3.888000000000000256e+01 3.899040999999999713e+01 -1.589909999999999934e+00 2.432620999999999967e+01
1.061000000000000000e+04 3.889000000000000057e+01 3.845541000000000054e+01 6.258079999999999643e+00 2.435374000000000194e+01
1.061999999999999636e+04 3.889999999999999858e+01 3.856893999999999778e+01 4.767290000000000028e+00 2.439535000000000053e+01
1.062999999999999454e+04 3.890999999999999659e+01 3.866604000000000241e+01 3.513009999999999966e+00 2.444368000000000052e+01
1.064000000000000000e+04 3.892000000000000171e+01 3.894044000000000239e+01 -2.943700000000000205e-01 2.445100000000000051e+01
1.064999999999999818e+04 3.892999999999999972e+01 3.889728999999999814e+01 4.709699999999999998e-01 2.445508000000000237e+01
1.065999999999999636e+04 3.893999999999999773e+01 3.864227000000000345e+01 4.287300000000000111e+00 2.448965000000000103e+01
1.067000000000000182e+04 3.895000000000000284e+01 3.859306999999999732e+01 5.139850000000000030e+00 2.453220999999999918e+01
1.068000000000000000e+04 3.896000000000000085e+01 3.867927999999999855e+01 4.042309999999999626e+00 2.456319000000000230e+01
1.068999999999999818e+04 3.896999999999999886e+01 3.863067999999999813e+01 4.886149999999999771e+00 2.460336000000000212e+01
1.069999999999999636e+04 3.897999999999999687e+01 3.829321000000000197e+01 9.889760000000000773e+00 2.467943999999999960e+01
1.071000000000000000e+04 3.899000000000000199e+01 3.842322000000000060e+01 8.161670000000000869e+00 2.476928000000000196e+01
1.071999999999999818e+04 3.900000000000000000e+01 3.847460999999999842e+01 7.565669999999999895e+00 2.484816000000000003e+01
1.072999999999999636e+04 3.900999999999999801e+01 3.830067999999999984e+01 1.021427000000000085e+01 2.494197000000000131e+01
1.074000000000000182e+04 3.902000000000000313e+01 3.866808000000000334e+01 5.067580000000000418e+00 2.501216000000000150e+01
1.075000000000000000e+04 3.903000000000000114e+01 3.860374000000000194e+01 6.138119999999999798e+00 2.504193000000000069e+01
1.075999999999999818e+04 3.903999999999999915e+01 3.883534999999999826e+01 2.947029999999999816e+00 2.509099000000000146e+01
1.076999999999999636e+04 3.904999999999999716e+01 3.898048000000000002e+01 1.001090000000000035e+00 2.510551000000000244e+01
1.078000000000000182e+04 3.906000000000000227e+01 3.902602999999999867e+01 4.891400000000000192e-01 2.509672000000000125e+01
1.078999999999999818e+04 3.907000000000000028e+01 3.867938999999999794e+01 5.624830000000000219e+00 2.513733000000000217e+01
1.079999999999999636e+04 3.907999999999999829e+01 3.876579999999999870e+01 4.524549999999999628e+00 2.518183000000000149e+01
1.081000000000000182e+04 3.909000000000000341e+01 3.886771999999999849e+01 3.200790000000000024e+00 2.521390000000000242e+01
1.082000000000000000e+04 3.910000000000000142e+01 3.892654000000000281e+01 2.497790000000000177e+00 2.526050000000000040e+01
1.082999999999999818e+04 3.910999999999999943e+01 3.901959999999999695e+01 1.301770000000000094e+00 2.527269000000000077e+01
1.083999999999999636e+04 3.911999999999999744e+01 3.909033000000000158e+01 4.272099999999999786e-01 2.529902000000000228e+01
1.085000000000000182e+04 3.913000000000000256e+01 3.906058000000000163e+01 9.995899999999999785e-01 2.531052999999999997e+01
1.086000000000000000e+04 3.914000000000000057e+01 3.897308999999999912e+01 2.403490000000000126e+00 2.534501000000000204e+01
1.086999999999999636e+04 3.914999999999999858e+01 3.904401000000000010e+01 1.526240000000000041e+00 2.536001000000000261e+01
1.087999999999999454e+04 3.915999999999999659e+01 3.900099000000000160e+01 2.289750000000000174e+00 2.539169000000000054e+01
1.089000000000000000e+04 3.917000000000000171e+01 3.831099999999999994e+01 1.236954000000000065e+01 2.546433000000000035e+01
1.089999999999999818e+04 3.917999999999999972e+01 3.840339999999999776e+01 1.118300999999999945e+01 2.558641000000000076e+01
1.090999999999999636e+04 3.918999999999999773e+01 3.859725000000000250e+01 8.535560000000000258e+00 2.569134999999999991e+01
1.092000000000000182e+04 3.920000000000000284e+01 3.860381999999999891e+01 8.584929999999999950e+00 2.575536999999999921e+01
1.093000000000000000e+04 3.921000000000000085e+01 3.882376000000000005e+01 5.561869999999999870e+00 2.582726999999999862e+01
1.093999999999999818e+04 3.921999999999999886e+01 3.877725999999999829e+01 6.375519999999999854e+00 2.590736000000000061e+01
1.094999999999999636e+04 3.922999999999999687e+01 3.903911000000000087e+01 2.748860000000000081e+00 2.595617999999999981e+01
1.096000000000000000e+04 3.924000000000000199e+01 3.916082000000000107e+01 1.140149999999999997e+00 2.598828999999999922e+01
1.096999999999999818e+04 3.925000000000000000e+01 3.901232999999999862e+01 3.422480000000000189e+00 2.601220999999999961e+01
1.097999999999999636e+04 3.925999999999999801e+01 3.912131999999999721e+01 1.997020000000000017e+00 2.604581999999999908e+01
1.099000000000000182e+04 3.927000000000000313e+01 3.894830999999999932e+01 4.632380000000000386e+00 2.607641999999999882e+01
1.100000000000000000e+04 3.928000000000000114e+01 3.879010000000000247e+01 7.054610000000000269e+00 2.607641999999999882e+01
1.100999999999999818e+04 3.928999999999999915e+01 3.878050999999999959e+01 7.336610000000000298e+00 2.614661999999999864e+01
1.101999999999999636e+04 3.929999999999999716e+01 3.903269999999999840e+01 3.849120000000000097e+00 2.620931999999999817e+01
1.103000000000000000e+04 3.931000000000000227e+01 3.912366000000000099e+01 2.683260000000000201e+00 2.627110000000000056e+01
1.103999999999999818e+04 3.932000000000000028e+01 3.930955000000000155e+01 1.505199999999999871e-01 2.628449999999999775e+01
1.104999999999999636e+04 3.932999999999999829e+01 3.913354999999999961e+01 2.828930000000000167e+00 2.629572999999999894e+01
1.106000000000000182e+04 3.934000000000000341e+01 3.911827000000000254e+01 3.192979999999999929e+00 2.632873999999999981e+01
1.107000000000000000e+04 3.935000000000000142e+01 3.910978999999999672e+01 3.459020000000000206e+00 2.635766999999999882e+01
1.107999999999999818e+04 3.935999999999999943e+01 3.912803999999999860e+01 3.340289999999999981e+00 2.639434999999999931e+01
1.108999999999999636e+04 3.936999999999999744e+01 3.911209000000000202e+01 3.713919999999999888e+00 2.645412999999999926e+01
1.110000000000000182e+04 3.938000000000000256e+01 3.914574999999999960e+01 3.373139999999999805e+00 2.648667999999999978e+01
1.111000000000000000e+04 3.939000000000000057e+01 3.887575999999999965e+01 7.405070000000000263e+00 2.653112999999999744e+01
1.111999999999999636e+04 3.939999999999999858e+01 3.906844000000000250e+01 4.774420000000000108e+00 2.658455999999999975e+01
1.112999999999999454e+04 3.940999999999999659e+01 3.904153000000000162e+01 5.305970000000000297e+00 2.663788999999999874e+01
1.114000000000000000e+04 3.942000000000000171e+01 3.917506999999999806e+01 3.527010000000000201e+00 2.668196000000000012e+01
1.114999999999999818e+04 3.942999999999999972e+01 3.934111999999999654e+01 1.279809999999999892e+00 2.672147000000000006e+01
1.115999999999999636e+04 3.943999999999999773e+01 3.905836999999999648e+01 5.495420000000000194e+00 2.676508999999999716e+01
1.117000000000000182e+04 3.945000000000000284e+01 3.917506999999999806e+01 3.958950000000000191e+00 2.681434999999999746e+01
1.118000000000000000e+04 3.946000000000000085e+01 3.897601999999999833e+01 6.969269999999999854e+00 2.685670000000000002e+01
1.118999999999999818e+04 3.946999999999999886e+01 3.942087000000000074e+01 7.074300000000000033e-01 2.689970999999999890e+01
1.119999999999999636e+04 3.947999999999999687e+01 3.922903000000000162e+01 3.613900000000000112e+00 2.692248000000000019e+01
1.121000000000000000e+04 3.949000000000000199e+01 3.903600000000000136e+01 6.537650000000000183e+00 2.697075999999999851e+01
1.121999999999999818e+04 3.950000000000000000e+01 3.908643000000000001e+01 5.955460000000000420e+00 2.703161000000000058e+01
1.122999999999999636e+04 3.950999999999999801e+01 3.906345999999999918e+01 6.430189999999999628e+00 2.709309999999999974e+01
1.124000000000000182e+04 3.952000000000000313e+01 3.930143000000000342e+01 3.147470000000000212e+00 2.714032999999999873e+01
1.125000000000000000e+04 3.953000000000000114e+01 3.934248999999999796e+01 2.700120000000000076e+00 2.716608999999999696e+01
1.125999999999999818e+04 3.953999999999999915e+01 3.904811999999999728e+01 7.083070000000000199e+00 2.723414000000000001e+01
1.126999999999999636e+04 3.954999999999999716e+01 3.888262999999999892e+01 9.610079999999999956e+00 2.732686999999999955e+01
1.128000000000000000e+04 3.956000000000000227e+01 3.900070000000000192e+01 8.053910000000000124e+00 2.741442999999999941e+01
1.128999999999999818e+04 3.957000000000000028e+01 3.895360999999999763e+01 8.876039999999999708e+00 2.751543999999999812e+01
1.129999999999999636e+04 3.957999999999999829e+01 3.920016999999999996e+01 5.469619999999999926e+00 2.759417999999999793e+01
1.131000000000000182e+04 3.959000000000000341e+01 3.886048999999999864e+01 1.050488000000000000e+01 2.766182999999999836e+01
1.132000000000000000e+04 3.960000000000000142e+01 3.900625000000000142e+01 8.550069999999999837e+00 2.774992999999999910e+01
1.132999999999999818e+04 3.960999999999999943e+01 3.904135000000000133e+01 8.188610000000000610e+00 2.785461999999999705e+01
1.133999999999999636e+04 3.961999999999999744e+01 3.910519000000000034e+01 7.413249999999999673e+00 2.792619999999999791e+01
1.135000000000000182e+04 3.963000000000000256e+01 3.897238999999999720e+01 9.469599999999999795e+00 2.801347999999999772e+01
1.136000000000000000e+04 3.964000000000000057e+01 3.943448000000000064e+01 2.959480000000000111e+00 2.806643000000000043e+01
1.136999999999999636e+04 3.964999999999999858e+01 3.937246999999999986e+01 3.996370000000000200e+00 2.809431999999999974e+01
1.137999999999999454e+04 3.965999999999999659e+01 3.954307000000000016e+01 1.683810000000000029e+00 2.812201999999999913e+01
1.139000000000000000e+04 3.967000000000000171e+01 3.963219000000000136e+01 5.444299999999999695e-01 2.813824999999999932e+01
1.139999999999999818e+04 3.967999999999999972e+01 3.923333999999999833e+01 6.431849999999999845e+00 2.814986000000000033e+01
1.140999999999999636e+04 3.968999999999999773e+01 3.973510000000000275e+01 -6.494100000000000428e-01 2.817832999999999899e+01
1.142000000000000182e+04 3.970000000000000284e+01 3.957442999999999955e+01 1.808249999999999913e+00 2.818610999999999933e+01
1.143000000000000000e+04 3.971000000000000085e+01 3.942101999999999862e+01 4.161360000000000170e+00 2.821924999999999883e+01
1.143999999999999818e+04 3.971999999999999886e+01 3.947323000000000093e+01 3.553539999999999921e+00 2.827875999999999834e+01
1.144999999999999636e+04 3.972999999999999687e+01 3.964361000000000246e+01 1.244029999999999969e+00 2.830872999999999706e+01
1.146000000000000000e+04 3.974000000000000199e+01 3.935981999999999914e+01 5.474619999999999820e+00 2.833634999999999948e+01
1.146999999999999818e+04 3.975000000000000000e+01 3.935537000000000063e+01 5.682599999999999874e+00 2.839982999999999791e+01
1.147999999999999636e+04 3.975999999999999801e+01 3.936231000000000080e+01 5.726720000000000255e+00 2.845844999999999914e+01
1.149000000000000182e+04 3.977000000000000313e+01 3.967090000000000316e+01 1.427040000000000086e+00 2.850705999999999918e+01
1.150000000000000000e+04 3.978000000000000114e+01 4.013248000000000104e+01 -5.075660000000000061e+00 2.849664999999999893e+01
1.150999999999999818e+04 3.978999999999999915e+01 3.978410999999999831e+01 8.480000000000000038e-02 2.847181999999999746e+01
1.151999999999999636e+04 3.979999999999999716e+01 3.955557999999999907e+01 3.519629999999999814e+00 2.849493000000000009e+01
1.153000000000000000e+04 3.981000000000000227e+01 3.986583999999999861e+01 -8.040800000000000169e-01 2.850591000000000008e+01
1.153999999999999818e+04 3.982000000000000028e+01 3.956750000000000256e+01 3.636029999999999873e+00 2.850574999999999903e+01
1.154999999999999636e+04 3.982999999999999829e+01 3.953723999999999705e+01 4.215670000000000250e+00 2.853034999999999854e+01
1.156000000000000182e+04 3.984000000000000341e+01 3.975869000000000142e+01 1.170819999999999972e+00 2.856183000000000050e+01
1.157000000000000000e+04 3.985000000000000142e+01 3.983659000000000106e+01 1.930999999999999939e-01 2.855965999999999738e+01
1.157999999999999818e+04 3.985999999999999943e+01 3.996240000000000236e+01 -1.474569999999999936e+00 2.856875999999999749e+01
1.158999999999999636e+04 3.986999999999999744e+01 3.968045000000000044e+01 2.729499999999999815e+00 2.858470999999999762e+01
1.160000000000000182e+04 3.988000000000000256e+01 3.980259000000000214e+01 1.114710000000000090e+00 2.860770999999999731e+01
1.161000000000000000e+04 3.989000000000000057e+01 3.974307999999999907e+01 2.115580000000000016e+00 2.862699999999999889e+01
1.161999999999999636e+04 3.989999999999999858e+01 3.951599000000000217e+01 5.529779999999999696e+00 2.866804999999999737e+01
1.162999999999999454e+04 3.990999999999999659e+01 3.955467000000000155e+01 5.116710000000000313e+00 2.871984999999999744e+01
1.164000000000000000e+04 3.992000000000000171e+01 3.935302999999999685e+01 8.164339999999999264e+00 2.878434000000000026e+01
1.164999999999999818e+04 3.992999999999999972e+01 3.949797000000000224e+01 6.221300000000000274e+00 2.885382999999999853e+01
1.165999999999999636e+04 3.993999999999999773e+01 3.949817999999999785e+01 6.362219999999999764e+00 2.890254999999999797e+01
1.167000000000000182e+04 3.995000000000000284e+01 3.942857999999999663e+01 7.508440000000000225e+00 2.899093999999999838e+01
1.168000000000000000e+04 3.996000000000000085e+01 3.937013999999999925e+01 8.494009999999999394e+00 2.905876999999999910e+01
1.168999999999999818e+04 3.996999999999999886e+01 3.937279999999999802e+01 8.599719999999999587e+00 2.915090000000000003e+01
1.169999999999999636e+04 3.997999999999999687e+01 3.986449000000000353e+01 1.663329999999999975e+00 2.921146999999999849e+01
1.171000000000000000e+04 3.999000000000000199e+01 3.963613999999999749e+01 5.095509999999999984e+00 2.924931999999999732e+01
1.171999999999999818e+04 4.000000000000000000e+01 3.991949000000000325e+01 1.159340000000000037e+00 2.926370999999999967e+01
1.172999999999999636e+04 4.000999999999999801e+01 3.983950999999999709e+01 2.454990000000000006e+00 2.926829000000000036e+01
1.174000000000000182e+04 4.002000000000000313e+01 4.001370000000000005e+01 9.070000000000000284e-02 2.930486999999999753e+01
1.175000000000000000e+04 4.003000000000000114e+01 3.970562999999999931e+01 4.670930000000000248e+00 2.933795999999999893e+01
1.175999999999999818e+04 4.003999999999999915e+01 3.991550000000000153e+01 1.792729999999999935e+00 2.937612000000000023e+01
1.176999999999999636e+04 4.004999999999999716e+01 3.987187999999999732e+01 2.564880000000000049e+00 2.941067999999999927e+01
1.178000000000000000e+04 4.006000000000000227e+01 3.983032000000000039e+01 3.307449999999999779e+00 2.944332999999999956e+01
1.178999999999999818e+04 4.007000000000000028e+01 3.980391000000000190e+01 3.831620000000000026e+00 2.948537999999999926e+01
1.179999999999999636e+04 4.007999999999999829e+01 3.968963000000000108e+01 5.621389999999999887e+00 2.950264999999999915e+01
1.181000000000000182e+04 4.009000000000000341e+01 3.983901000000000181e+01 3.614199999999999857e+00 2.953632999999999953e+01
1.182000000000000000e+04 4.010000000000000142e+01 3.987789000000000073e+01 3.198360000000000092e+00 2.956228999999999729e+01
1.182999999999999818e+04 4.010999999999999943e+01 3.981078000000000117e+01 4.308720000000000105e+00 2.959635999999999711e+01
1.183999999999999636e+04 4.011999999999999744e+01 4.008174000000000348e+01 5.508699999999999708e-01 2.962270999999999788e+01
1.185000000000000182e+04 4.013000000000000256e+01 3.986263000000000289e+01 3.850150000000000183e+00 2.964927999999999741e+01
1.186000000000000000e+04 4.014000000000000057e+01 4.000500999999999863e+01 1.943799999999999972e+00 2.965831000000000017e+01
1.186999999999999636e+04 4.014999999999999858e+01 3.981698000000000093e+01 4.795449999999999768e+00 2.970613999999999777e+01
1.187999999999999454e+04 4.015999999999999659e+01 3.982840999999999809e+01 4.774890000000000079e+00 2.974692999999999898e+01
1.189000000000000000e+04 4.017000000000000171e+01 4.016705999999999932e+01 4.227000000000000202e-02 2.976464999999999961e+01
1.189999999999999818e+04 4.017999999999999972e+01 4.020615000000000094e+01 -3.765899999999999803e-01 2.976442999999999728e+01
1.190999999999999636e+04 4.018999999999999773e+01 4.016998999999999853e+01 2.881400000000000072e-01 2.978517999999999688e+01
1.192000000000000182e+04 4.020000000000000284e+01 4.035123000000000104e+01 -2.177760000000000140e+00 2.976100999999999885e+01
1.193000000000000000e+04 4.021000000000000085e+01 4.021005000000000251e+01 -7.299999999999999632e-04 2.974615000000000009e+01
1.193999999999999818e+04 4.021999999999999886e+01 3.998400000000000176e+01 3.398350000000000204e+00 2.976131999999999778e+01
1.194999999999999636e+04 4.022999999999999687e+01 3.997899999999999920e+01 3.614370000000000083e+00 2.979282999999999859e+01
1.196000000000000000e+04 4.024000000000000199e+01 4.008872999999999820e+01 2.178350000000000009e+00 2.983420999999999879e+01
1.196999999999999818e+04 4.025000000000000000e+01 3.993298999999999666e+01 4.564980000000000260e+00 2.986531999999999698e+01
1.197999999999999636e+04 4.025999999999999801e+01 3.985300000000000153e+01 5.860850000000000115e+00 2.991908999999999708e+01
1.199000000000000182e+04 4.027000000000000313e+01 3.966738999999999749e+01 8.677630000000000621e+00 2.999588999999999928e+01
1.200000000000000000e+04 4.028000000000000114e+01 3.982148000000000110e+01 6.602689999999999948e+00 2.999588999999999928e+01
1.200999999999999818e+04 4.028999999999999915e+01 3.974591999999999814e+01 7.834749999999999659e+00 3.005424999999999969e+01
1.201999999999999636e+04 4.029999999999999716e+01 3.985007000000000232e+01 6.479020000000000223e+00 3.012105999999999995e+01
1.203000000000000000e+04 4.031000000000000227e+01 3.980048000000000030e+01 7.337089999999999890e+00 3.017884000000000100e+01
1.203999999999999818e+04 4.032000000000000028e+01 3.981783000000000072e+01 7.231189999999999785e+00 3.023637000000000086e+01
1.204999999999999636e+04 4.032999999999999829e+01 4.008093000000000217e+01 3.586640000000000050e+00 3.029928999999999917e+01
1.206000000000000182e+04 4.034000000000000341e+01 3.993417000000000172e+01 5.844009999999999927e+00 3.036156000000000077e+01
1.207000000000000000e+04 4.035000000000000142e+01 3.982180000000000319e+01 7.606110000000000149e+00 3.043023999999999774e+01
1.207999999999999818e+04 4.035999999999999943e+01 3.998239999999999839e+01 5.437409999999999854e+00 3.048210999999999871e+01
1.208999999999999636e+04 4.036999999999999744e+01 3.970736999999999739e+01 9.541930000000000689e+00 3.055194999999999794e+01
1.210000000000000182e+04 4.038000000000000256e+01 3.991058000000000305e+01 6.759680000000000355e+00 3.061621999999999844e+01
1.211000000000000000e+04 4.039000000000000057e+01 3.988730999999999938e+01 7.238760000000000083e+00 3.067487999999999815e+01
1.211999999999999636e+04 4.039999999999999858e+01 3.979614000000000118e+01 8.695650000000000546e+00 3.076326999999999856e+01
1.212999999999999454e+04 4.040999999999999659e+01 3.995541999999999661e+01 6.545899999999999608e+00 3.083370999999999995e+01
1.214000000000000000e+04 4.042000000000000171e+01 4.002942000000000178e+01 5.624410000000000132e+00 3.087792999999999921e+01
1.214999999999999818e+04 4.042999999999999972e+01 3.979648999999999859e+01 9.122479999999999478e+00 3.093975000000000009e+01
1.215999999999999636e+04 4.043999999999999773e+01 3.990391999999999939e+01 7.719540000000000290e+00 3.101339000000000112e+01
1.217000000000000182e+04 4.045000000000000284e+01 4.029328000000000287e+01 2.256829999999999892e+00 3.104495999999999967e+01
1.218000000000000000e+04 4.046000000000000085e+01 3.990080999999999989e+01 8.052279999999999660e+00 3.109472999999999843e+01
1.218999999999999818e+04 4.046999999999999886e+01 4.013826999999999856e+01 4.776950000000000252e+00 3.115442999999999785e+01
1.219999999999999636e+04 4.047999999999999687e+01 4.017922000000000082e+01 4.331199999999999939e+00 3.120803000000000083e+01
1.221000000000000000e+04 4.049000000000000199e+01 4.008026000000000266e+01 5.900269999999999904e+00 3.125470999999999933e+01
1.221999999999999818e+04 4.050000000000000000e+01 4.009467999999999677e+01 5.836669999999999803e+00 3.130161999999999978e+01
1.222999999999999636e+04 4.050999999999999801e+01 4.006499999999999773e+01 6.408019999999999605e+00 3.136871999999999971e+01
1.224000000000000182e+04 4.052000000000000313e+01 4.041680999999999813e+01 1.485880000000000090e+00 3.140935999999999950e+01
1.225000000000000000e+04 4.053000000000000114e+01 4.029258999999999702e+01 3.418639999999999901e+00 3.142079999999999984e+01
1.225999999999999818e+04 4.053999999999999915e+01 4.038183000000000078e+01 2.277690000000000214e+00 3.143835999999999942e+01
1.226999999999999636e+04 4.054999999999999716e+01 4.046273999999999660e+01 1.256520000000000081e+00 3.145515999999999934e+01
1.228000000000000000e+04 4.056000000000000227e+01 4.031616999999999962e+01 3.511099999999999888e+00 3.150677999999999912e+01
1.228999999999999818e+04 4.057000000000000028e+01 4.049508000000000152e+01 1.078819999999999890e+00 3.153209999999999980e+01
1.229999999999999636e+04 4.057999999999999829e+01 4.018327000000000027e+01 5.712839999999999918e+00 3.156136000000000053e+01
1.231000000000000182e+04 4.059000000000000341e+01 3.985748000000000246e+01 1.054823999999999984e+01 3.164275999999999911e+01
1.232000000000000000e+04 4.060000000000000142e+01 4.012574000000000041e+01 6.829360000000000319e+00 3.172269000000000005e+01
1.232999999999999818e+04 4.060999999999999943e+01 4.029648999999999859e+01 4.514540000000000219e+00 3.178586999999999918e+01
1.233999999999999636e+04 4.061999999999999744e+01 4.020145000000000124e+01 6.027110000000000412e+00 3.184984000000000037e+01
1.235000000000000182e+04 4.063000000000000256e+01 4.024423999999999779e+01 5.554960000000000342e+00 3.190283999999999764e+01
1.236000000000000000e+04 4.064000000000000057e+01 4.057421000000000078e+01 9.474399999999999489e-01 3.195139999999999958e+01
1.236999999999999636e+04 4.064999999999999858e+01 4.014114000000000004e+01 7.327539999999999942e+00 3.201438000000000272e+01
1.237999999999999454e+04 4.065999999999999659e+01 4.002779000000000309e+01 9.103849999999999554e+00 3.209244999999999948e+01
1.239000000000000000e+04 4.067000000000000171e+01 4.020839999999999748e+01 6.647090000000000387e+00 3.215046000000000248e+01
1.239999999999999818e+04 4.067999999999999972e+01 4.006759999999999877e+01 8.818590000000000373e+00 3.222426000000000101e+01
1.240999999999999636e+04 4.068999999999999773e+01 4.035770000000000124e+01 4.785099999999999909e+00 3.229249000000000080e+01
1.242000000000000182e+04 4.070000000000000284e+01 4.001431999999999789e+01 9.873789999999999623e+00 3.237597999999999843e+01
1.243000000000000000e+04 4.071000000000000085e+01 4.027848999999999791e+01 6.213779999999999859e+00 3.247330999999999790e+01
1.243999999999999818e+04 4.071999999999999886e+01 4.034167999999999665e+01 5.447860000000000369e+00 3.251970999999999634e+01
1.244999999999999636e+04 4.072999999999999687e+01 4.055655000000000143e+01 2.497749999999999915e+00 3.256696999999999775e+01
1.246000000000000000e+04 4.074000000000000199e+01 4.044290999999999769e+01 4.278159999999999741e+00 3.260636000000000223e+01
1.246999999999999818e+04 4.075000000000000000e+01 4.019312000000000040e+01 8.019040000000000390e+00 3.268050999999999817e+01
1.247999999999999636e+04 4.075999999999999801e+01 4.049401999999999902e+01 3.830039999999999889e+00 3.273854000000000042e+01
1.249000000000000182e+04 4.077000000000000313e+01 4.060204000000000235e+01 2.418579999999999952e+00 3.276623000000000019e+01
1.250000000000000000e+04 4.078000000000000114e+01 4.039717000000000269e+01 5.512690000000000090e+00 3.281662999999999641e+01
1.250999999999999818e+04 4.078999999999999915e+01 4.050213999999999714e+01 4.145170000000000243e+00 3.286104999999999876e+01
1.251999999999999636e+04 4.079999999999999716e+01 4.057739000000000118e+01 3.205589999999999939e+00 3.290487000000000251e+01
1.253000000000000000e+04 4.081000000000000227e+01 4.063591999999999871e+01 2.506759999999999877e+00 3.292759999999999820e+01
1.253999999999999818e+04 4.082000000000000028e+01 4.052955000000000041e+01 4.182540000000000369e+00 3.296604999999999563e+01
1.254999999999999636e+04 4.082999999999999829e+01 4.047055999999999898e+01 5.175900000000000389e+00 3.303255999999999659e+01
1.256000000000000182e+04 4.084000000000000341e+01 4.059026999999999674e+01 3.596119999999999983e+00 3.306342999999999677e+01
1.257000000000000000e+04 4.085000000000000142e+01 4.091705000000000325e+01 -9.655799999999999939e-01 3.307965999999999696e+01
1.257999999999999818e+04 4.085999999999999943e+01 4.074627999999999872e+01 1.637529999999999930e+00 3.308236000000000132e+01
1.258999999999999636e+04 4.086999999999999744e+01 4.065319999999999823e+01 3.121919999999999806e+00 3.312142999999999660e+01
1.260000000000000182e+04 4.088000000000000256e+01 4.090265999999999735e+01 -3.262900000000000245e-01 3.314282000000000039e+01
1.261000000000000000e+04 4.089000000000000057e+01 4.068963000000000108e+01 2.885279999999999845e+00 3.315171999999999741e+01
1.261999999999999636e+04 4.089999999999999858e+01 4.058659000000000106e+01 4.513090000000000046e+00 3.319353999999999871e+01
1.262999999999999454e+04 4.090999999999999659e+01 4.030624000000000251e+01 8.694179999999999353e+00 3.327445999999999771e+01
1.264000000000000000e+04 4.092000000000000171e+01 4.021992000000000189e+01 1.008117000000000019e+01 3.336777000000000015e+01
1.264999999999999818e+04 4.092999999999999972e+01 4.026469999999999771e+01 9.580320000000000391e+00 3.345642000000000138e+01
1.265999999999999636e+04 4.093999999999999773e+01 4.038783000000000101e+01 7.951229999999999798e+00 3.352665999999999968e+01
1.267000000000000182e+04 4.095000000000000284e+01 4.063036000000000314e+01 4.602800000000000225e+00 3.358041000000000054e+01
1.268000000000000000e+04 4.096000000000000085e+01 4.072140999999999877e+01 3.435630000000000184e+00 3.361993999999999971e+01
1.268999999999999818e+04 4.096999999999999886e+01 4.073111000000000104e+01 3.439999999999999947e+00 3.365742000000000189e+01
1.269999999999999636e+04 4.097999999999999687e+01 4.068057000000000301e+01 4.311790000000000234e+00 3.367851999999999890e+01
1.271000000000000000e+04 4.099000000000000199e+01 4.052470999999999890e+01 6.700239999999999974e+00 3.372590999999999894e+01
1.271999999999999818e+04 4.100000000000000000e+01 4.074414999999999765e+01 3.684180000000000010e+00 3.378267999999999915e+01
1.272999999999999636e+04 4.100999999999999801e+01 4.059035000000000082e+01 6.042959999999999887e+00 3.383142999999999745e+01
1.274000000000000182e+04 4.102000000000000313e+01 4.053719000000000250e+01 6.952519999999999811e+00 3.389000999999999664e+01
1.275000000000000000e+04 4.103000000000000114e+01 4.048743000000000336e+01 7.813039999999999985e+00 3.395037999999999556e+01
1.275999999999999818e+04 4.103999999999999915e+01 4.061251000000000033e+01 6.155879999999999797e+00 3.402541999999999689e+01
1.276999999999999636e+04 4.104999999999999716e+01 4.057676000000000016e+01 6.814610000000000056e+00 3.409759999999999991e+01
1.278000000000000000e+04 4.106000000000000227e+01 4.063546999999999798e+01 6.113269999999999982e+00 3.417933999999999628e+01
1.278999999999999818e+04 4.107000000000000028e+01 4.074206999999999823e+01 4.722190000000000332e+00 3.423380000000000223e+01
1.279999999999999636e+04 4.107999999999999829e+01 4.068211000000000155e+01 5.729569999999999830e+00 3.427371000000000123e+01
1.281000000000000182e+04 4.109000000000000341e+01 4.093661000000000172e+01 2.208839999999999915e+00 3.431304000000000087e+01
1.282000000000000000e+04 4.110000000000000142e+01 4.097836000000000212e+01 1.751670000000000060e+00 3.432809999999999917e+01
1.282999999999999818e+04 4.110999999999999943e+01 4.094431999999999761e+01 2.385769999999999946e+00 3.434440999999999633e+01
1.283999999999999636e+04 4.111999999999999744e+01 4.106080999999999648e+01 8.523500000000000520e-01 3.434788999999999959e+01
1.285000000000000182e+04 4.113000000000000256e+01 4.100442999999999927e+01 1.808210000000000095e+00 3.436041999999999774e+01
1.286000000000000000e+04 4.114000000000000057e+01 4.139106999999999914e+01 -3.615349999999999842e+00 3.435705000000000098e+01
1.286999999999999636e+04 4.114999999999999858e+01 4.111570999999999998e+01 4.937099999999999822e-01 3.437359000000000009e+01
1.287999999999999454e+04 4.115999999999999659e+01 4.081085000000000207e+01 5.027779999999999916e+00 3.439999000000000251e+01
1.289000000000000000e+04 4.117000000000000171e+01 4.070960999999999785e+01 6.629649999999999821e+00 3.445497000000000298e+01
1.289999999999999818e+04 4.117999999999999972e+01 4.072912000000000177e+01 6.492709999999999759e+00 3.451865999999999701e+01
1.290999999999999636e+04 4.118999999999999773e+01 4.078535000000000110e+01 5.826920000000000321e+00 3.458798000000000172e+01
1.292000000000000182e+04 4.120000000000000284e+01 4.099553000000000225e+01 2.944430000000000103e+00 3.463448999999999955e+01
1.293000000000000000e+04 4.121000000000000085e+01 4.076872000000000185e+01 6.354460000000000441e+00 3.470738000000000056e+01
1.293999999999999818e+04 4.121999999999999886e+01 4.098286999999999836e+01 3.414670000000000094e+00 3.475610999999999962e+01
1.294999999999999636e+04 4.122999999999999687e+01 4.094487000000000165e+01 4.105839999999999712e+00 3.479167999999999950e+01
1.296000000000000000e+04 4.124000000000000199e+01 4.111496000000000350e+01 1.800640000000000018e+00 3.479308999999999941e+01
1.296999999999999818e+04 4.125000000000000000e+01 4.103265999999999991e+01 3.129719999999999835e+00 3.481955999999999563e+01
1.297999999999999636e+04 4.125999999999999801e+01 4.108952000000000027e+01 2.454849999999999977e+00 3.484364000000000061e+01
1.299000000000000182e+04 4.127000000000000313e+01 4.104175999999999647e+01 3.286610000000000031e+00 3.488006000000000029e+01
1.300000000000000000e+04 4.128000000000000114e+01 4.105915000000000248e+01 3.180180000000000007e+00 3.488006000000000029e+01
1.300999999999999818e+04 4.128999999999999915e+01 4.110273000000000110e+01 2.696730000000000071e+00 3.492148000000000252e+01
1.301999999999999636e+04 4.129999999999999716e+01 4.088537999999999784e+01 5.970589999999999620e+00 3.497910999999999859e+01
1.303000000000000000e+04 4.131000000000000227e+01 4.092193999999999932e+01 5.588079999999999714e+00 3.504420999999999964e+01
1.303999999999999818e+04 4.132000000000000028e+01 4.112498999999999683e+01 2.808199999999999807e+00 3.509940000000000282e+01
1.304999999999999636e+04 4.132999999999999829e+01 4.085387999999999664e+01 6.856169999999999654e+00 3.514547000000000310e+01
1.306000000000000182e+04 4.134000000000000341e+01 4.101565999999999690e+01 4.670460000000000278e+00 3.519561999999999813e+01
1.307000000000000000e+04 4.135000000000000142e+01 4.099067999999999756e+01 5.174190000000000289e+00 3.525439000000000078e+01
1.307999999999999818e+04 4.135999999999999943e+01 4.112637000000000143e+01 3.364339999999999886e+00 3.529310999999999865e+01
1.308999999999999636e+04 4.136999999999999744e+01 4.121459000000000117e+01 2.237890000000000157e+00 3.531307999999999936e+01
1.310000000000000182e+04 4.138000000000000256e+01 4.133142999999999745e+01 6.994799999999999907e-01 3.533151999999999759e+01
1.311000000000000000e+04 4.139000000000000057e+01 4.141588000000000136e+01 -3.726599999999999913e-01 3.532587999999999795e+01
1.311999999999999636e+04 4.139999999999999858e+01 4.133805000000000263e+01 8.920799999999999841e-01 3.534107999999999805e+01
1.312999999999999454e+04 4.140999999999999659e+01 4.135569000000000273e+01 7.820500000000000229e-01 3.535054000000000229e+01
1.314000000000000000e+04 4.142000000000000171e+01 4.135370000000000346e+01 9.546799999999999731e-01 3.535954999999999870e+01
1.314999999999999818e+04 4.142999999999999972e+01 4.132916000000000167e+01 1.452150000000000052e+00 3.536697999999999809e+01
1.315999999999999636e+04 4.143999999999999773e+01 4.132621999999999929e+01 1.638379999999999947e+00 3.538177999999999912e+01
1.317000000000000182e+04 4.145000000000000284e+01 4.105695000000000050e+01 5.659900000000000375e+00 3.541931000000000296e+01
1.318000000000000000e+04 4.146000000000000085e+01 4.184671999999999770e+01 -5.568699999999999761e+00 3.542023999999999972e+01
1.318999999999999818e+04 4.146999999999999886e+01 4.161008000000000351e+01 -2.017170000000000130e+00 3.538067000000000206e+01
1.319999999999999636e+04 4.147999999999999687e+01 4.155581000000000103e+01 -1.091690000000000049e+00 3.537828999999999979e+01
1.321000000000000000e+04 4.149000000000000199e+01 4.131562000000000268e+01 2.511050000000000004e+00 3.539480000000000359e+01
1.321999999999999818e+04 4.150000000000000000e+01 4.154646000000000328e+01 -6.689500000000000446e-01 3.539614999999999867e+01
1.322999999999999636e+04 4.150999999999999801e+01 4.165447000000000344e+01 -2.080400000000000027e+00 3.537668000000000035e+01
1.324000000000000182e+04 4.152000000000000313e+01 4.141675999999999647e+01 1.486639999999999961e+00 3.538013000000000119e+01
1.325000000000000000e+04 4.153000000000000114e+01 4.159700999999999738e+01 -9.649699999999999944e-01 3.540328000000000230e+01
1.325999999999999818e+04 4.153999999999999915e+01 4.152935000000000088e+01 1.533400000000000041e-01 3.540384000000000242e+01
1.326999999999999636e+04 4.154999999999999716e+01 4.138542999999999950e+01 2.369829999999999881e+00 3.541199000000000296e+01
1.328000000000000000e+04 4.156000000000000227e+01 4.169823999999999842e+01 -1.990620000000000056e+00 3.539996000000000009e+01
1.328999999999999818e+04 4.157000000000000028e+01 4.172191999999999723e+01 -2.187679999999999847e+00 3.539273000000000025e+01
1.329999999999999636e+04 4.157999999999999829e+01 4.154692000000000007e+01 4.763899999999999801e-01 3.540153999999999712e+01
1.331000000000000182e+04 4.159000000000000341e+01 4.144465000000000288e+01 2.093059999999999921e+00 3.542146999999999935e+01
1.332000000000000000e+04 4.160000000000000142e+01 4.144494000000000256e+01 2.232819999999999805e+00 3.543914000000000186e+01
1.332999999999999818e+04 4.160999999999999943e+01 4.172131999999999863e+01 -1.603040000000000020e+00 3.543871000000000038e+01
1.333999999999999636e+04 4.161999999999999744e+01 4.172438999999999965e+01 -1.503249999999999975e+00 3.546171999999999969e+01
1.335000000000000182e+04 4.163000000000000256e+01 4.120889999999999986e+01 6.063880000000000159e+00 3.550572000000000372e+01
1.336000000000000000e+04 4.164000000000000057e+01 4.158259999999999934e+01 8.265599999999999614e-01 3.555427000000000248e+01
1.336999999999999636e+04 4.164999999999999858e+01 4.157070999999999827e+01 1.141699999999999937e+00 3.555134000000000327e+01
1.337999999999999454e+04 4.165999999999999659e+01 4.167595000000000027e+01 -2.296600000000000030e-01 3.556416000000000111e+01
1.339000000000000000e+04 4.167000000000000171e+01 4.199786999999999892e+01 -4.721300000000000274e+00 3.555131000000000085e+01
1.339999999999999818e+04 4.167999999999999972e+01 4.179037999999999897e+01 -1.589429999999999898e+00 3.551530999999999949e+01
1.340999999999999636e+04 4.168999999999999773e+01 4.187720000000000198e+01 -2.695669999999999789e+00 3.548313000000000272e+01
1.342000000000000182e+04 4.170000000000000284e+01 4.176780000000000115e+01 -9.762499999999999512e-01 3.546806999999999732e+01
1.343000000000000000e+04 4.171000000000000085e+01 4.168072000000000088e+01 4.215700000000000003e-01 3.546943000000000268e+01
1.343999999999999818e+04 4.171999999999999886e+01 4.172068999999999761e+01 -9.889999999999999486e-03 3.544688000000000017e+01
1.344999999999999636e+04 4.172999999999999687e+01 4.165122999999999820e+01 1.134300000000000086e+00 3.544026000000000209e+01
1.346000000000000000e+04 4.174000000000000199e+01 4.161092000000000013e+01 1.858800000000000008e+00 3.546249000000000251e+01
1.346999999999999818e+04 4.175000000000000000e+01 4.126955000000000240e+01 6.918499999999999872e+00 3.552277000000000129e+01
1.347999999999999636e+04 4.175999999999999801e+01 4.132451999999999970e+01 6.270929999999999893e+00 3.558661000000000030e+01
1.349000000000000182e+04 4.177000000000000313e+01 4.149342000000000041e+01 3.982779999999999987e+00 3.561619999999999919e+01
1.350000000000000000e+04 4.178000000000000114e+01 4.177183999999999742e+01 1.174999999999999933e-01 3.562066000000000088e+01
1.350999999999999818e+04 4.178999999999999915e+01 4.165046999999999855e+01 2.009230000000000071e+00 3.561701000000000050e+01
1.351999999999999636e+04 4.179999999999999716e+01 4.153533999999999793e+01 3.811160000000000103e+00 3.563763999999999754e+01
1.353000000000000000e+04 4.181000000000000227e+01 4.165854000000000212e+01 2.180969999999999853e+00 3.567761000000000138e+01
1.353999999999999818e+04 4.182000000000000028e+01 4.173711000000000126e+01 1.193619999999999903e+00 3.571341999999999928e+01
1.354999999999999636e+04 4.182999999999999829e+01 4.163405000000000200e+01 2.821709999999999940e+00 3.572249000000000052e+01
1.356000000000000182e+04 4.184000000000000341e+01 4.184615999999999758e+01 -8.863999999999999657e-02 3.573476000000000141e+01
1.357000000000000000e+04 4.185000000000000142e+01 4.175296000000000163e+01 1.397370000000000001e+00 3.573319000000000045e+01
1.357999999999999818e+04 4.185999999999999943e+01 4.161829999999999785e+01 3.480430000000000135e+00 3.576093999999999795e+01
1.358999999999999636e+04 4.186999999999999744e+01 4.147896999999999679e+01 5.630810000000000315e+00 3.581913000000000125e+01
1.360000000000000182e+04 4.188000000000000256e+01 4.170691999999999666e+01 2.492410000000000014e+00 3.585640000000000072e+01
1.361000000000000000e+04 4.189000000000000057e+01 4.188676999999999850e+01 4.655999999999999722e-02 3.588940999999999804e+01
1.361999999999999636e+04 4.189999999999999858e+01 4.178103000000000122e+01 1.713130000000000042e+00 3.590765000000000384e+01
1.362999999999999454e+04 4.190999999999999659e+01 4.188512000000000057e+01 3.582500000000000129e-01 3.592732999999999777e+01
1.364000000000000000e+04 4.192000000000000171e+01 4.189777999999999736e+01 3.200299999999999812e-01 3.593166999999999689e+01
1.364999999999999818e+04 4.192999999999999972e+01 4.178325999999999851e+01 2.113080000000000069e+00 3.594498000000000104e+01
1.365999999999999636e+04 4.193999999999999773e+01 4.195011999999999830e+01 -1.457900000000000029e-01 3.596077999999999975e+01
1.367000000000000182e+04 4.195000000000000284e+01 4.188391000000000020e+01 9.517299999999999649e-01 3.595656999999999925e+01
1.368000000000000000e+04 4.196000000000000085e+01 4.201953999999999922e+01 -8.574000000000000510e-01 3.596470999999999663e+01
1.368999999999999818e+04 4.196999999999999886e+01 4.196697000000000344e+01 4.365000000000000130e-02 3.595349000000000217e+01
1.369999999999999454e+04 4.197999999999999687e+01 4.196211999999999875e+01 2.574299999999999922e-01 3.595420000000000016e+01
1.371000000000000000e+04 4.199000000000000199e+01 4.195078999999999780e+01 5.646600000000000508e-01 3.596894999999999953e+01
1.371999999999999818e+04 4.200000000000000000e+01 4.216241000000000128e+01 -2.338690000000000158e+00 3.596108999999999867e+01
1.372999999999999636e+04 4.200999999999999801e+01 4.205302999999999969e+01 -6.196399999999999686e-01 3.592770000000000152e+01
1.374000000000000182e+04 4.202000000000000313e+01 4.186068000000000211e+01 2.294259999999999966e+00 3.594377000000000066e+01
1.375000000000000000e+04 4.203000000000000114e+01 4.191304999999999836e+01 1.684059999999999890e+00 3.596705000000000041e+01
1.375999999999999818e+04 4.203999999999999915e+01 4.198084999999999667e+01 8.517200000000000326e-01 3.596847000000000349e+01
1.376999999999999636e+04 4.204999999999999716e+01 4.222090000000000032e+01 -2.460949999999999971e+00 3.596047999999999689e+01
1.378000000000000000e+04 4.206000000000000227e+01 4.227694999999999936e+01 -3.124019999999999797e+00 3.593462999999999852e+01
1.378999999999999818e+04 4.207000000000000028e+01 4.217670999999999992e+01 -1.536589999999999900e+00 3.590574000000000154e+01
1.379999999999999636e+04 4.207999999999999829e+01 4.188201999999999714e+01 2.850870000000000015e+00 3.591333999999999804e+01
1.381000000000000182e+04 4.209000000000000341e+01 4.205201999999999884e+01 5.468499999999999472e-01 3.593504000000000076e+01
1.382000000000000000e+04 4.210000000000000142e+01 4.233062999999999931e+01 -3.321009999999999796e+00 3.592864000000000146e+01
1.382999999999999818e+04 4.210999999999999943e+01 4.215227000000000146e+01 -6.086500000000000243e-01 3.592157999999999873e+01
1.383999999999999636e+04 4.211999999999999744e+01 4.216230999999999796e+01 -6.093100000000000183e-01 3.591694999999999993e+01
1.385000000000000182e+04 4.213000000000000256e+01 4.212162000000000006e+01 1.206799999999999956e-01 3.592752000000000123e+01
1.386000000000000000e+04 4.214000000000000057e+01 4.181958999999999804e+01 4.613830000000000098e+00 3.593137999999999721e+01
1.386999999999999636e+04 4.214999999999999858e+01 4.192240999999999929e+01 3.277369999999999894e+00 3.595450999999999908e+01
1.387999999999999454e+04 4.215999999999999659e+01 4.198897999999999797e+01 2.462699999999999889e+00 3.597274000000000171e+01
1.389000000000000000e+04 4.217000000000000171e+01 4.184863000000000000e+01 4.627779999999999561e+00 3.601180999999999699e+01
1.389999999999999818e+04 4.217999999999999972e+01 4.154657999999999873e+01 9.121209999999999596e+00 3.608162000000000091e+01
1.390999999999999636e+04 4.218999999999999773e+01 4.224898999999999916e+01 -8.494699999999999473e-01 3.613092999999999932e+01
1.392000000000000182e+04 4.220000000000000284e+01 4.215151000000000181e+01 6.982099999999999973e-01 3.613913000000000153e+01
1.393000000000000000e+04 4.221000000000000085e+01 4.171987000000000023e+01 7.057909999999999684e+00 3.617468999999999824e+01
1.393999999999999818e+04 4.221999999999999886e+01 4.174056000000000211e+01 6.903900000000000148e+00 3.622196999999999889e+01
1.394999999999999454e+04 4.222999999999999687e+01 4.196985000000000099e+01 3.746150000000000091e+00 3.625533000000000072e+01
1.396000000000000000e+04 4.224000000000000199e+01 4.185251999999999839e+01 5.579720000000000013e+00 3.629867000000000132e+01
1.396999999999999818e+04 4.225000000000000000e+01 4.197061000000000064e+01 4.023179999999999978e+00 3.635036999999999807e+01
1.397999999999999636e+04 4.225999999999999801e+01 4.208106000000000080e+01 2.576750000000000096e+00 3.637678999999999974e+01
1.399000000000000182e+04 4.227000000000000313e+01 4.219621000000000066e+01 1.062540000000000040e+00 3.640630000000000166e+01
1.400000000000000000e+04 4.228000000000000114e+01 4.218451999999999913e+01 1.374910000000000077e+00 3.640630000000000166e+01
1.400999999999999818e+04 4.228999999999999915e+01 4.201028000000000162e+01 4.027980000000000338e+00 3.641893999999999920e+01
1.401999999999999636e+04 4.229999999999999716e+01 4.202400999999999698e+01 3.974260000000000126e+00 3.647115000000000151e+01
1.403000000000000000e+04 4.231000000000000227e+01 4.207285999999999859e+01 3.414779999999999927e+00 3.651474999999999937e+01
1.403999999999999818e+04 4.232000000000000028e+01 4.207717000000000240e+01 3.496739999999999959e+00 3.656135000000000446e+01
1.404999999999999636e+04 4.232999999999999829e+01 4.197879999999999967e+01 5.057240000000000180e+00 3.659965000000000401e+01
1.406000000000000182e+04 4.234000000000000341e+01 4.192558999999999969e+01 5.967450000000000365e+00 3.663602000000000203e+01
1.407000000000000000e+04 4.235000000000000142e+01 4.205304000000000286e+01 4.276169999999999582e+00 3.667098000000000013e+01
1.407999999999999818e+04 4.235999999999999943e+01 4.239573000000000036e+01 -5.145100000000000229e-01 3.668765000000000498e+01
1.408999999999999636e+04 4.236999999999999744e+01 4.220157999999999987e+01 2.425269999999999815e+00 3.672232000000000340e+01
1.410000000000000182e+04 4.238000000000000256e+01 4.208259999999999934e+01 4.282619999999999649e+00 3.675722999999999985e+01
1.411000000000000000e+04 4.239000000000000057e+01 4.201243999999999801e+01 5.436899999999999622e+00 3.678681000000000267e+01
1.411999999999999636e+04 4.239999999999999858e+01 4.224618000000000251e+01 2.215059999999999807e+00 3.682918000000000092e+01
1.412999999999999454e+04 4.240999999999999659e+01 4.233626999999999896e+01 1.061700000000000088e+00 3.685616000000000270e+01
1.414000000000000000e+04 4.242000000000000171e+01 4.242365999999999815e+01 -5.272999999999999909e-02 3.685518000000000427e+01
1.414999999999999818e+04 4.242999999999999972e+01 4.250977999999999923e+01 -1.148819999999999952e+00 3.686576000000000164e+01
1.415999999999999636e+04 4.243999999999999773e+01 4.249466000000000321e+01 -7.871599999999999708e-01 3.685173000000000343e+01
1.417000000000000182e+04 4.245000000000000284e+01 4.237449000000000154e+01 1.087329999999999908e+00 3.686630999999999858e+01
1.418000000000000000e+04 4.246000000000000085e+01 4.237697000000000003e+01 1.195699999999999985e+00 3.686834999999999951e+01
1.418999999999999818e+04 4.246999999999999886e+01 4.217524000000000228e+01 4.244519999999999627e+00 3.690216999999999814e+01
1.419999999999999454e+04 4.247999999999999687e+01 4.227371000000000123e+01 2.970509999999999984e+00 3.693410000000000082e+01
1.421000000000000000e+04 4.249000000000000199e+01 4.234608999999999668e+01 2.072270000000000056e+00 3.695967000000000269e+01
1.421999999999999818e+04 4.250000000000000000e+01 4.203714000000000084e+01 6.665119999999999933e+00 3.700144999999999840e+01
1.422999999999999636e+04 4.250999999999999801e+01 4.230330000000000013e+01 2.976459999999999884e+00 3.704941000000000173e+01
1.424000000000000182e+04 4.252000000000000313e+01 4.228486999999999796e+01 3.385860000000000092e+00 3.707735000000000269e+01
1.425000000000000000e+04 4.253000000000000114e+01 4.224334999999999951e+01 4.127710000000000434e+00 3.709942000000000206e+01
1.425999999999999818e+04 4.253999999999999915e+01 4.226265999999999678e+01 3.993689999999999962e+00 3.712803000000000253e+01
1.426999999999999636e+04 4.254999999999999716e+01 4.211758999999999986e+01 6.226700000000000124e+00 3.718169000000000324e+01
1.428000000000000000e+04 4.256000000000000227e+01 4.216239000000000203e+01 5.725579999999999892e+00 3.724862000000000251e+01
1.428999999999999818e+04 4.257000000000000028e+01 4.233802000000000021e+01 3.340539999999999843e+00 3.730593999999999966e+01
1.429999999999999636e+04 4.257999999999999829e+01 4.239939999999999998e+01 2.600579999999999892e+00 3.734318999999999988e+01
1.431000000000000182e+04 4.259000000000000341e+01 4.264513999999999783e+01 -7.940700000000000536e-01 3.735804999999999865e+01
1.432000000000000000e+04 4.260000000000000142e+01 4.280924000000000262e+01 -3.013030000000000097e+00 3.733581000000000216e+01
1.432999999999999818e+04 4.260999999999999943e+01 4.258923999999999666e+01 2.989999999999999880e-01 3.732862000000000080e+01
1.433999999999999636e+04 4.261999999999999744e+01 4.230223999999999762e+01 4.575820000000000221e+00 3.736296000000000106e+01
1.435000000000000182e+04 4.263000000000000256e+01 4.214650000000000318e+01 6.962399999999999700e+00 3.742117000000000360e+01
1.436000000000000000e+04 4.264000000000000057e+01 4.234187000000000012e+01 4.293079999999999785e+00 3.749356000000000222e+01
1.436999999999999636e+04 4.264999999999999858e+01 4.233628000000000213e+01 4.517610000000000348e+00 3.753793999999999897e+01
1.437999999999999454e+04 4.265999999999999659e+01 4.208223000000000269e+01 8.319879999999999498e+00 3.761585000000000178e+01
1.439000000000000000e+04 4.267000000000000171e+01 4.226995000000000147e+01 5.760749999999999815e+00 3.769365000000000521e+01
1.439999999999999818e+04 4.267999999999999972e+01 4.244650000000000034e+01 3.362429999999999808e+00 3.773958999999999975e+01
1.440999999999999636e+04 4.268999999999999773e+01 4.247666999999999859e+01 3.072010000000000129e+00 3.775048999999999921e+01
1.442000000000000182e+04 4.270000000000000284e+01 4.207390000000000185e+01 9.015879999999999228e+00 3.781407000000000096e+01
1.443000000000000000e+04 4.271000000000000085e+01 4.212145999999999901e+01 8.474970000000000780e+00 3.791069000000000244e+01
1.443999999999999818e+04 4.271999999999999886e+01 4.226863999999999777e+01 6.499509999999999899e+00 3.798722000000000065e+01
1.444999999999999454e+04 4.272999999999999687e+01 4.236616000000000071e+01 5.239239999999999675e+00 3.803152000000000044e+01
1.446000000000000000e+04 4.274000000000000199e+01 4.267343999999999937e+01 9.584799999999999986e-01 3.806873999999999825e+01
1.446999999999999818e+04 4.275000000000000000e+01 4.249385000000000190e+01 3.688559999999999839e+00 3.811207000000000278e+01
1.447999999999999636e+04 4.275999999999999801e+01 4.264827999999999975e+01 1.608719999999999928e+00 3.814365000000000094e+01
1.449000000000000182e+04 4.277000000000000313e+01 4.279905000000000115e+01 -4.183499999999999996e-01 3.814498000000000388e+01
1.450000000000000000e+04 4.278000000000000114e+01 4.250099999999999767e+01 4.017610000000000348e+00 3.815849000000000046e+01
1.450999999999999818e+04 4.278999999999999915e+01 4.250999999999999801e+01 4.031990000000000407e+00 3.820289000000000357e+01
1.451999999999999636e+04 4.279999999999999716e+01 4.247167000000000314e+01 4.727949999999999875e+00 3.824098000000000042e+01
1.453000000000000000e+04 4.281000000000000227e+01 4.250990999999999786e+01 4.321259999999999657e+00 3.827893999999999863e+01
1.453999999999999818e+04 4.282000000000000028e+01 4.242891000000000190e+01 5.631619999999999848e+00 3.833189000000000135e+01
1.454999999999999636e+04 4.282999999999999829e+01 4.252118000000000109e+01 4.447020000000000195e+00 3.836816000000000315e+01
1.456000000000000182e+04 4.284000000000000341e+01 4.278343999999999880e+01 8.144599999999999618e-01 3.840192000000000405e+01
1.457000000000000000e+04 4.285000000000000142e+01 4.248593999999999937e+01 5.242510000000000225e+00 3.843324000000000495e+01
1.457999999999999818e+04 4.285999999999999943e+01 4.290353000000000350e+01 -6.269000000000000128e-01 3.846300000000000097e+01
1.458999999999999636e+04 4.286999999999999744e+01 4.289254999999999995e+01 -3.246700000000000141e-01 3.847601000000000226e+01
1.460000000000000182e+04 4.288000000000000256e+01 4.296094000000000079e+01 -1.165489999999999915e+00 3.849183000000000021e+01
1.461000000000000000e+04 4.289000000000000057e+01 4.277985000000000326e+01 1.586130000000000040e+00 3.849032000000000409e+01
1.461999999999999636e+04 4.289999999999999858e+01 4.282578000000000173e+01 1.068799999999999972e+00 3.850601000000000340e+01
1.462999999999999454e+04 4.290999999999999659e+01 4.275200999999999851e+01 2.275110000000000188e+00 3.852627000000000379e+01
1.464000000000000000e+04 4.292000000000000171e+01 4.263027000000000299e+01 4.172109999999999985e+00 3.854876000000000147e+01
1.464999999999999818e+04 4.292999999999999972e+01 4.284756000000000142e+01 1.187170000000000059e+00 3.858707000000000420e+01
1.465999999999999636e+04 4.293999999999999773e+01 4.243836000000000297e+01 7.223650000000000126e+00 3.861768000000000001e+01
1.467000000000000182e+04 4.295000000000000284e+01 4.258570999999999884e+01 5.245790000000000397e+00 3.866573999999999955e+01
1.468000000000000000e+04 4.296000000000000085e+01 4.274083000000000254e+01 3.156080000000000219e+00 3.870195000000000363e+01
1.468999999999999818e+04 4.296999999999999886e+01 4.293876000000000204e+01 4.498800000000000021e-01 3.873007000000000488e+01
1.469999999999999454e+04 4.297999999999999687e+01 4.286113000000000284e+01 1.711710000000000065e+00 3.872869000000000028e+01
1.471000000000000000e+04 4.299000000000000199e+01 4.261628999999999934e+01 5.381490000000000329e+00 3.878016000000000219e+01
1.471999999999999818e+04 4.300000000000000000e+01 4.234024000000000143e+01 9.500540000000000873e+00 3.885090999999999894e+01
1.472999999999999636e+04 4.300999999999999801e+01 4.271345000000000169e+01 4.270319999999999894e+00 3.892278999999999911e+01
1.474000000000000182e+04 4.302000000000000313e+01 4.307025000000000148e+01 -7.235399999999999610e-01 3.893961000000000183e+01
1.475000000000000000e+04 4.303000000000000114e+01 4.284656999999999982e+01 2.641410000000000036e+00 3.894665000000000532e+01
1.475999999999999818e+04 4.303999999999999915e+01 4.288004000000000104e+01 2.303469999999999906e+00 3.897053000000000367e+01
1.476999999999999636e+04 4.304999999999999716e+01 4.293491000000000213e+01 1.657310000000000061e+00 3.898581000000000074e+01
1.478000000000000000e+04 4.306000000000000227e+01 4.279583999999999833e+01 3.803869999999999862e+00 3.901615000000000322e+01
1.478999999999999818e+04 4.307000000000000028e+01 4.263781000000000176e+01 6.223539999999999850e+00 3.906287000000000376e+01
1.479999999999999636e+04 4.307999999999999829e+01 4.257298999999999722e+01 7.300970000000000404e+00 3.911718000000000472e+01
1.481000000000000182e+04 4.309000000000000341e+01 4.257715000000000316e+01 7.385010000000000296e+00 3.919794999999999874e+01
1.482000000000000000e+04 4.310000000000000142e+01 4.278302000000000049e+01 4.564540000000000042e+00 3.925749000000000422e+01
1.482999999999999818e+04 4.310999999999999943e+01 4.288653999999999655e+01 3.217760000000000176e+00 3.930949000000000382e+01
1.483999999999999636e+04 4.311999999999999744e+01 4.293907999999999703e+01 2.605269999999999975e+00 3.935392000000000223e+01
1.485000000000000182e+04 4.313000000000000256e+01 4.292354999999999876e+01 2.972840000000000149e+00 3.937586999999999904e+01
1.486000000000000000e+04 4.314000000000000057e+01 4.284456999999999738e+01 4.254129999999999967e+00 3.940364000000000289e+01
1.486999999999999636e+04 4.314999999999999858e+01 4.277559000000000111e+01 5.391569999999999752e+00 3.944639000000000095e+01
1.487999999999999454e+04 4.315999999999999659e+01 4.280127999999999844e+01 5.165499999999999758e+00 3.950427000000000533e+01
1.489000000000000000e+04 4.317000000000000171e+01 4.286547000000000196e+01 4.385239999999999583e+00 3.955859999999999843e+01
1.489999999999999818e+04 4.317999999999999972e+01 4.250672000000000139e+01 9.695169999999999177e+00 3.964258000000000237e+01
1.490999999999999636e+04 4.318999999999999773e+01 4.276821999999999946e+01 6.073579999999999757e+00 3.972570000000000334e+01
1.492000000000000182e+04 4.320000000000000284e+01 4.295009000000000299e+01 3.598689999999999944e+00 3.975847999999999871e+01
1.493000000000000000e+04 4.321000000000000085e+01 4.306812000000000040e+01 2.043070000000000164e+00 3.979655999999999949e+01
1.493999999999999818e+04 4.321999999999999886e+01 4.326830999999999960e+01 -6.956900000000000306e-01 3.979552999999999940e+01
1.494999999999999454e+04 4.322999999999999687e+01 4.322341999999999729e+01 9.470000000000000639e-02 3.977902999999999878e+01
1.496000000000000000e+04 4.324000000000000199e+01 4.313588000000000022e+01 1.499309999999999921e+00 3.978593000000000046e+01
1.496999999999999818e+04 4.325000000000000000e+01 4.283816000000000201e+01 5.930539999999999701e+00 3.982816000000000400e+01
1.497999999999999636e+04 4.325999999999999801e+01 4.310914999999999964e+01 2.172250000000000014e+00 3.987781000000000375e+01
1.499000000000000182e+04 4.327000000000000313e+01 4.316140999999999650e+01 1.563669999999999893e+00 3.990277000000000385e+01
1.500000000000000000e+04 4.328000000000000114e+01 4.308270999999999873e+01 2.841050000000000075e+00 3.990277000000000385e+01
1.500999999999999818e+04 4.328999999999999915e+01 4.295374999999999943e+01 4.842060000000000031e+00 3.994617000000000218e+01
1.501999999999999636e+04 4.329999999999999716e+01 4.275384999999999991e+01 7.864620000000000388e+00 3.999667000000000172e+01
1.503000000000000000e+04 4.331000000000000227e+01 4.303623000000000332e+01 3.942260000000000097e+00 4.006643000000000399e+01
1.503999999999999818e+04 4.332000000000000028e+01 4.319040999999999997e+01 1.866109999999999935e+00 4.010070000000000334e+01
1.504999999999999636e+04 4.332999999999999829e+01 4.309358999999999895e+01 3.404300000000000104e+00 4.014038000000000039e+01
1.506000000000000182e+04 4.334000000000000341e+01 4.309599000000000046e+01 3.513749999999999929e+00 4.018290000000000362e+01
1.507000000000000000e+04 4.335000000000000142e+01 4.291852000000000089e+01 6.213330000000000020e+00 4.020784000000000447e+01
1.507999999999999818e+04 4.335999999999999943e+01 4.302703000000000344e+01 4.794780000000000264e+00 4.028256000000000370e+01
1.508999999999999636e+04 4.336999999999999744e+01 4.326586000000000354e+01 1.499670000000000059e+00 4.032494000000000511e+01
1.510000000000000182e+04 4.338000000000000256e+01 4.310567000000000348e+01 3.950340000000000185e+00 4.034426000000000556e+01
1.511000000000000000e+04 4.339000000000000057e+01 4.327785000000000082e+01 1.614910000000000068e+00 4.038818000000000552e+01
1.511999999999999636e+04 4.339999999999999858e+01 4.316266000000000247e+01 3.417749999999999844e+00 4.042615000000000691e+01
1.512999999999999454e+04 4.340999999999999659e+01 4.341362000000000165e+01 -5.220000000000000334e-02 4.044696000000000424e+01
1.514000000000000000e+04 4.342000000000000171e+01 4.327185000000000059e+01 2.133430000000000160e+00 4.046724000000000387e+01
1.514999999999999818e+04 4.342999999999999972e+01 4.339386999999999972e+01 5.202400000000000357e-01 4.050159000000000731e+01
1.515999999999999636e+04 4.343999999999999773e+01 4.334369999999999834e+01 1.386679999999999913e+00 4.051849000000000700e+01
1.517000000000000182e+04 4.345000000000000284e+01 4.321423000000000059e+01 3.395039999999999836e+00 4.053969000000000733e+01
1.518000000000000000e+04 4.346000000000000085e+01 4.313732000000000255e+01 4.646550000000000402e+00 4.058743000000000478e+01
1.518999999999999818e+04 4.346999999999999886e+01 4.306244000000000227e+01 5.868859999999999744e+00 4.062899000000000171e+01
1.519999999999999454e+04 4.347999999999999687e+01 4.329948999999999870e+01 2.599400000000000155e+00 4.065294000000000096e+01
1.521000000000000000e+04 4.349000000000000199e+01 4.330863999999999692e+01 2.611650000000000027e+00 4.068272000000000332e+01
1.521999999999999818e+04 4.350000000000000000e+01 4.317502999999999957e+01 4.679549999999999876e+00 4.073293000000000319e+01
1.522999999999999636e+04 4.350999999999999801e+01 4.298017000000000110e+01 7.629529999999999923e+00 4.078367000000000075e+01
1.524000000000000182e+04 4.352000000000000313e+01 4.323255000000000337e+01 4.139310000000000045e+00 4.082980000000000587e+01
1.525000000000000000e+04 4.353000000000000114e+01 4.332585999999999871e+01 2.939550000000000107e+00 4.085552000000000561e+01
1.525999999999999818e+04 4.353999999999999915e+01 4.356880999999999915e+01 -4.148899999999999810e-01 4.087604000000000326e+01
1.526999999999999636e+04 4.354999999999999716e+01 4.318332000000000193e+01 5.280149999999999899e+00 4.089706000000000330e+01
1.528000000000000000e+04 4.356000000000000227e+01 4.325534999999999997e+01 4.386899999999999800e+00 4.095941000000000543e+01
1.528999999999999818e+04 4.357000000000000028e+01 4.333324000000000353e+01 3.409320000000000128e+00 4.098916000000000537e+01
1.529999999999999636e+04 4.357999999999999829e+01 4.357401000000000124e+01 8.630000000000000171e-02 4.100424000000000291e+01
1.531000000000000182e+04 4.359000000000000341e+01 4.331734999999999758e+01 3.926149999999999807e+00 4.101472000000000406e+01
1.532000000000000000e+04 4.360000000000000142e+01 4.349638999999999811e+01 1.491999999999999993e+00 4.104135000000000133e+01
1.532999999999999818e+04 4.360999999999999943e+01 4.346880000000000166e+01 2.033240000000000158e+00 4.106439000000000306e+01
1.533999999999999636e+04 4.361999999999999744e+01 4.354657000000000266e+01 1.057339999999999947e+00 4.108789000000000158e+01
1.535000000000000182e+04 4.363000000000000256e+01 4.354153999999999769e+01 1.273800000000000043e+00 4.111303000000000196e+01
1.536000000000000000e+04 4.364000000000000057e+01 4.363452999999999804e+01 7.875000000000000056e-02 4.112083000000000510e+01
1.536999999999999636e+04 4.364999999999999858e+01 4.355541999999999803e+01 1.361930000000000085e+00 4.113047000000000253e+01
1.537999999999999454e+04 4.365999999999999659e+01 4.345631999999999806e+01 2.932939999999999880e+00 4.113236000000000558e+01
1.539000000000000000e+04 4.367000000000000171e+01 4.360996000000000095e+01 8.645699999999999497e-01 4.113311000000000206e+01
1.539999999999999818e+04 4.367999999999999972e+01 4.372700999999999993e+01 -6.770000000000000462e-01 4.113780000000000570e+01
1.540999999999999636e+04 4.368999999999999773e+01 4.341378999999999877e+01 3.977370000000000072e+00 4.115495000000000658e+01
1.542000000000000182e+04 4.370000000000000284e+01 4.344250999999999863e+01 3.707860000000000156e+00 4.120416000000000167e+01
1.543000000000000000e+04 4.371000000000000085e+01 4.336795000000000044e+01 4.925530000000000186e+00 4.124522000000000332e+01
1.543999999999999818e+04 4.371999999999999886e+01 4.343090999999999724e+01 4.162950000000000372e+00 4.129520000000000124e+01
1.544999999999999454e+04 4.372999999999999687e+01 4.355138000000000176e+01 2.572099999999999831e+00 4.131748000000000332e+01
1.546000000000000000e+04 4.374000000000000199e+01 4.371285999999999916e+01 3.908499999999999752e-01 4.133106000000000080e+01
1.546999999999999818e+04 4.375000000000000000e+01 4.369136999999999915e+01 8.442499999999999449e-01 4.136489000000000260e+01
1.547999999999999636e+04 4.375999999999999801e+01 4.371658000000000044e+01 6.252600000000000380e-01 4.137369000000000341e+01
1.549000000000000182e+04 4.377000000000000313e+01 4.322041000000000111e+01 7.914060000000000095e+00 4.141162000000000631e+01
1.550000000000000000e+04 4.378000000000000114e+01 4.341579000000000121e+01 5.244650000000000034e+00 4.147507000000000232e+01
1.550999999999999818e+04 4.378999999999999915e+01 4.341458000000000084e+01 5.405990000000000073e+00 4.155323000000000633e+01
1.551999999999999636e+04 4.379999999999999716e+01 4.340805000000000291e+01 5.644050000000000011e+00 4.159483000000000175e+01
1.553000000000000000e+04 4.381000000000000227e+01 4.352955000000000041e+01 4.038420000000000343e+00 4.163771000000000555e+01
1.553999999999999818e+04 4.382000000000000028e+01 4.336189000000000249e+01 6.596820000000000128e+00 4.169297000000000253e+01
1.554999999999999636e+04 4.382999999999999829e+01 4.368303999999999832e+01 2.116210000000000147e+00 4.174721000000000259e+01
1.556000000000000182e+04 4.384000000000000341e+01 4.334132000000000318e+01 7.181060000000000443e+00 4.180814000000000163e+01
1.557000000000000000e+04 4.385000000000000142e+01 4.348666999999999661e+01 5.231930000000000192e+00 4.187845000000000084e+01
1.557999999999999818e+04 4.385999999999999943e+01 4.347373999999999938e+01 5.562140000000000306e+00 4.192746000000000350e+01
1.558999999999999636e+04 4.386999999999999744e+01 4.333353000000000321e+01 7.725109999999999921e+00 4.199255000000000138e+01
1.560000000000000182e+04 4.388000000000000256e+01 4.356137999999999977e+01 4.588119999999999976e+00 4.204290000000000305e+01
1.561000000000000000e+04 4.389000000000000057e+01 4.344599999999999795e+01 6.393659999999999677e+00 4.209976000000000340e+01
1.561999999999999636e+04 4.389999999999999858e+01 4.361240000000000094e+01 4.141379999999999839e+00 4.215328000000000230e+01
1.562999999999999454e+04 4.390999999999999659e+01 4.362209000000000003e+01 4.145959999999999646e+00 4.219654000000000593e+01
1.564000000000000000e+04 4.392000000000000171e+01 4.360144999999999982e+01 4.587119999999999642e+00 4.224669000000000096e+01
1.564999999999999818e+04 4.392999999999999972e+01 4.358023000000000025e+01 5.036730000000000373e+00 4.231535000000000224e+01
1.565999999999999636e+04 4.393999999999999773e+01 4.331094999999999828e+01 9.058389999999999276e+00 4.239573000000000036e+01
1.567000000000000182e+04 4.395000000000000284e+01 4.383594000000000079e+01 1.642490000000000006e+00 4.244111000000000189e+01
1.568000000000000000e+04 4.396000000000000085e+01 4.359555000000000291e+01 5.248109999999999609e+00 4.245653000000000077e+01
1.568999999999999818e+04 4.396999999999999886e+01 4.369715999999999667e+01 3.928920000000000190e+00 4.249515000000000242e+01
1.569999999999999454e+04 4.397999999999999687e+01 4.384566000000000230e+01 1.934569999999999901e+00 4.253139000000000181e+01
1.571000000000000000e+04 4.399000000000000199e+01 4.387514000000000181e+01 1.654039999999999955e+00 4.254442000000000235e+01
1.571999999999999818e+04 4.400000000000000000e+01 4.386390000000000100e+01 1.959840000000000027e+00 4.257419000000000153e+01
1.572999999999999636e+04 4.400999999999999801e+01 4.366149999999999665e+01 5.018390000000000128e+00 4.260314000000000334e+01
1.574000000000000182e+04 4.402000000000000313e+01 4.365223000000000297e+01 5.295849999999999724e+00 4.265397000000000105e+01
1.575000000000000000e+04 4.403000000000000114e+01 4.383921000000000134e+01 2.747320000000000206e+00 4.268822000000000116e+01
1.575999999999999818e+04 4.403999999999999915e+01 4.365071999999999974e+01 5.605570000000000164e+00 4.272628000000000270e+01
1.576999999999999636e+04 4.404999999999999716e+01 4.352230999999999739e+01 7.598720000000000141e+00 4.278773000000000337e+01
1.578000000000000000e+04 4.406000000000000227e+01 4.358503000000000327e+01 6.839529999999999887e+00 4.285450000000000159e+01
1.578999999999999818e+04 4.407000000000000028e+01 4.362769000000000119e+01 6.369290000000000340e+00 4.291143000000000285e+01
1.579999999999999636e+04 4.407999999999999829e+01 4.411325999999999681e+01 -4.789300000000000224e-01 4.294649000000000427e+01
1.581000000000000182e+04 4.409000000000000341e+01 4.360240000000000293e+01 7.021499999999999631e+00 4.293384000000000356e+01
1.582000000000000000e+04 4.410000000000000142e+01 4.382216999999999985e+01 4.000799999999999912e+00 4.298265000000000668e+01
1.582999999999999818e+04 4.410999999999999943e+01 4.382817000000000007e+01 4.058329999999999771e+00 4.303612000000000393e+01
1.583999999999999636e+04 4.411999999999999744e+01 4.376903000000000077e+01 5.053989999999999760e+00 4.306410000000000338e+01
1.585000000000000182e+04 4.413000000000000256e+01 4.362250000000000227e+01 7.308069999999999844e+00 4.310546000000000078e+01
1.586000000000000000e+04 4.414000000000000057e+01 4.391087000000000273e+01 3.299529999999999852e+00 4.315972000000000719e+01
1.586999999999999636e+04 4.414999999999999858e+01 4.407844000000000051e+01 1.030410000000000048e+00 4.317459000000000202e+01
1.587999999999999454e+04 4.415999999999999659e+01 4.414650999999999925e+01 1.942500000000000060e-01 4.320305000000000462e+01
1.589000000000000000e+04 4.417000000000000171e+01 4.427103999999999928e+01 -1.454990000000000006e+00 4.319769000000000148e+01
1.589999999999999818e+04 4.417999999999999972e+01 4.429014999999999702e+01 -1.586219999999999963e+00 4.319607000000000596e+01
1.590999999999999636e+04 4.418999999999999773e+01 4.424918999999999869e+01 -8.523500000000000520e-01 4.318519000000000574e+01
1.592000000000000182e+04 4.420000000000000284e+01 4.386545000000000272e+01 4.817470000000000141e+00 4.320210000000000150e+01
1.593000000000000000e+04 4.421000000000000085e+01 4.419946000000000197e+01 1.517199999999999938e-01 4.324895000000000067e+01
1.593999999999999818e+04 4.421999999999999886e+01 4.421229999999999905e+01 1.108200000000000018e-01 4.325671000000000532e+01
1.594999999999999454e+04 4.422999999999999687e+01 4.401890999999999821e+01 3.039649999999999963e+00 4.327295000000000158e+01
1.596000000000000000e+04 4.424000000000000199e+01 4.382122999999999990e+01 6.030300000000000438e+00 4.331860000000000355e+01
1.596999999999999818e+04 4.425000000000000000e+01 4.383449999999999847e+01 5.983209999999999695e+00 4.336911000000000627e+01
1.597999999999999636e+04 4.425999999999999801e+01 4.415578000000000003e+01 1.500750000000000028e+00 4.338927000000000334e+01
1.599000000000000182e+04 4.427000000000000313e+01 4.405689999999999884e+01 3.068599999999999994e+00 4.341066000000000713e+01
1.600000000000000000e+04 4.428000000000000114e+01 4.435114000000000090e+01 -1.024440000000000017e+00 4.341066000000000713e+01
1.600999999999999818e+04 4.428999999999999915e+01 4.405093999999999710e+01 3.442439999999999944e+00 4.343110000000000781e+01
1.601999999999999636e+04 4.429999999999999716e+01 4.427246999999999844e+01 3.963900000000000201e-01 4.345500000000000540e+01
1.603000000000000000e+04 4.431000000000000227e+01 4.427452000000000254e+01 5.109299999999999953e-01 4.347377000000000891e+01
1.603999999999999818e+04 4.432000000000000028e+01 4.409194999999999709e+01 3.283869999999999845e+00 4.349279000000000650e+01
1.604999999999999636e+04 4.432999999999999829e+01 4.422373000000000332e+01 1.530310000000000059e+00 4.352940000000000964e+01
1.606000000000000182e+04 4.434000000000000341e+01 4.373864999999999981e+01 8.659480000000000288e+00 4.357966000000000406e+01
1.607000000000000000e+04 4.435000000000000142e+01 4.386272000000000304e+01 7.016860000000000319e+00 4.365142000000000877e+01
1.607999999999999818e+04 4.435999999999999943e+01 4.437606999999999857e+01 -2.314400000000000068e-01 4.368576000000000903e+01
1.608999999999999636e+04 4.436999999999999744e+01 4.427018999999999949e+01 1.437289999999999957e+00 4.369937000000000893e+01
1.610000000000000182e+04 4.438000000000000256e+01 4.461278000000000077e+01 -3.351999999999999869e+00 4.369911000000000456e+01
1.611000000000000000e+04 4.439000000000000057e+01 4.461397000000000190e+01 -3.225200000000000067e+00 4.366308000000000789e+01
1.611999999999999636e+04 4.439999999999999858e+01 4.466472000000000264e+01 -3.811929999999999819e+00 4.361864000000000630e+01
1.612999999999999454e+04 4.440999999999999659e+01 4.441808000000000334e+01 -1.163899999999999935e-01 4.359226000000001022e+01
1.614000000000000000e+04 4.442000000000000171e+01 4.468869999999999720e+01 -3.869330000000000158e+00 4.358250000000001023e+01
1.614999999999999818e+04 4.442999999999999972e+01 4.449188000000000187e+01 -8.910000000000000142e-01 4.356142000000000536e+01
1.615999999999999636e+04 4.443999999999999773e+01 4.441633999999999816e+01 3.407000000000000028e-01 4.356095000000000539e+01
1.617000000000000182e+04 4.445000000000000284e+01 4.479514000000000351e+01 -4.969979999999999620e+00 4.354479000000000610e+01
1.618000000000000000e+04 4.446000000000000085e+01 4.485369000000000028e+01 -5.669179999999999886e+00 4.350795000000000812e+01
1.618999999999999818e+04 4.446999999999999886e+01 4.437861999999999796e+01 1.315930000000000044e+00 4.348990000000000578e+01
1.619999999999999454e+04 4.447999999999999687e+01 4.438080000000000069e+01 1.428449999999999998e+00 4.348266000000000986e+01
1.621000000000000000e+04 4.449000000000000199e+01 4.458330999999999733e+01 -1.343739999999999934e+00 4.347862000000000648e+01
1.621999999999999818e+04 4.450000000000000000e+01 4.453126999999999924e+01 -4.502599999999999936e-01 4.347170000000000556e+01
1.622999999999999636e+04 4.450999999999999801e+01 4.413025999999999982e+01 5.468239999999999768e+00 4.350215000000000742e+01
1.624000000000000182e+04 4.452000000000000313e+01 4.443822000000000116e+01 1.177610000000000046e+00 4.353362000000000620e+01
1.625000000000000000e+04 4.453000000000000114e+01 4.449826000000000192e+01 4.571100000000000163e-01 4.354132000000000602e+01
1.625999999999999818e+04 4.453999999999999915e+01 4.443769999999999953e+01 1.473109999999999919e+00 4.355682000000000897e+01
1.626999999999999636e+04 4.454999999999999716e+01 4.441694999999999993e+01 1.915920000000000067e+00 4.358447000000001026e+01
1.628000000000000000e+04 4.456000000000000227e+01 4.444780999999999693e+01 1.615599999999999925e+00 4.360722000000000520e+01
1.628999999999999818e+04 4.457000000000000028e+01 4.419668000000000063e+01 5.375779999999999781e+00 4.363313000000000841e+01
1.629999999999999636e+04 4.457999999999999829e+01 4.407560000000000144e+01 7.263370000000000104e+00 4.369825000000000870e+01
1.631000000000000182e+04 4.459000000000000341e+01 4.444818000000000069e+01 2.042170000000000041e+00 4.374616000000001037e+01
1.632000000000000000e+04 4.460000000000000142e+01 4.415039999999999765e+01 6.474239999999999995e+00 4.376966000000000889e+01
1.632999999999999818e+04 4.460999999999999943e+01 4.442332999999999998e+01 2.688099999999999934e+00 4.380722000000000804e+01
1.633999999999999636e+04 4.461999999999999744e+01 4.437021000000000015e+01 3.596999999999999975e+00 4.384378000000000952e+01
1.635000000000000182e+04 4.463000000000000256e+01 4.429603000000000179e+01 4.809190000000000076e+00 4.390065000000000595e+01
1.636000000000000000e+04 4.464000000000000057e+01 4.441572000000000031e+01 3.229680000000000106e+00 4.395755000000000479e+01
1.636999999999999636e+04 4.464999999999999858e+01 4.443469999999999942e+01 3.100270000000000081e+00 4.399009000000000924e+01
1.637999999999999454e+04 4.465999999999999659e+01 4.450377999999999901e+01 2.249569999999999848e+00 4.401016000000000616e+01
1.639000000000000000e+04 4.467000000000000171e+01 4.437803000000000253e+01 4.204390000000000072e+00 4.405299000000000831e+01
1.640000000000000000e+04 4.467999999999999972e+01 4.466387999999999892e+01 2.321400000000000130e-01 4.407585000000000974e+01
1.640999999999999636e+04 4.468999999999999773e+01 4.449712999999999852e+01 2.777369999999999894e+00 4.407665000000000788e+01
1.642000000000000000e+04 4.470000000000000284e+01 4.463900999999999897e+01 8.782799999999999496e-01 4.408676000000000528e+01
1.643000000000000000e+04 4.471000000000000085e+01 4.474318000000000239e+01 -4.777500000000000080e-01 4.408372000000000668e+01
1.643999999999999636e+04 4.471999999999999886e+01 4.492815000000000225e+01 -2.997399999999999842e+00 4.406841000000000719e+01
1.644999999999999636e+04 4.472999999999999687e+01 4.480089999999999861e+01 -1.020990000000000064e+00 4.406441000000000940e+01
1.646000000000000000e+04 4.474000000000000199e+01 4.472050999999999732e+01 2.807200000000000251e-01 4.407273000000000707e+01
1.647000000000000000e+04 4.475000000000000000e+01 4.472652999999999679e+01 3.380299999999999971e-01 4.407278000000000873e+01
1.647999999999999636e+04 4.475999999999999801e+01 4.490422999999999831e+01 -2.076950000000000074e+00 4.405421000000000475e+01
1.649000000000000000e+04 4.477000000000000313e+01 4.475202000000000169e+01 2.588500000000000245e-01 4.403776000000000579e+01
1.650000000000000000e+04 4.478000000000000114e+01 4.488474999999999682e+01 -1.508389999999999898e+00 4.402886000000000877e+01
1.650999999999999636e+04 4.478999999999999915e+01 4.486972000000000094e+01 -1.147960000000000091e+00 4.401486000000000587e+01
1.651999999999999636e+04 4.479999999999999716e+01 4.450601000000000340e+01 4.233509999999999884e+00 4.402418000000000831e+01
1.653000000000000000e+04 4.481000000000000227e+01 4.465547000000000111e+01 2.225280000000000147e+00 4.406808000000000902e+01
1.654000000000000000e+04 4.482000000000000028e+01 4.475323000000000206e+01 9.614800000000000013e-01 4.408688000000000784e+01
1.654999999999999636e+04 4.482999999999999829e+01 4.465532999999999930e+01 2.515210000000000168e+00 4.412547000000000708e+01
1.656000000000000364e+04 4.484000000000000341e+01 4.432592000000000354e+01 7.402739999999999654e+00 4.418554000000001025e+01
1.657000000000000000e+04 4.485000000000000142e+01 4.468887000000000143e+01 2.320339999999999847e+00 4.422527000000000896e+01
1.657999999999999636e+04 4.485999999999999943e+01 4.454077999999999804e+01 4.596790000000000376e+00 4.424818000000000495e+01
1.658999999999999636e+04 4.486999999999999744e+01 4.451344000000000278e+01 5.134430000000000049e+00 4.429654000000000735e+01
1.660000000000000000e+04 4.488000000000000256e+01 4.441863000000000028e+01 6.643760000000000332e+00 4.434677000000000646e+01
1.661000000000000000e+04 4.489000000000000057e+01 4.461979999999999791e+01 3.890820000000000167e+00 4.439103000000000776e+01
1.661999999999999636e+04 4.489999999999999858e+01 4.474060999999999666e+01 2.295279999999999987e+00 4.441020000000001033e+01
1.662999999999999636e+04 4.490999999999999659e+01 4.480989000000000289e+01 1.441529999999999978e+00 4.444368000000000762e+01
1.664000000000000000e+04 4.492000000000000171e+01 4.457253000000000043e+01 5.003589999999999982e+00 4.447421000000000646e+01
1.665000000000000000e+04 4.492999999999999972e+01 4.466993000000000080e+01 3.745060000000000056e+00 4.452156000000000802e+01
1.665999999999999636e+04 4.493999999999999773e+01 4.505660999999999916e+01 -1.679230000000000000e+00 4.453462000000000387e+01
1.667000000000000000e+04 4.495000000000000284e+01 4.492927000000000248e+01 2.984899999999999776e-01 4.454164000000000811e+01
1.668000000000000000e+04 4.496000000000000085e+01 4.482751999999999981e+01 1.907720000000000082e+00 4.456607000000001051e+01
1.668999999999999636e+04 4.496999999999999886e+01 4.501964000000000254e+01 -7.148200000000000109e-01 4.458589000000000624e+01
1.669999999999999636e+04 4.497999999999999687e+01 4.483675999999999817e+01 2.062660000000000160e+00 4.456936000000001030e+01
1.671000000000000000e+04 4.499000000000000199e+01 4.458990000000000009e+01 5.761429999999999829e+00 4.462240000000000606e+01
1.672000000000000000e+04 4.500000000000000000e+01 4.441597999999999757e+01 8.409950000000000259e+00 4.469769000000000858e+01
1.672999999999999636e+04 4.500999999999999801e+01 4.460079000000000349e+01 5.892660000000000231e+00 4.478004000000000673e+01
1.674000000000000000e+04 4.502000000000000313e+01 4.453575000000000017e+01 6.973220000000000418e+00 4.485911000000000826e+01
1.675000000000000000e+04 4.503000000000000114e+01 4.454437999999999676e+01 6.992930000000000312e+00 4.493918000000000745e+01
1.675999999999999636e+04 4.503999999999999915e+01 4.488870000000000005e+01 2.178749999999999964e+00 4.497709000000000401e+01
1.676999999999999636e+04 4.504999999999999716e+01 4.499936000000000291e+01 7.292499999999999538e-01 4.499789000000000527e+01
1.678000000000000000e+04 4.506000000000000227e+01 4.480964999999999776e+01 3.604979999999999851e+00 4.501505000000000933e+01
1.679000000000000000e+04 4.507000000000000028e+01 4.516304999999999836e+01 -1.339879999999999960e+00 4.502541000000000793e+01
1.679999999999999636e+04 4.507999999999999829e+01 4.472867999999999711e+01 5.058950000000000280e+00 4.504623000000000843e+01
1.681000000000000364e+04 4.509000000000000341e+01 4.473170999999999964e+01 5.159410000000000274e+00 4.509687000000000978e+01
1.682000000000000000e+04 4.510000000000000142e+01 4.457390000000000185e+01 7.575840000000000352e+00 4.517231000000001018e+01
1.682999999999999636e+04 4.510999999999999943e+01 4.455284000000000333e+01 8.023120000000000474e+00 4.525227000000000999e+01
1.683999999999999636e+04 4.511999999999999744e+01 4.457556999999999903e+01 7.839750000000000441e+00 4.530888000000000915e+01
1.685000000000000000e+04 4.513000000000000256e+01 4.492105999999999710e+01 3.008760000000000101e+00 4.536995000000000999e+01
1.686000000000000000e+04 4.514000000000000057e+01 4.497037999999999869e+01 2.442480000000000206e+00 4.539631000000000682e+01
1.686999999999999636e+04 4.514999999999999858e+01 4.535002999999999673e+01 -2.880500000000000060e+00 4.538863000000000625e+01
1.687999999999999636e+04 4.515999999999999659e+01 4.491391999999999740e+01 3.543540000000000134e+00 4.538065000000000992e+01
1.689000000000000000e+04 4.517000000000000171e+01 4.517419999999999902e+01 -6.049000000000000210e-02 4.540822000000000713e+01
1.690000000000000000e+04 4.517999999999999972e+01 4.533314000000000021e+01 -2.205280000000000129e+00 4.540178000000000935e+01
1.690999999999999636e+04 4.518999999999999773e+01 4.463027999999999906e+01 8.060019999999999740e+00 4.542331000000000785e+01
1.692000000000000000e+04 4.520000000000000284e+01 4.493207999999999913e+01 3.858109999999999928e+00 4.547643000000000768e+01
1.693000000000000000e+04 4.521000000000000085e+01 4.483982000000000312e+01 5.330569999999999808e+00 4.551650000000000773e+01
1.693999999999999636e+04 4.521999999999999886e+01 4.506779999999999831e+01 2.191710000000000047e+00 4.555487000000000819e+01
1.694999999999999636e+04 4.522999999999999687e+01 4.496347000000000094e+01 3.838070000000000093e+00 4.559282000000001034e+01
1.696000000000000000e+04 4.524000000000000199e+01 4.520007999999999981e+01 5.748499999999999721e-01 4.561214000000001079e+01
1.697000000000000000e+04 4.525000000000000000e+01 4.506649999999999778e+01 2.642469999999999875e+00 4.563325000000000387e+01
1.697999999999999636e+04 4.525999999999999801e+01 4.526386000000000109e+01 -5.560999999999999971e-02 4.564334000000000913e+01
1.699000000000000000e+04 4.527000000000000313e+01 4.531777999999999906e+01 -6.881000000000000449e-01 4.563195000000001045e+01
1.700000000000000000e+04 4.528000000000000114e+01 4.524450000000000216e+01 5.112400000000000277e-01 4.563195000000001045e+01
1.700999999999999636e+04 4.528999999999999915e+01 4.522475000000000023e+01 9.396200000000000108e-01 4.566139000000001147e+01
1.701999999999999636e+04 4.529999999999999716e+01 4.506318000000000268e+01 3.410219999999999807e+00 4.567971000000000714e+01
1.703000000000000000e+04 4.531000000000000227e+01 4.522565999999999775e+01 1.214460000000000095e+00 4.570698000000000860e+01
1.704000000000000000e+04 4.532000000000000028e+01 4.517246999999999701e+01 2.124410000000000132e+00 4.571551000000000897e+01
1.704999999999999636e+04 4.532999999999999829e+01 4.545544999999999902e+01 -1.806440000000000046e+00 4.571192000000001343e+01
1.706000000000000364e+04 4.534000000000000341e+01 4.516821000000000197e+01 2.473770000000000024e+00 4.571876000000001028e+01
1.707000000000000000e+04 4.535000000000000142e+01 4.546748000000000189e+01 -1.691680000000000073e+00 4.572377000000000891e+01
1.707999999999999636e+04 4.535999999999999943e+01 4.537326000000000192e+01 -1.908999999999999864e-01 4.570035000000000736e+01
1.708999999999999636e+04 4.536999999999999744e+01 4.555035999999999774e+01 -2.597119999999999873e+00 4.567359000000001146e+01
1.710000000000000000e+04 4.538000000000000256e+01 4.549446999999999974e+01 -1.648400000000000087e+00 4.566282000000001062e+01
1.711000000000000000e+04 4.539000000000000057e+01 4.558532999999999902e+01 -2.812809999999999810e+00 4.562516000000000815e+01
1.711999999999999636e+04 4.539999999999999858e+01 4.511050000000000182e+01 4.168790000000000440e+00 4.564343000000000927e+01
1.712999999999999636e+04 4.540999999999999659e+01 4.526362999999999914e+01 2.107699999999999907e+00 4.569162000000000745e+01
1.714000000000000000e+04 4.542000000000000171e+01 4.540048000000000172e+01 2.811100000000000265e-01 4.569701000000001301e+01
1.715000000000000000e+04 4.542999999999999972e+01 4.538512999999999664e+01 6.461799999999999766e-01 4.570013000000000858e+01
1.715999999999999636e+04 4.543999999999999773e+01 4.551344000000000278e+01 -1.057520000000000016e+00 4.568686000000001002e+01
1.717000000000000000e+04 4.545000000000000284e+01 4.553067000000000064e+01 -1.161580000000000057e+00 4.567749000000001303e+01
1.718000000000000000e+04 4.546000000000000085e+01 4.553392000000000195e+01 -1.064489999999999936e+00 4.566397000000001327e+01
1.718999999999999636e+04 4.546999999999999886e+01 4.532043999999999784e+01 2.153669999999999973e+00 4.565374000000001331e+01
1.719999999999999636e+04 4.547999999999999687e+01 4.551796000000000220e+01 -5.465999999999999748e-01 4.566847000000001344e+01
1.721000000000000000e+04 4.549000000000000199e+01 4.543737000000000137e+01 7.579099999999999726e-01 4.567730000000000956e+01
1.722000000000000000e+04 4.550000000000000000e+01 4.556962000000000046e+01 -1.002520000000000078e+00 4.567819000000000784e+01
1.722999999999999636e+04 4.550999999999999801e+01 4.584230999999999767e+01 -4.785309999999999953e+00 4.565810000000001168e+01
1.724000000000000000e+04 4.552000000000000313e+01 4.551277999999999935e+01 1.039700000000000069e-01 4.565034000000000702e+01
1.725000000000000000e+04 4.553000000000000114e+01 4.567360000000000042e+01 -2.067790000000000017e+00 4.562359000000000719e+01
1.725999999999999636e+04 4.553999999999999915e+01 4.567459000000000202e+01 -1.938080000000000025e+00 4.561232000000001108e+01
1.726999999999999636e+04 4.554999999999999716e+01 4.574676000000000187e+01 -2.833320000000000061e+00 4.561114000000001312e+01
1.728000000000000000e+04 4.556000000000000227e+01 4.562731000000000137e+01 -9.692300000000000360e-01 4.560169000000001205e+01
1.729000000000000000e+04 4.557000000000000028e+01 4.606571000000000282e+01 -7.138279999999999959e+00 4.557349000000001382e+01
1.729999999999999636e+04 4.557999999999999829e+01 4.597856000000000165e+01 -5.739250000000000185e+00 4.551862000000001274e+01
1.731000000000000364e+04 4.559000000000000341e+01 4.587322000000000344e+01 -4.078430000000000000e+00 4.547396000000001237e+01
1.732000000000000000e+04 4.560000000000000142e+01 4.558706000000000103e+01 1.863700000000000079e-01 4.544228000000001089e+01
1.732999999999999636e+04 4.560999999999999943e+01 4.571276000000000295e+01 -1.479710000000000081e+00 4.543036000000000740e+01
1.733999999999999636e+04 4.561999999999999744e+01 4.569541000000000253e+01 -1.085860000000000047e+00 4.540868000000001103e+01
1.735000000000000000e+04 4.563000000000000256e+01 4.556638999999999839e+01 9.160000000000000364e-01 4.539802000000000959e+01
1.736000000000000000e+04 4.564000000000000057e+01 4.524401000000000295e+01 5.702189999999999870e+00 4.540531000000000716e+01
1.736999999999999636e+04 4.564999999999999858e+01 4.534656999999999982e+01 4.369439999999999991e+00 4.546444000000001040e+01
1.737999999999999636e+04 4.565999999999999659e+01 4.525063000000000102e+01 5.894910000000000316e+00 4.550313000000001296e+01
1.739000000000000000e+04 4.567000000000000171e+01 4.516006999999999749e+01 7.343009999999999593e+00 4.555033000000000953e+01
1.740000000000000000e+04 4.567999999999999972e+01 4.533127000000000351e+01 5.021770000000000067e+00 4.561014000000000834e+01
1.740999999999999636e+04 4.568999999999999773e+01 4.538996999999999815e+01 4.320450000000000124e+00 4.564649000000000711e+01
1.742000000000000000e+04 4.570000000000000284e+01 4.515196000000000254e+01 7.891709999999999781e+00 4.571414000000000755e+01
1.743000000000000000e+04 4.571000000000000085e+01 4.497428000000000026e+01 1.059440999999999988e+01 4.578969000000000733e+01
1.743999999999999636e+04 4.571999999999999886e+01 4.511066999999999894e+01 8.774399999999999977e+00 4.588103000000000975e+01
1.744999999999999636e+04 4.572999999999999687e+01 4.556759000000000270e+01 2.338750000000000107e+00 4.593100000000001160e+01
1.746000000000000000e+04 4.574000000000000199e+01 4.550912000000000290e+01 3.324669999999999792e+00 4.595346000000001396e+01
1.747000000000000000e+04 4.575000000000000000e+01 4.562756000000000256e+01 1.763069999999999915e+00 4.598036000000001167e+01
1.747999999999999636e+04 4.575999999999999801e+01 4.583435000000000059e+01 -1.070699999999999985e+00 4.596768000000000853e+01
1.749000000000000000e+04 4.577000000000000313e+01 4.566779999999999973e+01 1.471729999999999983e+00 4.595961000000001206e+01
1.750000000000000000e+04 4.578000000000000114e+01 4.592822999999999922e+01 -2.134560000000000013e+00 4.595762000000001279e+01
1.750999999999999636e+04 4.578999999999999915e+01 4.570177000000000334e+01 1.270480000000000054e+00 4.595170000000000954e+01
1.751999999999999636e+04 4.579999999999999716e+01 4.592128999999999905e+01 -1.746599999999999930e+00 4.594428000000001333e+01
1.753000000000000000e+04 4.581000000000000227e+01 4.603782000000000352e+01 -3.280660000000000132e+00 4.591241000000000838e+01
1.754000000000000000e+04 4.582000000000000028e+01 4.564090999999999809e+01 2.578949999999999854e+00 4.591459000000001112e+01
1.754999999999999636e+04 4.582999999999999829e+01 4.554057000000000244e+01 4.167740000000000222e+00 4.594348000000000809e+01
1.756000000000000364e+04 4.584000000000000341e+01 4.610602000000000089e+01 -3.830659999999999954e+00 4.592592000000001207e+01
1.757000000000000000e+04 4.585000000000000142e+01 4.582169999999999987e+01 4.074999999999999734e-01 4.592008000000001289e+01
1.757999999999999636e+04 4.585999999999999943e+01 4.597959999999999781e+01 -1.722290000000000099e+00 4.592353000000001373e+01
1.758999999999999636e+04 4.586999999999999744e+01 4.571701999999999799e+01 2.202920000000000211e+00 4.593323000000000889e+01
1.760000000000000000e+04 4.588000000000000256e+01 4.557706999999999908e+01 4.362219999999999764e+00 4.597314000000000789e+01
1.761000000000000000e+04 4.589000000000000057e+01 4.589594000000000307e+01 -8.558999999999999941e-02 4.598761000000001076e+01
1.761999999999999636e+04 4.589999999999999858e+01 4.596377999999999986e+01 -9.184499999999999886e-01 4.599372000000001037e+01
1.762999999999999636e+04 4.590999999999999659e+01 4.595501999999999754e+01 -6.482799999999999674e-01 4.598398000000000962e+01
1.764000000000000000e+04 4.592000000000000171e+01 4.566389999999999816e+01 3.687899999999999956e+00 4.598997000000001378e+01
1.765000000000000000e+04 4.592999999999999972e+01 4.550896999999999792e+01 6.062800000000000189e+00 4.604388000000000858e+01
1.765999999999999636e+04 4.593999999999999773e+01 4.571148000000000167e+01 3.290669999999999984e+00 4.610125000000000739e+01
1.767000000000000000e+04 4.595000000000000284e+01 4.571912999999999982e+01 3.324510000000000076e+00 4.614189000000001073e+01
1.768000000000000000e+04 4.596000000000000085e+01 4.558650000000000091e+01 5.378400000000000070e+00 4.620112000000001018e+01
1.768999999999999636e+04 4.596999999999999886e+01 4.591877000000000209e+01 7.376899999999999569e-01 4.623271000000001152e+01
1.769999999999999636e+04 4.597999999999999687e+01 4.591796000000000078e+01 8.933900000000000174e-01 4.624962000000000728e+01
1.771000000000000000e+04 4.599000000000000199e+01 4.618446000000000140e+01 -2.800219999999999931e+00 4.625472000000001316e+01
1.772000000000000000e+04 4.600000000000000000e+01 4.600943000000000183e+01 -1.358399999999999885e-01 4.621926000000001267e+01
1.772999999999999636e+04 4.600999999999999801e+01 4.582509000000000299e+01 2.662679999999999936e+00 4.623344000000000875e+01
1.774000000000000000e+04 4.602000000000000313e+01 4.592374000000000223e+01 1.386200000000000099e+00 4.625793000000000887e+01
1.775000000000000000e+04 4.603000000000000114e+01 4.583332000000000050e+01 2.832139999999999880e+00 4.626781000000001143e+01
1.775999999999999636e+04 4.603999999999999915e+01 4.603752000000000066e+01 3.572999999999999787e-02 4.628934000000000992e+01
1.776999999999999636e+04 4.604999999999999716e+01 4.620835000000000292e+01 -2.280219999999999914e+00 4.626700000000001012e+01
1.778000000000000000e+04 4.606000000000000227e+01 4.604189999999999827e+01 2.606700000000000128e-01 4.625740000000001118e+01
1.779000000000000000e+04 4.607000000000000028e+01 4.609712999999999994e+01 -3.906399999999999872e-01 4.626411000000000939e+01
1.779999999999999636e+04 4.607999999999999829e+01 4.597749999999999915e+01 1.475970000000000004e+00 4.626596000000000686e+01
1.781000000000000364e+04 4.609000000000000341e+01 4.591425000000000267e+01 2.530780000000000030e+00 4.627913000000000920e+01
1.782000000000000000e+04 4.610000000000000142e+01 4.606929000000000229e+01 4.422499999999999765e-01 4.629677000000000930e+01
1.782999999999999636e+04 4.610999999999999943e+01 4.589914999999999878e+01 3.036189999999999944e+00 4.631248000000000786e+01
1.783999999999999636e+04 4.611999999999999744e+01 4.591420000000000101e+01 2.963560000000000194e+00 4.634517000000001019e+01
1.785000000000000000e+04 4.613000000000000256e+01 4.589177000000000106e+01 3.430569999999999897e+00 4.639137000000000910e+01
1.786000000000000000e+04 4.614000000000000057e+01 4.589697000000000315e+01 3.499629999999999797e+00 4.643619000000001051e+01
1.786999999999999636e+04 4.614999999999999858e+01 4.614638000000000062e+01 5.210000000000000048e-02 4.645203000000000770e+01
1.787999999999999636e+04 4.615999999999999659e+01 4.612324999999999875e+01 5.291900000000000492e-01 4.645959000000001282e+01
1.789000000000000000e+04 4.617000000000000171e+01 4.605713000000000079e+01 1.625369999999999981e+00 4.645445000000000846e+01
1.790000000000000000e+04 4.617999999999999972e+01 4.582939999999999969e+01 5.048680000000000057e+00 4.648370000000001312e+01
1.790999999999999636e+04 4.618999999999999773e+01 4.583529999999999660e+01 5.107730000000000103e+00 4.654566000000001225e+01
1.792000000000000000e+04 4.620000000000000284e+01 4.609445000000000192e+01 1.519879999999999898e+00 4.657156000000001228e+01
1.793000000000000000e+04 4.621000000000000085e+01 4.621553999999999718e+01 -7.982000000000000206e-02 4.656466000000001060e+01
1.793999999999999636e+04 4.621999999999999886e+01 4.642148999999999859e+01 -2.901499999999999968e+00 4.655340000000001055e+01
1.794999999999999636e+04 4.622999999999999687e+01 4.609427999999999770e+01 1.954409999999999981e+00 4.656191000000001168e+01
1.796000000000000000e+04 4.624000000000000199e+01 4.637655000000000172e+01 -1.966280000000000028e+00 4.656608000000001368e+01
1.797000000000000000e+04 4.625000000000000000e+01 4.622187000000000268e+01 4.050599999999999756e-01 4.656318000000000978e+01
1.797999999999999636e+04 4.625999999999999801e+01 4.600609000000000037e+01 3.656239999999999934e+00 4.655292000000000741e+01
1.799000000000000000e+04 4.627000000000000313e+01 4.584949999999999903e+01 6.055220000000000269e+00 4.660878000000001009e+01
1.800000000000000000e+04 4.628000000000000114e+01 4.605163999999999902e+01 3.288339999999999819e+00 4.660878000000001009e+01
1.800999999999999636e+04 4.628999999999999915e+01 4.603029999999999688e+01 3.739700000000000024e+00 4.662966000000000832e+01
1.801999999999999636e+04 4.629999999999999716e+01 4.622108000000000061e+01 1.136449999999999960e+00 4.665118000000001075e+01
1.803000000000000000e+04 4.631000000000000227e+01 4.601375999999999777e+01 4.265819999999999723e+00 4.667586000000000723e+01
1.804000000000000000e+04 4.632000000000000028e+01 4.620503000000000071e+01 1.655510000000000037e+00 4.669345000000001278e+01
1.804999999999999636e+04 4.632999999999999829e+01 4.620273000000000252e+01 1.832740000000000036e+00 4.670346000000000686e+01
1.806000000000000364e+04 4.634000000000000341e+01 4.644333999999999918e+01 -1.488080000000000069e+00 4.672648000000000934e+01
1.807000000000000000e+04 4.635000000000000142e+01 4.588031000000000148e+01 6.763530000000000264e+00 4.673331000000001012e+01
1.807999999999999636e+04 4.635999999999999943e+01 4.613466999999999985e+01 3.244790000000000063e+00 4.679739000000000715e+01
1.808999999999999636e+04 4.636999999999999744e+01 4.603094000000000108e+01 4.882410000000000139e+00 4.684293000000000973e+01
1.810000000000000000e+04 4.638000000000000256e+01 4.642083000000000226e+01 -5.879499999999999726e-01 4.687084000000000827e+01
1.811000000000000000e+04 4.639000000000000057e+01 4.642831999999999937e+01 -5.518699999999999717e-01 4.687047000000001162e+01
1.811999999999999636e+04 4.639999999999999858e+01 4.627221000000000117e+01 1.840209999999999901e+00 4.688175000000001091e+01
1.812999999999999636e+04 4.640999999999999659e+01 4.608211000000000013e+01 4.721560000000000201e+00 4.691683000000001158e+01
1.814000000000000000e+04 4.642000000000000171e+01 4.627067999999999870e+01 2.150209999999999955e+00 4.693902000000001351e+01
1.815000000000000000e+04 4.642999999999999972e+01 4.650121000000000038e+01 -1.025360000000000049e+00 4.694443000000001120e+01
1.815999999999999636e+04 4.643999999999999773e+01 4.630449000000000126e+01 1.951289999999999969e+00 4.695504000000001099e+01
1.817000000000000000e+04 4.645000000000000284e+01 4.598080999999999818e+01 6.756300000000000416e+00 4.698237000000001018e+01
1.818000000000000000e+04 4.646000000000000085e+01 4.641402999999999679e+01 6.619800000000000129e-01 4.700770000000000692e+01
1.818999999999999636e+04 4.646999999999999886e+01 4.626637000000000199e+01 2.932220000000000049e+00 4.702331000000000927e+01
1.819999999999999636e+04 4.647999999999999687e+01 4.641494000000000142e+01 9.368999999999999551e-01 4.704355000000001041e+01
1.821000000000000000e+04 4.649000000000000199e+01 4.660754000000000019e+01 -1.692569999999999908e+00 4.705220000000001335e+01
1.822000000000000000e+04 4.650000000000000000e+01 4.649128000000000327e+01 1.256400000000000017e-01 4.704237000000001245e+01
1.822999999999999636e+04 4.650999999999999801e+01 4.640041999999999689e+01 1.577970000000000095e+00 4.705639000000000749e+01
1.824000000000000000e+04 4.652000000000000313e+01 4.643889999999999674e+01 1.167890000000000095e+00 4.707343000000000899e+01
1.825000000000000000e+04 4.653000000000000114e+01 4.622039999999999793e+01 4.458230000000000359e+00 4.709630000000001360e+01
1.825999999999999636e+04 4.653999999999999915e+01 4.621280000000000143e+01 4.711610000000000298e+00 4.713547000000001219e+01
1.826999999999999636e+04 4.654999999999999716e+01 4.636041000000000167e+01 2.730100000000000193e+00 4.717868000000000706e+01
1.828000000000000000e+04 4.656000000000000227e+01 4.641969999999999885e+01 2.020300000000000207e+00 4.720371000000000805e+01
1.829000000000000000e+04 4.657000000000000028e+01 4.644989999999999952e+01 1.729459999999999997e+00 4.725363000000000824e+01
1.829999999999999636e+04 4.657999999999999829e+01 4.643059999999999832e+01 2.151409999999999823e+00 4.727226000000000994e+01
1.831000000000000364e+04 4.659000000000000341e+01 4.650350999999999857e+01 1.245509999999999895e+00 4.728674000000000888e+01
1.832000000000000000e+04 4.660000000000000142e+01 4.661643000000000114e+01 -2.366199999999999970e-01 4.729147000000001100e+01
1.832999999999999636e+04 4.660999999999999943e+01 4.667528000000000077e+01 -9.400699999999999612e-01 4.728180000000001115e+01
1.833999999999999636e+04 4.661999999999999744e+01 4.652909999999999968e+01 1.309029999999999916e+00 4.729030000000000911e+01
1.835000000000000000e+04 4.663000000000000256e+01 4.677933000000000163e+01 -2.150319999999999787e+00 4.727853000000001060e+01
1.836000000000000000e+04 4.664000000000000057e+01 4.683556000000000097e+01 -2.816079999999999917e+00 4.725801000000001295e+01
1.836999999999999636e+04 4.664999999999999858e+01 4.677275000000000205e+01 -1.767560000000000020e+00 4.721387000000000711e+01
1.837999999999999636e+04 4.665999999999999659e+01 4.646768000000000143e+01 2.769350000000000200e+00 4.721123000000000758e+01
1.839000000000000000e+04 4.667000000000000171e+01 4.635593000000000075e+01 4.522579999999999600e+00 4.723392000000001190e+01
1.840000000000000000e+04 4.667999999999999972e+01 4.652284000000000219e+01 2.263139999999999930e+00 4.724959000000001197e+01
1.840999999999999636e+04 4.668999999999999773e+01 4.643164999999999765e+01 3.720239999999999991e+00 4.727364000000000743e+01
1.842000000000000000e+04 4.670000000000000284e+01 4.660023000000000337e+01 1.436630000000000074e+00 4.730984000000000833e+01
1.843000000000000000e+04 4.671000000000000085e+01 4.674208999999999747e+01 -4.620600000000000263e-01 4.731210000000000804e+01
1.843999999999999636e+04 4.671999999999999886e+01 4.626964999999999861e+01 6.485019999999999563e+00 4.733521000000001067e+01
1.844999999999999636e+04 4.672999999999999687e+01 4.635698000000000008e+01 5.371540000000000425e+00 4.740517000000001246e+01
1.846000000000000000e+04 4.674000000000000199e+01 4.687604999999999933e+01 -1.959149999999999947e+00 4.741858000000001283e+01
1.847000000000000000e+04 4.675000000000000000e+01 4.665229999999999677e+01 1.406889999999999974e+00 4.741281000000000745e+01
1.847999999999999636e+04 4.675999999999999801e+01 4.656156000000000006e+01 2.857460000000000111e+00 4.743675000000001063e+01
1.849000000000000000e+04 4.677000000000000313e+01 4.642857999999999663e+01 4.916500000000000092e+00 4.748831000000001268e+01
1.850000000000000000e+04 4.678000000000000114e+01 4.638452000000000197e+01 5.694849999999999746e+00 4.752571000000001078e+01
1.850999999999999636e+04 4.678999999999999915e+01 4.662142000000000053e+01 2.427480000000000082e+00 4.758444000000000784e+01
1.851999999999999636e+04 4.679999999999999716e+01 4.652794999999999703e+01 3.917569999999999997e+00 4.761079000000000860e+01
1.853000000000000000e+04 4.681000000000000227e+01 4.670049000000000206e+01 1.576989999999999892e+00 4.764771000000001067e+01
1.854000000000000000e+04 4.682000000000000028e+01 4.643028999999999940e+01 5.611869999999999692e+00 4.770962000000000813e+01
1.854999999999999636e+04 4.682999999999999829e+01 4.672350999999999743e+01 1.533490000000000020e+00 4.776212000000001012e+01
1.856000000000000364e+04 4.684000000000000341e+01 4.629731000000000307e+01 7.814750000000000085e+00 4.778410000000000935e+01
1.857000000000000000e+04 4.685000000000000142e+01 4.675690999999999775e+01 1.340500000000000025e+00 4.784836000000000666e+01
1.857999999999999636e+04 4.685999999999999943e+01 4.691830000000000211e+01 -8.395700000000000385e-01 4.784861000000000786e+01
1.858999999999999636e+04 4.686999999999999744e+01 4.685450999999999766e+01 2.230100000000000138e-01 4.785430000000000916e+01
1.860000000000000000e+04 4.688000000000000256e+01 4.666924999999999812e+01 3.034839999999999982e+00 4.786712000000000700e+01
1.861000000000000000e+04 4.689000000000000057e+01 4.691541999999999746e+01 -3.661099999999999910e-01 4.786002000000001289e+01
1.861999999999999636e+04 4.689999999999999858e+01 4.720083999999999946e+01 -4.332130000000000258e+00 4.784045000000001124e+01
1.862999999999999636e+04 4.690999999999999659e+01 4.729180999999999813e+01 -5.498070000000000235e+00 4.778401000000000920e+01
1.864000000000000000e+04 4.692000000000000171e+01 4.719959000000000060e+01 -4.026060000000000194e+00 4.773860000000001236e+01
1.865000000000000000e+04 4.692999999999999972e+01 4.721596999999999866e+01 -4.118009999999999948e+00 4.769509000000000754e+01
1.865999999999999636e+04 4.693999999999999773e+01 4.732793999999999812e+01 -5.586319999999999730e+00 4.763500000000001222e+01
1.867000000000000000e+04 4.695000000000000284e+01 4.740265999999999735e+01 -6.518299999999999983e+00 4.756543000000001342e+01
1.868000000000000000e+04 4.696000000000000085e+01 4.712196000000000140e+01 -2.332170000000000076e+00 4.753149000000001223e+01
1.868999999999999636e+04 4.696999999999999886e+01 4.725263000000000346e+01 -4.069810000000000372e+00 4.750369000000001307e+01
1.869999999999999636e+04 4.697999999999999687e+01 4.694187000000000154e+01 5.490300000000000180e-01 4.749627000000000976e+01
1.871000000000000000e+04 4.699000000000000199e+01 4.666158999999999679e+01 4.729059999999999597e+00 4.751105000000001155e+01
1.872000000000000000e+04 4.700000000000000000e+01 4.680297999999999803e+01 2.837070000000000203e+00 4.755608000000000857e+01
1.872999999999999636e+04 4.700999999999999801e+01 4.698136000000000223e+01 4.124800000000000133e-01 4.756344000000000705e+01
1.874000000000000000e+04 4.702000000000000313e+01 4.677841999999999700e+01 3.478800000000000114e+00 4.757523000000001190e+01
1.875000000000000000e+04 4.703000000000000114e+01 4.692922000000000082e+01 1.451249999999999929e+00 4.760489000000001170e+01
1.875999999999999636e+04 4.703999999999999915e+01 4.686923000000000172e+01 2.459049999999999958e+00 4.762146000000001322e+01
1.876999999999999636e+04 4.704999999999999716e+01 4.662565000000000026e+01 6.110619999999999941e+00 4.767135000000001099e+01
1.878000000000000000e+04 4.706000000000000227e+01 4.719238000000000000e+01 -1.906290000000000040e+00 4.768320000000001357e+01
1.879000000000000000e+04 4.707000000000000028e+01 4.718090000000000117e+01 -1.596910000000000052e+00 4.766230000000000899e+01
1.879999999999999636e+04 4.707999999999999829e+01 4.701046000000000191e+01 1.001370000000000093e+00 4.769846000000001141e+01
1.881000000000000364e+04 4.709000000000000341e+01 4.702913999999999817e+01 8.763400000000000079e-01 4.771089000000001334e+01
1.882000000000000000e+04 4.710000000000000142e+01 4.729402999999999935e+01 -2.794039999999999857e+00 4.767855000000000842e+01
1.882999999999999636e+04 4.710999999999999943e+01 4.708612999999999715e+01 3.437299999999999800e-01 4.765897000000001071e+01
1.883999999999999636e+04 4.711999999999999744e+01 4.707851999999999748e+01 5.973000000000000531e-01 4.764298000000000854e+01
1.885000000000000000e+04 4.713000000000000256e+01 4.710208999999999691e+01 4.018900000000000250e-01 4.762588000000000932e+01
1.886000000000000000e+04 4.714000000000000057e+01 4.742121000000000208e+01 -4.049479999999999968e+00 4.760552000000001271e+01
1.886999999999999636e+04 4.714999999999999858e+01 4.720103000000000293e+01 -7.347799999999999887e-01 4.756620000000000914e+01
1.887999999999999636e+04 4.715999999999999659e+01 4.726064000000000220e+01 -1.449270000000000058e+00 4.755045000000001210e+01
1.889000000000000000e+04 4.717000000000000171e+01 4.752476999999999663e+01 -5.108690000000000175e+00 4.753097000000001060e+01
1.890000000000000000e+04 4.717999999999999972e+01 4.742878000000000327e+01 -3.582370000000000054e+00 4.748521000000000925e+01
1.890999999999999636e+04 4.718999999999999773e+01 4.708362999999999943e+01 1.531779999999999919e+00 4.746130000000000848e+01
1.892000000000000000e+04 4.720000000000000284e+01 4.694568999999999903e+01 3.662100000000000133e+00 4.746920000000000783e+01
1.893000000000000000e+04 4.721000000000000085e+01 4.707267000000000223e+01 1.977600000000000025e+00 4.747909000000001356e+01
1.893999999999999636e+04 4.721999999999999886e+01 4.730729000000000184e+01 -1.257039999999999935e+00 4.747480000000000899e+01
1.894999999999999636e+04 4.722999999999999687e+01 4.737955999999999790e+01 -2.153630000000000155e+00 4.746331000000000699e+01
1.896000000000000000e+04 4.724000000000000199e+01 4.676847999999999672e+01 6.789869999999999628e+00 4.750068000000000978e+01
1.897000000000000000e+04 4.725000000000000000e+01 4.720989000000000146e+01 5.776400000000000423e-01 4.751363000000001335e+01
1.897999999999999636e+04 4.725999999999999801e+01 4.742712000000000216e+01 -2.406530000000000058e+00 4.749613000000000795e+01
1.899000000000000000e+04 4.727000000000000313e+01 4.724304000000000059e+01 3.881999999999999895e-01 4.748795000000001210e+01
1.900000000000000000e+04 4.728000000000000114e+01 4.728869999999999862e+01 -1.253299999999999970e-01 4.748795000000001210e+01
1.900999999999999636e+04 4.728999999999999915e+01 4.745237000000000194e+01 -2.338159999999999794e+00 4.747232000000001051e+01
1.901999999999999636e+04 4.729999999999999716e+01 4.738336000000000325e+01 -1.200439999999999952e+00 4.744586000000001036e+01
1.903000000000000000e+04 4.731000000000000227e+01 4.698606999999999800e+01 4.664570000000000327e+00 4.746639000000001118e+01
1.904000000000000000e+04 4.732000000000000028e+01 4.733319999999999794e+01 -1.900499999999999967e-01 4.748777000000001181e+01
1.904999999999999636e+04 4.732999999999999829e+01 4.755275999999999925e+01 -3.207739999999999814e+00 4.747068000000000865e+01
1.906000000000000364e+04 4.734000000000000341e+01 4.707793000000000205e+01 3.773769999999999847e+00 4.747446000000001476e+01
1.907000000000000000e+04 4.735000000000000142e+01 4.739314000000000249e+01 -6.212600000000000344e-01 4.749156000000001399e+01
1.907999999999999636e+04 4.735999999999999943e+01 4.733068999999999704e+01 4.220800000000000107e-01 4.748299000000001513e+01
1.908999999999999636e+04 4.736999999999999744e+01 4.710287000000000290e+01 3.846709999999999852e+00 4.750153000000000958e+01
1.910000000000000000e+04 4.738000000000000256e+01 4.717573999999999756e+01 2.941289999999999960e+00 4.753462000000001098e+01
1.911000000000000000e+04 4.739000000000000057e+01 4.746853999999999729e+01 -1.130980000000000096e+00 4.753941000000001083e+01
1.911999999999999636e+04 4.739999999999999858e+01 4.739620000000000033e+01 5.473000000000000087e-02 4.753754000000001412e+01
1.912999999999999636e+04 4.740999999999999659e+01 4.739795999999999765e+01 1.733999999999999986e-01 4.752772000000000929e+01
1.914000000000000000e+04 4.742000000000000171e+01 4.741029999999999944e+01 1.397100000000000009e-01 4.754109000000001117e+01
1.914999999999999636e+04 4.742999999999999972e+01 4.743036000000000030e+01 -5.150000000000000064e-03 4.755037000000001512e+01
1.915999999999999636e+04 4.743999999999999773e+01 4.753938999999999737e+01 -1.431200000000000028e+00 4.754840000000001510e+01
1.917000000000000000e+04 4.745000000000000284e+01 4.717099999999999937e+01 4.017640000000000100e+00 4.755473000000001349e+01
1.918000000000000000e+04 4.746000000000000085e+01 4.720150000000000290e+01 3.722399999999999931e+00 4.760458000000001277e+01
1.918999999999999636e+04 4.746999999999999886e+01 4.739786000000000143e+01 1.038739999999999997e+00 4.762068000000001433e+01
1.919999999999999636e+04 4.747999999999999687e+01 4.728515999999999764e+01 2.805730000000000057e+00 4.764068000000001035e+01
1.921000000000000000e+04 4.749000000000000199e+01 4.760860999999999876e+01 -1.707940000000000014e+00 4.763493000000001132e+01
1.922000000000000000e+04 4.750000000000000000e+01 4.725545000000000329e+01 3.521539999999999893e+00 4.764528000000001384e+01
1.922999999999999636e+04 4.750999999999999801e+01 4.747930000000000206e+01 4.420999999999999930e-01 4.766215000000001112e+01
1.924000000000000000e+04 4.752000000000000313e+01 4.755978999999999957e+01 -5.729199999999999848e-01 4.765840000000001453e+01
1.925000000000000000e+04 4.753000000000000114e+01 4.749806000000000239e+01 4.599500000000000255e-01 4.766102000000001482e+01
1.925999999999999636e+04 4.753999999999999915e+01 4.754825000000000301e+01 -1.187799999999999967e-01 4.768449000000001092e+01
1.926999999999999636e+04 4.754999999999999716e+01 4.723899999999999721e+01 4.478379999999999583e+00 4.768517000000001360e+01
1.928000000000000000e+04 4.756000000000000227e+01 4.780349999999999966e+01 -3.506369999999999987e+00 4.770887000000001166e+01
1.929000000000000000e+04 4.757000000000000028e+01 4.764737999999999829e+01 -1.114290000000000003e+00 4.768908000000001124e+01
1.929999999999999636e+04 4.757999999999999829e+01 4.774549999999999983e+01 -2.383270000000000000e+00 4.768356000000001416e+01
1.931000000000000364e+04 4.759000000000000341e+01 4.767607000000000284e+01 -1.239419999999999966e+00 4.764668000000001058e+01
1.932000000000000000e+04 4.760000000000000142e+01 4.743337999999999965e+01 2.399259999999999948e+00 4.764924000000001314e+01
1.932999999999999636e+04 4.760999999999999943e+01 4.743827000000000282e+01 2.472949999999999982e+00 4.766406000000001342e+01
1.933999999999999636e+04 4.761999999999999744e+01 4.738895000000000124e+01 3.327129999999999921e+00 4.769894000000001455e+01
1.935000000000000000e+04 4.763000000000000256e+01 4.759546999999999883e+01 4.972300000000000053e-01 4.771491000000001037e+01
1.936000000000000000e+04 4.764000000000000057e+01 4.731716999999999729e+01 4.648740000000000094e+00 4.775889000000001516e+01
1.936999999999999636e+04 4.764999999999999858e+01 4.759266000000000219e+01 8.257299999999999640e-01 4.779415000000000902e+01
1.937999999999999636e+04 4.765999999999999659e+01 4.774318000000000239e+01 -1.197759999999999936e+00 4.779314000000001528e+01
1.939000000000000000e+04 4.767000000000000171e+01 4.747095999999999805e+01 2.866130000000000067e+00 4.779904000000001218e+01
1.939999999999999636e+04 4.767999999999999972e+01 4.752669999999999817e+01 2.207570000000000032e+00 4.782867000000000957e+01
1.940999999999999636e+04 4.768999999999999773e+01 4.766111999999999682e+01 4.158999999999999919e-01 4.784273000000001019e+01
1.942000000000000000e+04 4.770000000000000284e+01 4.787841999999999842e+01 -2.569189999999999863e+00 4.781878000000001094e+01
1.943000000000000000e+04 4.771000000000000085e+01 4.765809000000000140e+01 7.475300000000000278e-01 4.779822000000001481e+01
1.943999999999999636e+04 4.771999999999999886e+01 4.753922000000000025e+01 2.603299999999999947e+00 4.780820000000001357e+01
1.944999999999999636e+04 4.772999999999999687e+01 4.745280000000000342e+01 3.991699999999999804e+00 4.785369000000001449e+01
1.946000000000000000e+04 4.774000000000000199e+01 4.760361999999999938e+01 1.963810000000000056e+00 4.790419000000001404e+01
1.947000000000000000e+04 4.775000000000000000e+01 4.773734000000000322e+01 1.823400000000000021e-01 4.790757000000001398e+01
1.947999999999999636e+04 4.775999999999999801e+01 4.751254000000000133e+01 3.563470000000000137e+00 4.792573000000000860e+01
1.949000000000000000e+04 4.777000000000000313e+01 4.736413000000000295e+01 5.844500000000000028e+00 4.796188000000001495e+01
1.950000000000000000e+04 4.778000000000000114e+01 4.783086999999999733e+01 -7.325199999999999489e-01 4.796671000000001328e+01
1.950999999999999636e+04 4.778999999999999915e+01 4.757562000000000069e+01 3.087000000000000188e+00 4.796262000000001535e+01
1.951999999999999636e+04 4.779999999999999716e+01 4.774584999999999724e+01 7.797100000000000142e-01 4.798371000000000919e+01
1.953000000000000000e+04 4.781000000000000227e+01 4.761435000000000173e+01 2.817340000000000177e+00 4.800889000000001516e+01
1.954000000000000000e+04 4.782000000000000028e+01 4.800795000000000101e+01 -2.706449999999999800e+00 4.799199000000001547e+01
1.954999999999999636e+04 4.782999999999999829e+01 4.801370000000000005e+01 -2.645249999999999879e+00 4.795679000000001224e+01
1.956000000000000364e+04 4.784000000000000341e+01 4.824157000000000295e+01 -5.782659999999999911e+00 4.792111000000001297e+01
1.957000000000000000e+04 4.785000000000000142e+01 4.786290999999999940e+01 -1.859500000000000042e-01 4.788068000000001234e+01
1.957999999999999636e+04 4.785999999999999943e+01 4.784767000000000081e+01 1.775200000000000111e-01 4.789674000000001541e+01
1.958999999999999636e+04 4.786999999999999744e+01 4.784441000000000344e+01 3.685599999999999987e-01 4.790994000000001307e+01
1.960000000000000000e+04 4.788000000000000256e+01 4.785571999999999804e+01 3.496299999999999963e-01 4.789955000000001206e+01
1.961000000000000000e+04 4.789000000000000057e+01 4.756318000000000268e+01 4.706159999999999677e+00 4.793971000000001226e+01
1.961999999999999636e+04 4.789999999999999858e+01 4.770586999999999733e+01 2.795529999999999848e+00 4.799051000000001466e+01
1.962999999999999636e+04 4.790999999999999659e+01 4.798335999999999757e+01 -1.056349999999999900e+00 4.800421000000001470e+01
1.964000000000000000e+04 4.792000000000000171e+01 4.762147999999999826e+01 4.298689999999999678e+00 4.802287000000001171e+01
1.964999999999999636e+04 4.792999999999999972e+01 4.783057000000000158e+01 1.431750000000000078e+00 4.803926000000001295e+01
1.965999999999999636e+04 4.793999999999999773e+01 4.781898000000000337e+01 1.742760000000000087e+00 4.805675000000001518e+01
1.967000000000000000e+04 4.795000000000000284e+01 4.795638000000000289e+01 -9.186999999999999333e-02 4.805419000000001262e+01
1.968000000000000000e+04 4.796000000000000085e+01 4.828746999999999900e+01 -4.715510000000000090e+00 4.801470000000001193e+01
1.968999999999999636e+04 4.796999999999999886e+01 4.812416000000000338e+01 -2.219899999999999984e+00 4.799231000000001046e+01
1.969999999999999636e+04 4.797999999999999687e+01 4.796070999999999884e+01 2.778200000000000114e-01 4.798074000000001149e+01
1.971000000000000000e+04 4.799000000000000199e+01 4.784159999999999968e+01 2.137030000000000207e+00 4.799830000000001462e+01
1.972000000000000000e+04 4.800000000000000000e+01 4.842282000000000153e+01 -6.088639999999999830e+00 4.798731000000001501e+01
1.972999999999999636e+04 4.800999999999999801e+01 4.793057000000000301e+01 1.143839999999999968e+00 4.795884000000000924e+01
1.974000000000000000e+04 4.802000000000000313e+01 4.820533999999999963e+01 -2.668880000000000141e+00 4.794306000000000978e+01
1.975000000000000000e+04 4.803000000000000114e+01 4.823984999999999701e+01 -3.021790000000000198e+00 4.789822000000000912e+01
1.975999999999999636e+04 4.803999999999999915e+01 4.818842999999999677e+01 -2.137459999999999916e+00 4.788070000000001158e+01
1.976999999999999636e+04 4.804999999999999716e+01 4.824125999999999692e+01 -2.754090000000000149e+00 4.784496000000001459e+01
1.978000000000000000e+04 4.806000000000000227e+01 4.816082999999999714e+01 -1.451950000000000074e+00 4.783405000000001195e+01
1.979000000000000000e+04 4.807000000000000028e+01 4.793529999999999802e+01 1.939710000000000045e+00 4.784187000000001433e+01
1.979999999999999636e+04 4.807999999999999829e+01 4.776565999999999690e+01 4.526440000000000019e+00 4.786227000000000942e+01
1.981000000000000364e+04 4.809000000000000341e+01 4.785260999999999854e+01 3.418419999999999792e+00 4.789190000000001390e+01
1.982000000000000000e+04 4.810000000000000142e+01 4.780919999999999703e+01 4.187490000000000379e+00 4.793502000000000862e+01
1.982999999999999636e+04 4.810999999999999943e+01 4.789509000000000327e+01 3.094640000000000057e+00 4.795498000000001326e+01
1.983999999999999636e+04 4.811999999999999744e+01 4.806909000000000276e+01 7.331100000000000394e-01 4.798064000000001528e+01
1.985000000000000000e+04 4.813000000000000256e+01 4.795955000000000013e+01 2.454439999999999955e+00 4.799855000000000871e+01
1.986000000000000000e+04 4.814000000000000057e+01 4.820602000000000231e+01 -9.506799999999999695e-01 4.799238000000001136e+01
1.986999999999999636e+04 4.814999999999999858e+01 4.820138000000000034e+01 -7.398500000000000076e-01 4.797255000000001246e+01
1.987999999999999636e+04 4.815999999999999659e+01 4.857712000000000074e+01 -6.006579999999999586e+00 4.796725000000001415e+01
1.989000000000000000e+04 4.817000000000000171e+01 4.834761999999999915e+01 -2.557700000000000085e+00 4.792635000000001355e+01
1.989999999999999636e+04 4.817999999999999972e+01 4.839256999999999920e+01 -3.060950000000000060e+00 4.787432000000001153e+01
1.990999999999999636e+04 4.818999999999999773e+01 4.817347000000000179e+01 2.380800000000000138e-01 4.785071000000001362e+01
1.992000000000000000e+04 4.820000000000000284e+01 4.832233999999999696e+01 -1.761710000000000109e+00 4.784618000000001103e+01
1.993000000000000000e+04 4.821000000000000085e+01 4.823691999999999780e+01 -3.876200000000000201e-01 4.783065000000001277e+01
1.993999999999999636e+04 4.821999999999999886e+01 4.823526999999999987e+01 -2.199200000000000044e-01 4.783971000000001084e+01
1.994999999999999636e+04 4.822999999999999687e+01 4.793108999999999753e+01 4.304310000000000080e+00 4.786626000000001113e+01
1.996000000000000000e+04 4.824000000000000199e+01 4.788192999999999699e+01 5.156189999999999607e+00 4.790020000000001232e+01
1.997000000000000000e+04 4.825000000000000000e+01 4.824757999999999925e+01 3.490000000000000047e-02 4.793647000000001412e+01
1.997999999999999636e+04 4.825999999999999801e+01 4.835943999999999932e+01 -1.431910000000000016e+00 4.792996000000001544e+01
1.999000000000000000e+04 4.827000000000000313e+01 4.837239999999999895e+01 -1.474509999999999987e+00 4.790170000000001238e+01
2.000000000000000000e+04 4.828000000000000114e+01 4.861892000000000280e+01 -4.880489999999999995e+00 4.790170000000001238e+01
2.000999999999999636e+04 4.828999999999999915e+01 4.858789000000000158e+01 -4.289600000000000080e+00 4.787220000000001363e+01
2.001999999999999636e+04 4.829999999999999716e+01 4.870636999999999972e+01 -5.851679999999999993e+00 4.782165000000001243e+01
2.003000000000000000e+04 4.831000000000000227e+01 4.836364999999999981e+01 -7.726100000000000190e-01 4.779673000000001082e+01
2.004000000000000000e+04 4.832000000000000028e+01 4.842517999999999745e+01 -1.514629999999999921e+00 4.777955000000001462e+01
2.004999999999999636e+04 4.832999999999999829e+01 4.837462000000000018e+01 -6.425199999999999800e-01 4.777688000000001267e+01
2.006000000000000364e+04 4.834000000000000341e+01 4.851008999999999816e+01 -2.449300000000000033e+00 4.775240000000001572e+01
2.007000000000000000e+04 4.835000000000000142e+01 4.850240999999999758e+01 -2.194770000000000110e+00 4.773190000000001021e+01
2.007999999999999636e+04 4.835999999999999943e+01 4.845620999999999867e+01 -1.385369999999999990e+00 4.772251000000001397e+01
2.008999999999999636e+04 4.836999999999999744e+01 4.810294999999999987e+01 3.845579999999999998e+00 4.776381000000001364e+01
2.010000000000000000e+04 4.838000000000000256e+01 4.817965000000000231e+01 2.884980000000000100e+00 4.777963000000001159e+01
2.011000000000000000e+04 4.839000000000000057e+01 4.812926000000000215e+01 3.754589999999999872e+00 4.780621000000001430e+01
2.011999999999999636e+04 4.839999999999999858e+01 4.830664000000000158e+01 1.344340000000000090e+00 4.783491000000001492e+01
2.012999999999999636e+04 4.840999999999999659e+01 4.856416999999999717e+01 -2.220079999999999831e+00 4.781914000000001153e+01
2.014000000000000000e+04 4.842000000000000171e+01 4.848375000000000057e+01 -9.179599999999999982e-01 4.778430000000000888e+01
2.014999999999999636e+04 4.842999999999999972e+01 4.845573000000000263e+01 -3.705499999999999905e-01 4.777227000000001311e+01
2.015999999999999636e+04 4.843999999999999773e+01 4.859877999999999787e+01 -2.286369999999999791e+00 4.777528000000000930e+01
2.017000000000000000e+04 4.845000000000000284e+01 4.885593999999999681e+01 -5.845469999999999722e+00 4.773463000000000989e+01
2.018000000000000000e+04 4.846000000000000085e+01 4.862057000000000073e+01 -2.312230000000000008e+00 4.768852000000001112e+01
2.018999999999999636e+04 4.846999999999999886e+01 4.833990000000000009e+01 1.873450000000000060e+00 4.769205000000000894e+01
2.019999999999999636e+04 4.847999999999999687e+01 4.857321999999999917e+01 -1.342430000000000012e+00 4.770934000000001163e+01
2.021000000000000000e+04 4.849000000000000199e+01 4.884398999999999802e+01 -5.097459999999999880e+00 4.769088000000001415e+01
2.022000000000000000e+04 4.850000000000000000e+01 4.897478000000000264e+01 -6.836789999999999701e+00 4.764388000000001000e+01
2.022999999999999636e+04 4.850999999999999801e+01 4.866848000000000241e+01 -2.282169999999999810e+00 4.760106000000001103e+01
2.024000000000000000e+04 4.852000000000000313e+01 4.908070000000000022e+01 -8.074030000000000484e+00 4.757312000000001007e+01
2.025000000000000000e+04 4.853000000000000114e+01 4.885614000000000345e+01 -4.696349999999999802e+00 4.752814000000001471e+01
2.025999999999999636e+04 4.853999999999999915e+01 4.889965000000000117e+01 -5.178919999999999746e+00 4.748650000000001370e+01
2.026999999999999636e+04 4.854999999999999716e+01 4.836538000000000181e+01 2.658560000000000034e+00 4.745621000000001288e+01
2.028000000000000000e+04 4.856000000000000227e+01 4.840812999999999988e+01 2.186879999999999935e+00 4.748823000000001571e+01
2.029000000000000000e+04 4.857000000000000028e+01 4.883879999999999910e+01 -3.870730000000000004e+00 4.746470000000001477e+01
2.029999999999999636e+04 4.857999999999999829e+01 4.898089999999999833e+01 -5.772899999999999920e+00 4.743859000000001203e+01
2.031000000000000364e+04 4.859000000000000341e+01 4.840628000000000242e+01 2.645509999999999806e+00 4.742811000000001087e+01
2.032000000000000000e+04 4.860000000000000142e+01 4.862044999999999817e+01 -2.944499999999999895e-01 4.745637000000001393e+01
2.032999999999999636e+04 4.860999999999999943e+01 4.848474000000000217e+01 1.803790000000000004e+00 4.747072000000001424e+01
2.033999999999999636e+04 4.861999999999999744e+01 4.874190999999999718e+01 -1.755540000000000100e+00 4.746449000000001206e+01
2.035000000000000000e+04 4.863000000000000256e+01 4.868641999999999825e+01 -8.124900000000000455e-01 4.744337000000001581e+01
2.036000000000000000e+04 4.864000000000000057e+01 4.896318000000000126e+01 -4.653769999999999740e+00 4.740658000000001238e+01
2.036999999999999636e+04 4.864999999999999858e+01 4.879124000000000194e+01 -2.033840000000000092e+00 4.736907000000001489e+01
2.037999999999999636e+04 4.865999999999999659e+01 4.894210000000000349e+01 -4.062210000000000321e+00 4.735951000000001443e+01
2.039000000000000000e+04 4.867000000000000171e+01 4.847030999999999779e+01 2.875570000000000181e+00 4.736580000000001434e+01
2.039999999999999636e+04 4.867999999999999972e+01 4.854739000000000004e+01 1.909620000000000095e+00 4.739545000000001096e+01
2.040999999999999636e+04 4.868999999999999773e+01 4.877884999999999849e+01 -1.279400000000000093e+00 4.739770000000001460e+01
2.042000000000000000e+04 4.870000000000000284e+01 4.867985999999999791e+01 2.900900000000000145e-01 4.737216000000001515e+01
2.043000000000000000e+04 4.871000000000000085e+01 4.878750000000000142e+01 -1.116039999999999921e+00 4.735340000000001481e+01
2.043999999999999636e+04 4.871999999999999886e+01 4.878797000000000139e+01 -9.787900000000000489e-01 4.735024000000001365e+01
2.044999999999999636e+04 4.872999999999999687e+01 4.866676999999999964e+01 9.104400000000000270e-01 4.734596000000001226e+01
2.046000000000000000e+04 4.874000000000000199e+01 4.871739000000000175e+01 3.255199999999999760e-01 4.735396000000001493e+01
2.047000000000000000e+04 4.875000000000000000e+01 4.855689999999999884e+01 2.780640000000000001e+00 4.737247000000001407e+01
2.047999999999999636e+04 4.875999999999999801e+01 4.849725000000000108e+01 3.783570000000000100e+00 4.739929000000001480e+01
2.049000000000000000e+04 4.877000000000000313e+01 4.850704999999999956e+01 3.786459999999999937e+00 4.742998000000001468e+01
2.050000000000000000e+04 4.878000000000000114e+01 4.849607000000000312e+01 4.088589999999999947e+00 4.747116000000001179e+01
2.050999999999999636e+04 4.878999999999999915e+01 4.838512999999999664e+01 5.830149999999999721e+00 4.751773000000001446e+01
2.051999999999999636e+04 4.879999999999999716e+01 4.846419000000000210e+01 4.835720000000000240e+00 4.760166000000000963e+01
2.053000000000000000e+04 4.881000000000000227e+01 4.895877999999999730e+01 -2.142419999999999991e+00 4.759680000000000888e+01
2.054000000000000000e+04 4.882000000000000028e+01 4.885228000000000037e+01 -4.647899999999999809e-01 4.756975000000001330e+01
2.054999999999999636e+04 4.882999999999999829e+01 4.887698999999999927e+01 -6.766799999999999482e-01 4.758119000000001364e+01
2.056000000000000364e+04 4.884000000000000341e+01 4.869693999999999789e+01 2.060130000000000017e+00 4.757825000000001125e+01
2.057000000000000000e+04 4.885000000000000142e+01 4.846253999999999706e+01 5.579399999999999693e+00 4.760644000000001341e+01
2.057999999999999636e+04 4.885999999999999943e+01 4.854144999999999754e+01 4.587049999999999628e+00 4.766365000000001118e+01
2.058999999999999636e+04 4.886999999999999744e+01 4.883599000000000245e+01 4.897900000000000031e-01 4.768729000000001150e+01
2.060000000000000000e+04 4.888000000000000256e+01 4.890755999999999659e+01 -3.968200000000000061e-01 4.768100000000001160e+01
2.061000000000000000e+04 4.889000000000000057e+01 4.892434999999999690e+01 -4.946499999999999786e-01 4.768344000000001159e+01
2.061999999999999636e+04 4.889999999999999858e+01 4.898743000000000336e+01 -1.258960000000000079e+00 4.768229000000000894e+01
2.062999999999999636e+04 4.890999999999999659e+01 4.885533000000000214e+01 7.872700000000000253e-01 4.769355000000000899e+01
2.064000000000000000e+04 4.892000000000000171e+01 4.883026999999999873e+01 1.292110000000000092e+00 4.770725000000000904e+01
2.064999999999999636e+04 4.892999999999999972e+01 4.882862999999999687e+01 1.459719999999999906e+00 4.771628000000001180e+01
2.065999999999999636e+04 4.893999999999999773e+01 4.897635999999999967e+01 -5.235999999999999543e-01 4.771804000000000912e+01
2.067000000000000000e+04 4.895000000000000284e+01 4.889607999999999777e+01 7.763999999999999790e-01 4.771674000000001570e+01
2.068000000000000000e+04 4.896000000000000085e+01 4.890346999999999866e+01 8.140100000000000113e-01 4.772412000000001342e+01
2.068999999999999636e+04 4.896999999999999886e+01 4.892159999999999798e+01 6.969699999999999784e-01 4.771688000000001040e+01
2.069999999999999636e+04 4.897999999999999687e+01 4.931278999999999968e+01 -4.792200000000000237e+00 4.770387000000000910e+01
2.071000000000000000e+04 4.899000000000000199e+01 4.923975999999999686e+01 -3.596579999999999888e+00 4.767773000000001105e+01
2.072000000000000000e+04 4.900000000000000000e+01 4.865926999999999936e+01 4.906530000000000058e+00 4.765606000000001075e+01
2.072999999999999636e+04 4.900999999999999801e+01 4.892275000000000063e+01 1.256469999999999976e+00 4.768553000000001418e+01
2.074000000000000000e+04 4.902000000000000313e+01 4.918242000000000047e+01 -2.338810000000000056e+00 4.768413000000001034e+01
2.075000000000000000e+04 4.903000000000000114e+01 4.911822999999999695e+01 -1.270489999999999897e+00 4.766845000000001420e+01
2.075999999999999636e+04 4.903999999999999915e+01 4.915729000000000326e+01 -1.688989999999999991e+00 4.764718000000001297e+01
2.076999999999999636e+04 4.904999999999999716e+01 4.920289999999999964e+01 -2.201789999999999914e+00 4.761236000000000956e+01
2.078000000000000000e+04 4.906000000000000227e+01 4.918057000000000301e+01 -1.736210000000000031e+00 4.759654000000001162e+01
2.079000000000000000e+04 4.907000000000000028e+01 4.919415999999999656e+01 -1.787849999999999939e+00 4.759303000000001305e+01
2.079999999999999636e+04 4.907999999999999829e+01 4.922079999999999700e+01 -2.027569999999999872e+00 4.755217000000001093e+01
2.081000000000000364e+04 4.909000000000000341e+01 4.890946000000000282e+01 2.599839999999999929e+00 4.754587000000001495e+01
2.082000000000000000e+04 4.910000000000000142e+01 4.896907000000000210e+01 1.885429999999999939e+00 4.756946000000001362e+01
2.082999999999999636e+04 4.910999999999999943e+01 4.896137999999999835e+01 2.140200000000000102e+00 4.758503000000001038e+01
2.083999999999999636e+04 4.911999999999999744e+01 4.901915999999999940e+01 1.452129999999999921e+00 4.759623000000001269e+01
2.085000000000000000e+04 4.913000000000000256e+01 4.910065999999999775e+01 4.224999999999999867e-01 4.760741000000001577e+01
2.086000000000000000e+04 4.914000000000000057e+01 4.903576000000000334e+01 1.501039999999999930e+00 4.762265000000001436e+01
2.086999999999999636e+04 4.914999999999999858e+01 4.903846999999999667e+01 1.606000000000000094e+00 4.762575000000001069e+01
2.087999999999999636e+04 4.915999999999999659e+01 4.895611000000000246e+01 2.936059999999999892e+00 4.764571000000001533e+01
2.089000000000000000e+04 4.917000000000000171e+01 4.911513000000000062e+01 7.901799999999999935e-01 4.765907000000001403e+01
2.089999999999999636e+04 4.917999999999999972e+01 4.898011999999999944e+01 2.878200000000000092e+00 4.765494000000001051e+01
2.090999999999999636e+04 4.918999999999999773e+01 4.906007000000000318e+01 1.870940000000000047e+00 4.768265000000000953e+01
2.092000000000000000e+04 4.920000000000000284e+01 4.904529999999999745e+01 2.227739999999999831e+00 4.768190000000001305e+01
2.093000000000000000e+04 4.921000000000000085e+01 4.905939999999999657e+01 2.168680000000000163e+00 4.772120000000001028e+01
2.093999999999999636e+04 4.921999999999999886e+01 4.956987999999999772e+01 -5.038269999999999804e+00 4.771071000000001305e+01
2.094999999999999636e+04 4.922999999999999687e+01 4.919959999999999667e+01 4.377599999999999825e-01 4.768973000000001150e+01
2.096000000000000000e+04 4.924000000000000199e+01 4.906830000000000069e+01 2.472539999999999960e+00 4.770849000000001183e+01
2.097000000000000000e+04 4.925000000000000000e+01 4.927248000000000161e+01 -3.236399999999999832e-01 4.773893000000001052e+01
2.097999999999999636e+04 4.925999999999999801e+01 4.913821999999999690e+01 1.753649999999999931e+00 4.773406000000001370e+01
2.099000000000000000e+04 4.927000000000000313e+01 4.964958000000000027e+01 -5.466009999999999813e+00 4.770801000000001579e+01
2.100000000000000000e+04 4.928000000000000114e+01 4.962751000000000090e+01 -5.004179999999999851e+00 4.770801000000001579e+01
2.100999999999999636e+04 4.928999999999999915e+01 4.921865999999999985e+01 1.027300000000000102e+00 4.768994000000001421e+01
2.101999999999999636e+04 4.929999999999999716e+01 4.909873999999999938e+01 2.898149999999999782e+00 4.772609000000001345e+01
2.103000000000000000e+04 4.931000000000000227e+01 4.932104999999999961e+01 -1.590799999999999992e-01 4.772598000000001406e+01
2.104000000000000000e+04 4.932000000000000028e+01 4.953007999999999811e+01 -3.025139999999999940e+00 4.770590000000001396e+01
2.104999999999999636e+04 4.932999999999999829e+01 4.935884000000000071e+01 -4.152299999999999880e-01 4.768647000000001412e+01
2.106000000000000364e+04 4.934000000000000341e+01 4.920132000000000261e+01 1.996979999999999977e+00 4.769406000000001455e+01
2.107000000000000000e+04 4.935000000000000142e+01 4.889475999999999800e+01 6.555460000000000065e+00 4.774175000000001745e+01
2.107999999999999636e+04 4.935999999999999943e+01 4.883019000000000176e+01 7.629299999999999748e+00 4.780512000000001649e+01
2.108999999999999636e+04 4.936999999999999744e+01 4.930780000000000030e+01 8.956800000000000317e-01 4.784918000000001825e+01
2.110000000000000000e+04 4.938000000000000256e+01 4.917936000000000263e+01 2.889170000000000016e+00 4.786488000000001364e+01
2.111000000000000000e+04 4.939000000000000057e+01 4.915030999999999750e+01 3.451600000000000001e+00 4.789316000000001594e+01
2.111999999999999636e+04 4.939999999999999858e+01 4.905975999999999715e+01 4.899390000000000356e+00 4.793203000000001879e+01
2.112999999999999636e+04 4.940999999999999659e+01 4.882829000000000264e+01 8.376609999999999445e+00 4.800403000000001441e+01
2.114000000000000000e+04 4.942000000000000171e+01 4.912697000000000003e+01 4.219680000000000319e+00 4.806144000000001881e+01
2.114999999999999636e+04 4.942999999999999972e+01 4.940578000000000003e+01 3.487399999999999944e-01 4.807380000000001274e+01
2.115999999999999636e+04 4.943999999999999773e+01 4.935197999999999752e+01 1.267539999999999889e+00 4.809355000000001468e+01
2.117000000000000000e+04 4.945000000000000284e+01 4.958711000000000269e+01 -1.974399999999999933e+00 4.808489000000001568e+01
2.118000000000000000e+04 4.946000000000000085e+01 4.952758000000000038e+01 -9.730799999999999450e-01 4.809248000000001610e+01
2.118999999999999636e+04 4.946999999999999886e+01 4.951917000000000257e+01 -7.081100000000000172e-01 4.809508000000001715e+01
2.119999999999999636e+04 4.947999999999999687e+01 4.947818999999999789e+01 2.612000000000000086e-02 4.808986000000001582e+01
2.121000000000000000e+04 4.949000000000000199e+01 4.912192999999999898e+01 5.300239999999999618e+00 4.812368000000001445e+01
2.122000000000000000e+04 4.950000000000000000e+01 4.944707999999999970e+01 7.620599999999999596e-01 4.816811000000001286e+01
2.122999999999999636e+04 4.950999999999999801e+01 4.929552000000000334e+01 3.088499999999999801e+00 4.817184000000001731e+01
2.124000000000000000e+04 4.952000000000000313e+01 4.943319000000000329e+01 1.250099999999999989e+00 4.818252000000001800e+01
2.125000000000000000e+04 4.953000000000000114e+01 4.957620000000000005e+01 -6.652599999999999625e-01 4.817793000000001769e+01
2.125999999999999636e+04 4.953999999999999915e+01 4.958117000000000019e+01 -5.928600000000000536e-01 4.816602000000001738e+01
2.126999999999999636e+04 4.954999999999999716e+01 4.958771999999999736e+01 -5.431300000000000017e-01 4.818615000000001913e+01
2.128000000000000000e+04 4.956000000000000227e+01 4.965993000000000279e+01 -1.439009999999999900e+00 4.816846000000001737e+01
2.129000000000000000e+04 4.957000000000000028e+01 4.949318000000000239e+01 1.106270000000000087e+00 4.816367000000001752e+01
2.129999999999999636e+04 4.957999999999999829e+01 4.959584999999999866e+01 -2.282599999999999907e-01 4.818501000000001255e+01
2.131000000000000364e+04 4.959000000000000341e+01 4.933993000000000251e+01 3.600950000000000095e+00 4.818847000000001657e+01
2.132000000000000000e+04 4.960000000000000142e+01 4.959738000000000113e+01 3.769999999999999740e-02 4.820668000000001285e+01
2.132999999999999636e+04 4.960999999999999943e+01 4.959299000000000035e+01 2.448799999999999866e-01 4.821073000000001230e+01
2.133999999999999636e+04 4.961999999999999744e+01 4.945212000000000074e+01 2.417499999999999982e+00 4.823522000000001242e+01
2.135000000000000000e+04 4.963000000000000256e+01 4.955555999999999983e+01 1.071909999999999918e+00 4.824961000000001832e+01
2.136000000000000000e+04 4.964000000000000057e+01 4.996741000000000099e+01 -4.714680000000000426e+00 4.821604000000001378e+01
2.136999999999999636e+04 4.964999999999999858e+01 4.996504999999999797e+01 -4.536739999999999995e+00 4.815958000000001249e+01
2.137999999999999636e+04 4.965999999999999659e+01 4.998691000000000173e+01 -4.707480000000000331e+00 4.811236000000001667e+01
2.139000000000000000e+04 4.967000000000000171e+01 4.988094000000000250e+01 -3.037589999999999790e+00 4.808926000000001721e+01
2.139999999999999636e+04 4.967999999999999972e+01 4.969592999999999705e+01 -2.293800000000000006e-01 4.808696000000001902e+01
2.140999999999999636e+04 4.968999999999999773e+01 5.004867999999999739e+01 -5.164970000000000283e+00 4.806549000000001826e+01
2.142000000000000000e+04 4.970000000000000284e+01 4.977474000000000132e+01 -1.076230000000000020e+00 4.803203000000001310e+01
2.143000000000000000e+04 4.971000000000000085e+01 4.987812999999999874e+01 -2.421040000000000081e+00 4.800260000000001526e+01
2.143999999999999636e+04 4.971999999999999886e+01 4.987552999999999770e+01 -2.239679999999999893e+00 4.797228000000001913e+01
2.144999999999999636e+04 4.972999999999999687e+01 4.998389000000000237e+01 -3.656080000000000219e+00 4.793013000000001256e+01
2.146000000000000000e+04 4.974000000000000199e+01 4.968144000000000204e+01 8.432500000000000551e-01 4.791358000000001738e+01
2.147000000000000000e+04 4.975000000000000000e+01 4.948029999999999973e+01 3.883630000000000138e+00 4.792280000000001650e+01
2.147999999999999636e+04 4.975999999999999801e+01 4.979771999999999821e+01 -5.431099999999999817e-01 4.792853000000001629e+01
2.149000000000000000e+04 4.977000000000000313e+01 4.962801000000000329e+01 2.044649999999999856e+00 4.793804000000001508e+01
2.150000000000000000e+04 4.978000000000000114e+01 4.992667999999999751e+01 -2.112200000000000077e+00 4.796037000000001882e+01
2.150999999999999636e+04 4.978999999999999915e+01 4.961422000000000310e+01 2.531179999999999986e+00 4.794562000000001234e+01
2.151999999999999636e+04 4.979999999999999716e+01 4.986377000000000237e+01 -9.183099999999999596e-01 4.794613000000001790e+01
2.153000000000000000e+04 4.981000000000000227e+01 4.962116999999999933e+01 2.719160000000000021e+00 4.796748000000001610e+01
2.154000000000000000e+04 4.982000000000000028e+01 4.995414000000000243e+01 -1.931659999999999933e+00 4.797925000000001461e+01
2.154999999999999636e+04 4.982999999999999829e+01 4.959626000000000090e+01 3.365800000000000125e+00 4.797393000000001706e+01
2.156000000000000364e+04 4.984000000000000341e+01 4.970112000000000307e+01 1.999889999999999946e+00 4.800537000000001342e+01
2.157000000000000000e+04 4.985000000000000142e+01 4.977895999999999788e+01 1.022950000000000026e+00 4.801127000000001743e+01
2.157999999999999636e+04 4.985999999999999943e+01 4.984503000000000128e+01 2.156099999999999961e-01 4.800764000000001630e+01
2.158999999999999636e+04 4.986999999999999744e+01 4.982999999999999829e+01 5.759900000000000020e-01 4.799972000000001771e+01
2.160000000000000000e+04 4.988000000000000256e+01 4.986440999999999946e+01 2.244299999999999906e-01 4.800751000000001767e+01
2.161000000000000000e+04 4.989000000000000057e+01 4.974578000000000344e+01 2.076719999999999899e+00 4.801323000000001429e+01
2.161999999999999636e+04 4.989999999999999858e+01 4.991913000000000267e+01 -2.754699999999999926e-01 4.802741000000001748e+01
2.162999999999999636e+04 4.990999999999999659e+01 4.994046000000000163e+01 -4.386499999999999844e-01 4.803036000000001593e+01
2.164000000000000000e+04 4.992000000000000171e+01 5.027407999999999788e+01 -5.098749999999999893e+00 4.799854000000001264e+01
2.164999999999999636e+04 4.992999999999999972e+01 4.992155000000000342e+01 1.216200000000000059e-01 4.798196000000001504e+01
2.165999999999999636e+04 4.993999999999999773e+01 4.975256999999999863e+01 2.698970000000000091e+00 4.798533000000001891e+01
2.167000000000000000e+04 4.995000000000000284e+01 4.977322999999999809e+01 2.545420000000000016e+00 4.801487000000001615e+01
2.168000000000000000e+04 4.996000000000000085e+01 4.974061999999999983e+01 3.158999999999999808e+00 4.804884000000001265e+01
2.168999999999999636e+04 4.996999999999999886e+01 4.977205000000000013e+01 2.850429999999999797e+00 4.808445000000001812e+01
2.169999999999999636e+04 4.997999999999999687e+01 4.975818999999999903e+01 3.194020000000000081e+00 4.811678000000001276e+01
2.171000000000000000e+04 4.999000000000000199e+01 4.992992999999999881e+01 8.650200000000000111e-01 4.813266000000001554e+01
2.172000000000000000e+04 5.000000000000000000e+01 4.960459000000000174e+01 5.693970000000000198e+00 4.816015000000001578e+01
2.172999999999999636e+04 5.000999999999999801e+01 4.983543999999999841e+01 2.513640000000000096e+00 4.820194000000001466e+01
2.174000000000000000e+04 5.002000000000000313e+01 5.016752999999999929e+01 -2.124400000000000066e+00 4.821553000000001532e+01
2.175000000000000000e+04 5.003000000000000114e+01 5.018836999999999904e+01 -2.280590000000000117e+00 4.818622000000001293e+01
2.175999999999999636e+04 5.003999999999999915e+01 4.983220000000000027e+01 2.992319999999999869e+00 4.817626000000001341e+01
2.176999999999999636e+04 5.004999999999999716e+01 4.990341999999999700e+01 2.110700000000000021e+00 4.818303000000001646e+01
2.178000000000000000e+04 5.006000000000000227e+01 4.985490000000000066e+01 2.953419999999999934e+00 4.823077000000001391e+01
2.179000000000000000e+04 5.007000000000000028e+01 4.974300000000000210e+01 4.708779999999999966e+00 4.828797000000001560e+01
2.179999999999999636e+04 5.007999999999999829e+01 5.006953000000000031e+01 1.508400000000000019e-01 4.832405000000001394e+01
2.181000000000000364e+04 5.009000000000000341e+01 5.018372999999999706e+01 -1.349699999999999900e+00 4.832974000000001524e+01
2.182000000000000000e+04 5.010000000000000142e+01 5.012095999999999663e+01 -3.018799999999999817e-01 4.831313000000001523e+01
2.182999999999999636e+04 5.010999999999999943e+01 5.001219999999999999e+01 1.408250000000000002e+00 4.832354000000001548e+01
2.183999999999999636e+04 5.011999999999999744e+01 4.955930000000000035e+01 8.074089999999999989e+00 4.836635000000001838e+01
2.185000000000000000e+04 5.013000000000000256e+01 4.986166999999999661e+01 3.863989999999999814e+00 4.844084000000001566e+01
2.186000000000000000e+04 5.014000000000000057e+01 4.992231000000000307e+01 3.134780000000000122e+00 4.846533000000001579e+01
2.186999999999999636e+04 5.014999999999999858e+01 5.002026000000000039e+01 1.868209999999999926e+00 4.849127000000001431e+01
2.187999999999999636e+04 5.015999999999999659e+01 5.011010999999999882e+01 7.183599999999999985e-01 4.849039000000001920e+01
2.189000000000000000e+04 5.017000000000000171e+01 5.029621000000000208e+01 -1.817360000000000086e+00 4.848002000000001743e+01
2.189999999999999636e+04 5.017999999999999972e+01 5.035985000000000156e+01 -2.589809999999999945e+00 4.845861000000001440e+01
2.190999999999999636e+04 5.018999999999999773e+01 5.032155000000000200e+01 -1.894360000000000044e+00 4.843356000000001416e+01
2.192000000000000000e+04 5.020000000000000284e+01 5.015203000000000344e+01 6.907400000000000206e-01 4.842725000000001501e+01
2.193000000000000000e+04 5.021000000000000085e+01 5.050739000000000090e+01 -4.282359999999999722e+00 4.839268000000001280e+01
2.193999999999999636e+04 5.021999999999999886e+01 5.000115000000000265e+01 3.151400000000000201e+00 4.838670000000001892e+01
2.194999999999999636e+04 5.022999999999999687e+01 4.996891999999999712e+01 3.759560000000000013e+00 4.842121000000001629e+01
2.196000000000000000e+04 5.024000000000000199e+01 5.012062000000000239e+01 1.719100000000000072e+00 4.845804000000001821e+01
2.197000000000000000e+04 5.025000000000000000e+01 5.025399000000000171e+01 -5.745999999999999719e-02 4.848064000000001528e+01
2.197999999999999636e+04 5.025999999999999801e+01 5.024020000000000152e+01 2.850900000000000101e-01 4.848726000000001335e+01
2.199000000000000000e+04 5.027000000000000313e+01 5.027127000000000123e+01 -1.825999999999999845e-02 4.849143000000001535e+01
2.200000000000000000e+04 5.028000000000000114e+01 4.976182000000000016e+01 7.461839999999999584e+00 4.849143000000001535e+01
2.200999999999999636e+04 5.028999999999999915e+01 4.992396000000000100e+01 5.270920000000000272e+00 4.854770000000001318e+01
2.201999999999999636e+04 5.029999999999999716e+01 4.964289999999999736e+01 9.462210000000000676e+00 4.861470000000001335e+01
2.203000000000000000e+04 5.031000000000000227e+01 5.048619999999999663e+01 -2.537300000000000111e+00 4.864510000000001355e+01
2.204000000000000000e+04 5.032000000000000028e+01 5.030722999999999701e+01 1.839200000000000002e-01 4.865302000000001215e+01
2.204999999999999636e+04 5.032999999999999829e+01 5.043321000000000254e+01 -1.486259999999999915e+00 4.863830000000001519e+01
2.206000000000000000e+04 5.034000000000000341e+01 5.029292000000000229e+01 6.780100000000000016e-01 4.862228000000001771e+01
2.207000000000000000e+04 5.035000000000000142e+01 5.053706999999999994e+01 -2.693770000000000220e+00 4.858874000000001558e+01
2.207999999999999636e+04 5.035999999999999943e+01 5.045752999999999844e+01 -1.404490000000000016e+00 4.858293000000001882e+01
2.208999999999999636e+04 5.036999999999999744e+01 5.060517000000000110e+01 -3.386439999999999895e+00 4.855851000000001250e+01
2.210000000000000000e+04 5.038000000000000256e+01 5.057741999999999649e+01 -2.842870000000000008e+00 4.851892000000001559e+01
2.211000000000000000e+04 5.039000000000000057e+01 5.051021000000000072e+01 -1.731009999999999938e+00 4.848974000000001183e+01
2.211999999999999636e+04 5.039999999999999858e+01 5.011482000000000170e+01 4.106580000000000119e+00 4.848760000000001469e+01
2.212999999999999636e+04 5.040999999999999659e+01 4.995626000000000033e+01 6.533879999999999910e+00 4.854419000000001461e+01
2.214000000000000000e+04 5.042000000000000171e+01 5.028665000000000163e+01 1.920230000000000103e+00 4.858359000000001515e+01
2.214999999999999636e+04 5.042999999999999972e+01 5.050959999999999894e+01 -1.146169999999999911e+00 4.858170000000001210e+01
2.215999999999999636e+04 5.043999999999999773e+01 5.031701999999999941e+01 1.770979999999999999e+00 4.859049000000001683e+01
2.217000000000000000e+04 5.045000000000000284e+01 5.056504999999999939e+01 -1.656779999999999919e+00 4.859315000000001561e+01
2.218000000000000000e+04 5.046000000000000085e+01 5.014598000000000155e+01 4.521910000000000096e+00 4.860180000000001854e+01
2.218999999999999636e+04 5.046999999999999886e+01 5.039847000000000321e+01 1.030019999999999936e+00 4.861853000000001401e+01
2.219999999999999636e+04 5.047999999999999687e+01 5.046128999999999820e+01 2.695000000000000173e-01 4.861785000000001844e+01
2.221000000000000000e+04 5.049000000000000199e+01 5.065064000000000277e+01 -2.313229999999999897e+00 4.860481000000001472e+01
2.222000000000000000e+04 5.050000000000000000e+01 5.054681000000000068e+01 -6.740699999999999470e-01 4.858125000000001847e+01
2.222999999999999636e+04 5.050999999999999801e+01 5.034402999999999651e+01 2.389949999999999797e+00 4.860758000000001289e+01
2.224000000000000000e+04 5.052000000000000313e+01 5.053511999999999915e+01 -2.177300000000000069e-01 4.862482000000001392e+01
2.225000000000000000e+04 5.053000000000000114e+01 5.055022999999999911e+01 -2.912899999999999934e-01 4.863270000000001403e+01
2.225999999999999636e+04 5.053999999999999915e+01 5.032607000000000141e+01 3.080550000000000122e+00 4.865920000000001266e+01
2.226999999999999636e+04 5.054999999999999716e+01 5.045933999999999742e+01 1.305509999999999948e+00 4.867746000000001771e+01
2.228000000000000000e+04 5.056000000000000227e+01 5.055955000000000155e+01 6.409999999999999899e-03 4.868612000000001672e+01
2.229000000000000000e+04 5.057000000000000028e+01 5.081513000000000346e+01 -3.529900000000000038e+00 4.867630000000001189e+01
2.229999999999999636e+04 5.057999999999999829e+01 5.078193000000000268e+01 -2.907830000000000137e+00 4.867554000000001224e+01
2.231000000000000000e+04 5.059000000000000341e+01 5.036701999999999657e+01 3.210840000000000138e+00 4.867930000000001201e+01
2.232000000000000000e+04 5.060000000000000142e+01 5.024038000000000181e+01 5.178560000000000052e+00 4.869274000000001479e+01
2.232999999999999636e+04 5.060999999999999943e+01 5.028990000000000293e+01 4.609510000000000218e+00 4.872118000000001814e+01
2.233999999999999636e+04 5.061999999999999744e+01 5.048181000000000296e+01 1.989929999999999977e+00 4.874391000000001384e+01
2.235000000000000000e+04 5.063000000000000256e+01 5.075301999999999936e+01 -1.771500000000000075e+00 4.875001000000001738e+01
2.236000000000000000e+04 5.064000000000000057e+01 5.068332000000000193e+01 -6.237800000000000011e-01 4.872861000000001752e+01
2.236999999999999636e+04 5.064999999999999858e+01 5.048877000000000237e+01 2.321750000000000203e+00 4.873741000000001833e+01
2.237999999999999636e+04 5.065999999999999659e+01 5.070756000000000085e+01 -6.848800000000000443e-01 4.873788000000001830e+01
2.239000000000000000e+04 5.067000000000000171e+01 5.087492999999999910e+01 -2.951060000000000016e+00 4.871816000000001878e+01
2.239999999999999636e+04 5.067999999999999972e+01 5.064495000000000147e+01 5.046500000000000430e-01 4.870783000000001550e+01
2.240999999999999636e+04 5.068999999999999773e+01 5.047925999999999647e+01 3.034670000000000201e+00 4.875057000000001750e+01
2.242000000000000000e+04 5.070000000000000284e+01 5.060853999999999786e+01 1.317069999999999963e+00 4.874889000000001715e+01
2.243000000000000000e+04 5.071000000000000085e+01 5.077329000000000292e+01 -9.113599999999999479e-01 4.874752000000001573e+01
2.243999999999999636e+04 5.071999999999999886e+01 5.040326999999999913e+01 4.560970000000000191e+00 4.876569000000001353e+01
2.244999999999999636e+04 5.072999999999999687e+01 5.052065000000000339e+01 3.014629999999999921e+00 4.880321000000001419e+01
2.246000000000000000e+04 5.074000000000000199e+01 5.066723999999999961e+01 1.047800000000000065e+00 4.882223000000001889e+01
2.247000000000000000e+04 5.075000000000000000e+01 5.052671000000000134e+01 3.215440000000000076e+00 4.884215000000001794e+01
2.247999999999999636e+04 5.075999999999999801e+01 5.055125000000000313e+01 3.005930000000000213e+00 4.885256000000001819e+01
2.249000000000000000e+04 5.077000000000000313e+01 5.088358999999999810e+01 -1.635750000000000037e+00 4.886775000000001512e+01
2.250000000000000000e+04 5.078000000000000114e+01 5.080698000000000292e+01 -3.884900000000000020e-01 4.885978000000001487e+01
2.250999999999999636e+04 5.078999999999999915e+01 5.095134999999999792e+01 -2.323490000000000055e+00 4.885670000000001778e+01
2.251999999999999636e+04 5.079999999999999716e+01 5.067956000000000216e+01 1.734359999999999902e+00 4.884945000000001869e+01
2.253000000000000000e+04 5.081000000000000227e+01 5.086795999999999651e+01 -8.346700000000000230e-01 4.886190000000001277e+01
2.254000000000000000e+04 5.082000000000000028e+01 5.125914000000000215e+01 -6.323660000000000281e+00 4.883732000000001250e+01
2.254999999999999636e+04 5.082999999999999829e+01 5.139647000000000077e+01 -8.157220000000000582e+00 4.877948000000001372e+01
2.256000000000000000e+04 5.084000000000000341e+01 5.093137000000000114e+01 -1.315660000000000052e+00 4.872281000000001683e+01
2.257000000000000000e+04 5.085000000000000142e+01 5.117323999999999984e+01 -4.654679999999999929e+00 4.871510000000001384e+01
2.257999999999999636e+04 5.085999999999999943e+01 5.102060999999999780e+01 -2.312819999999999876e+00 4.866525000000001455e+01
2.258999999999999636e+04 5.086999999999999744e+01 5.110316000000000258e+01 -3.357489999999999863e+00 4.865251000000001369e+01
2.260000000000000000e+04 5.088000000000000256e+01 5.120152000000000214e+01 -4.629950000000000010e+00 4.863130000000001729e+01
2.261000000000000000e+04 5.089000000000000057e+01 5.075012999999999863e+01 2.014149999999999885e+00 4.862660000000001759e+01
2.261999999999999636e+04 5.089999999999999858e+01 5.078750000000000142e+01 1.619979999999999976e+00 4.864598000000001576e+01
2.262999999999999636e+04 5.090999999999999659e+01 5.069442999999999699e+01 3.104249999999999954e+00 4.866974000000001865e+01
2.264000000000000000e+04 5.092000000000000171e+01 5.071036999999999750e+01 3.018720000000000070e+00 4.870096000000001624e+01
2.264999999999999636e+04 5.092999999999999972e+01 5.092266000000000048e+01 1.056600000000000039e-01 4.870988000000001250e+01
2.265999999999999636e+04 5.093999999999999773e+01 5.077862999999999971e+01 2.323669999999999902e+00 4.871927000000001584e+01
2.267000000000000000e+04 5.095000000000000284e+01 5.122384999999999877e+01 -3.943389999999999951e+00 4.870652000000001181e+01
2.268000000000000000e+04 5.096000000000000085e+01 5.113047000000000253e+01 -2.454800000000000093e+00 4.868036000000001451e+01
2.268999999999999636e+04 5.096999999999999886e+01 5.122006999999999977e+01 -3.600979999999999848e+00 4.863631000000001592e+01
2.269999999999999636e+04 5.097999999999999687e+01 5.112351999999999919e+01 -2.066699999999999982e+00 4.861632000000001597e+01
2.271000000000000000e+04 5.099000000000000199e+01 5.123830000000000240e+01 -3.575569999999999915e+00 4.857945000000001556e+01
2.272000000000000000e+04 5.100000000000000000e+01 5.129728000000000065e+01 -4.280829999999999913e+00 4.853414000000001494e+01
2.272999999999999636e+04 5.100999999999999801e+01 5.100612000000000279e+01 5.589000000000000218e-02 4.852884000000001663e+01
2.274000000000000000e+04 5.102000000000000313e+01 5.089649000000000001e+01 1.778559999999999919e+00 4.852382000000001483e+01
2.275000000000000000e+04 5.103000000000000114e+01 5.119089000000000311e+01 -2.316879999999999828e+00 4.851611000000001184e+01
2.275999999999999636e+04 5.103999999999999915e+01 5.093417000000000172e+01 1.523940000000000072e+00 4.848921000000001413e+01
2.276999999999999636e+04 5.104999999999999716e+01 5.111283999999999850e+01 -9.048300000000000232e-01 4.849625000000001762e+01
2.278000000000000000e+04 5.106000000000000227e+01 5.068950999999999851e+01 5.335099999999999731e+00 4.851673000000001679e+01
2.279000000000000000e+04 5.107000000000000028e+01 5.070338000000000278e+01 5.279359999999999609e+00 4.856344000000001415e+01
2.279999999999999636e+04 5.107999999999999829e+01 5.085804000000000258e+01 3.196289999999999853e+00 4.859118000000001558e+01
2.281000000000000000e+04 5.109000000000000341e+01 5.081644000000000005e+01 3.939270000000000049e+00 4.862523000000001616e+01
2.282000000000000000e+04 5.110000000000000142e+01 5.089860999999999791e+01 2.900040000000000173e+00 4.864064000000001187e+01
2.282999999999999636e+04 5.110999999999999943e+01 5.108482000000000056e+01 3.625499999999999834e-01 4.867898000000001701e+01
2.283999999999999636e+04 5.111999999999999744e+01 5.108738000000000312e+01 4.697600000000000109e-01 4.868081000000001524e+01
2.285000000000000000e+04 5.113000000000000256e+01 5.148637000000000086e+01 -5.131739999999999746e+00 4.866127000000001601e+01
2.286000000000000000e+04 5.114000000000000057e+01 5.172361999999999682e+01 -8.404070000000000817e+00 4.859045000000001835e+01
2.286999999999999636e+04 5.114999999999999858e+01 5.124998999999999683e+01 -1.439880000000000049e+00 4.854698000000001201e+01
2.287999999999999636e+04 5.115999999999999659e+01 5.165149000000000257e+01 -7.077510000000000190e+00 4.849678000000001532e+01
2.289000000000000000e+04 5.117000000000000171e+01 5.149132999999999782e+01 -4.627119999999999678e+00 4.844783000000001749e+01
2.289999999999999636e+04 5.117999999999999972e+01 5.106436000000000064e+01 1.665259999999999962e+00 4.843203000000001879e+01
2.290999999999999636e+04 5.118999999999999773e+01 5.124609000000000236e+01 -8.076900000000000190e-01 4.840956000000001325e+01
2.292000000000000000e+04 5.120000000000000284e+01 5.095935000000000059e+01 3.465380000000000127e+00 4.841707000000001671e+01
2.293000000000000000e+04 5.121000000000000085e+01 5.113626000000000005e+01 1.061849999999999961e+00 4.844569000000001324e+01
2.293999999999999636e+04 5.121999999999999886e+01 5.099043000000000347e+01 3.305860000000000021e+00 4.847960000000001202e+01
2.294999999999999636e+04 5.122999999999999687e+01 5.121482999999999919e+01 2.183900000000000008e-01 4.849865000000001203e+01
2.296000000000000000e+04 5.124000000000000199e+01 5.125453000000000259e+01 -2.092600000000000016e-01 4.849015000000001407e+01
2.297000000000000000e+04 5.125000000000000000e+01 5.153681999999999874e+01 -4.130200000000000315e+00 4.847532000000001773e+01
2.297999999999999636e+04 5.125999999999999801e+01 5.135228000000000037e+01 -1.328810000000000047e+00 4.843348000000001718e+01
2.299000000000000000e+04 5.127000000000000313e+01 5.167213999999999885e+01 -5.790770000000000195e+00 4.839995000000001824e+01
2.300000000000000000e+04 5.128000000000000114e+01 5.159474999999999767e+01 -4.532399999999999984e+00 4.839995000000001824e+01
2.300999999999999636e+04 5.128999999999999915e+01 5.137469999999999715e+01 -1.219619999999999926e+00 4.839459000000001510e+01
2.301999999999999636e+04 5.129999999999999716e+01 5.137451999999999686e+01 -1.073039999999999994e+00 4.840397000000001526e+01
2.303000000000000000e+04 5.131000000000000227e+01 5.143019000000000318e+01 -1.730790000000000051e+00 4.837431000000001546e+01
2.304000000000000000e+04 5.132000000000000028e+01 5.115742000000000189e+01 2.341209999999999791e+00 4.838724000000001979e+01
2.304999999999999636e+04 5.132999999999999829e+01 5.125880999999999688e+01 1.025179999999999980e+00 4.840007000000002080e+01
2.306000000000000000e+04 5.134000000000000341e+01 5.172549999999999670e+01 -5.551260000000000083e+00 4.838101000000001761e+01
2.307000000000000000e+04 5.135000000000000142e+01 5.115359000000000123e+01 2.828370000000000051e+00 4.835875000000001478e+01
2.307999999999999636e+04 5.135999999999999943e+01 5.137333999999999889e+01 -1.920900000000000107e-01 4.838340000000001595e+01
2.308999999999999636e+04 5.136999999999999744e+01 5.137763999999999953e+01 -1.099699999999999983e-01 4.840433000000001584e+01
2.310000000000000000e+04 5.138000000000000256e+01 5.150383000000000067e+01 -1.783090000000000064e+00 4.839644000000001967e+01
2.311000000000000000e+04 5.139000000000000057e+01 5.102770999999999901e+01 5.217010000000000147e+00 4.840997000000001549e+01
2.311999999999999636e+04 5.139999999999999858e+01 5.150694000000000017e+01 -1.540000000000000036e+00 4.843258000000001573e+01
2.312999999999999636e+04 5.140999999999999659e+01 5.140377999999999759e+01 8.951000000000000623e-02 4.843002000000002027e+01
2.314000000000000000e+04 5.142000000000000171e+01 5.123378999999999905e+01 2.681439999999999824e+00 4.843377000000001686e+01
2.314999999999999636e+04 5.142999999999999972e+01 5.162758000000000180e+01 -2.845209999999999795e+00 4.842808000000001556e+01
2.315999999999999636e+04 5.143999999999999773e+01 5.131054000000000315e+01 1.864219999999999988e+00 4.842959000000001879e+01
2.317000000000000000e+04 5.145000000000000284e+01 5.115334000000000003e+01 4.271899999999999586e+00 4.845939000000002039e+01
2.318000000000000000e+04 5.146000000000000085e+01 5.129272999999999882e+01 2.408679999999999932e+00 4.849688000000001864e+01
2.318999999999999636e+04 5.146999999999999886e+01 5.161999999999999744e+01 -2.160019999999999829e+00 4.849717000000001832e+01
2.319999999999999636e+04 5.147999999999999687e+01 5.142929000000000173e+01 7.302699999999999747e-01 4.848338000000001813e+01
2.321000000000000000e+04 5.149000000000000199e+01 5.134000000000000341e+01 2.159930000000000128e+00 4.848107000000001676e+01
2.322000000000000000e+04 5.150000000000000000e+01 5.124880000000000280e+01 3.617290000000000116e+00 4.849567000000001826e+01
2.322999999999999636e+04 5.150999999999999801e+01 5.147059999999999746e+01 5.673099999999999810e-01 4.852444000000001978e+01
2.324000000000000000e+04 5.152000000000000313e+01 5.148731000000000080e+01 4.707299999999999818e-01 4.853831000000001694e+01
2.325000000000000000e+04 5.153000000000000114e+01 5.148011000000000337e+01 7.184599999999999875e-01 4.853189000000001840e+01
2.325999999999999636e+04 5.153999999999999915e+01 5.160211999999999932e+01 -8.945600000000000218e-01 4.854368000000001615e+01
2.326999999999999636e+04 5.154999999999999716e+01 5.154202000000000083e+01 1.149199999999999944e-01 4.853302000000001470e+01
2.328000000000000000e+04 5.156000000000000227e+01 5.165818000000000154e+01 -1.413739999999999997e+00 4.851111000000001638e+01
2.329000000000000000e+04 5.157000000000000028e+01 5.137411000000000172e+01 2.820870000000000211e+00 4.851942000000001798e+01
2.329999999999999636e+04 5.157999999999999829e+01 5.152270000000000039e+01 8.251899999999999791e-01 4.853460000000001884e+01
2.331000000000000000e+04 5.159000000000000341e+01 5.165988000000000113e+01 -1.006310000000000038e+00 4.853801000000002119e+01
2.332000000000000000e+04 5.160000000000000142e+01 5.152116999999999791e+01 1.135189999999999921e+00 4.855017000000001559e+01
2.332999999999999636e+04 5.160999999999999943e+01 5.121748999999999796e+01 5.652190000000000047e+00 4.858904000000001844e+01
2.333999999999999636e+04 5.161999999999999744e+01 5.152985000000000326e+01 1.298140000000000072e+00 4.860377000000001857e+01
2.335000000000000000e+04 5.163000000000000256e+01 5.154786000000000001e+01 1.182839999999999892e+00 4.863167000000002105e+01
2.336000000000000000e+04 5.164000000000000057e+01 5.151265000000000072e+01 1.833820000000000006e+00 4.862937000000001575e+01
2.336999999999999636e+04 5.164999999999999858e+01 5.166713000000000022e+01 -2.466700000000000004e-01 4.864419000000001603e+01
2.337999999999999636e+04 5.165999999999999659e+01 5.149956999999999852e+01 2.310179999999999900e+00 4.867798000000001934e+01
2.339000000000000000e+04 5.167000000000000171e+01 5.157477000000000089e+01 1.371259999999999923e+00 4.869833000000001988e+01
2.339999999999999636e+04 5.167999999999999972e+01 5.178999999999999915e+01 -1.584049999999999958e+00 4.870296000000001868e+01
2.340999999999999636e+04 5.168999999999999773e+01 5.168178000000000338e+01 1.183899999999999952e-01 4.870300000000001717e+01
2.342000000000000000e+04 5.170000000000000284e+01 5.169982000000000255e+01 2.540000000000000157e-03 4.869818000000001490e+01
2.343000000000000000e+04 5.171000000000000085e+01 5.177441999999999922e+01 -9.276400000000000201e-01 4.872873000000002008e+01
2.343999999999999636e+04 5.171999999999999886e+01 5.190662999999999982e+01 -2.687429999999999986e+00 4.872152000000001948e+01
2.344999999999999636e+04 5.172999999999999687e+01 5.172840000000000060e+01 2.299999999999999961e-02 4.870104000000002031e+01
2.346000000000000000e+04 5.174000000000000199e+01 5.213418999999999670e+01 -5.676289999999999836e+00 4.865758000000001715e+01
2.347000000000000000e+04 5.175000000000000000e+01 5.156636999999999915e+01 2.644270000000000120e+00 4.865069000000001864e+01
2.347999999999999636e+04 5.175999999999999801e+01 5.177132000000000289e+01 -1.630199999999999982e-01 4.866976000000001790e+01
2.349000000000000000e+04 5.177000000000000313e+01 5.183729999999999905e+01 -9.691400000000000015e-01 4.864449000000001888e+01
2.350000000000000000e+04 5.178000000000000114e+01 5.200417999999999807e+01 -3.228139999999999787e+00 4.863290000000002067e+01
2.350999999999999636e+04 5.178999999999999915e+01 5.164768000000000114e+01 2.049399999999999888e+00 4.864587000000001638e+01
2.351999999999999636e+04 5.179999999999999716e+01 5.184855999999999909e+01 -6.992699999999999472e-01 4.864918000000001541e+01
2.353000000000000000e+04 5.181000000000000227e+01 5.190221999999999980e+01 -1.327930000000000055e+00 4.864262000000001507e+01
2.354000000000000000e+04 5.182000000000000028e+01 5.138018999999999892e+01 6.333249999999999602e+00 4.866345000000001875e+01
2.354999999999999636e+04 5.182999999999999829e+01 5.156873000000000218e+01 3.762220000000000120e+00 4.870807000000002063e+01
2.356000000000000000e+04 5.184000000000000341e+01 5.150733999999999924e+01 4.790309999999999846e+00 4.874828000000001538e+01
2.357000000000000000e+04 5.185000000000000142e+01 5.201874999999999716e+01 -2.430039999999999978e+00 4.877492000000001582e+01
2.357999999999999636e+04 5.185999999999999943e+01 5.196359000000000350e+01 -1.491640000000000077e+00 4.873849000000002007e+01
2.358999999999999636e+04 5.186999999999999744e+01 5.187048999999999666e+01 -6.989999999999999686e-03 4.872344000000001785e+01
2.360000000000000000e+04 5.188000000000000256e+01 5.194091999999999842e+01 -8.773100000000000342e-01 4.872588000000001784e+01
2.361000000000000000e+04 5.189000000000000057e+01 5.199940999999999747e+01 -1.575569999999999915e+00 4.871262000000001535e+01
2.361999999999999636e+04 5.189999999999999858e+01 5.192705000000000126e+01 -3.895799999999999819e-01 4.870548000000001565e+01
2.362999999999999636e+04 5.190999999999999659e+01 5.196312000000000353e+01 -7.649099999999999788e-01 4.870115000000001970e+01
2.364000000000000000e+04 5.192000000000000171e+01 5.207090000000000174e+01 -2.173010000000000108e+00 4.869496000000001601e+01
2.364999999999999636e+04 5.192999999999999972e+01 5.218925000000000125e+01 -3.733179999999999943e+00 4.865388000000001512e+01
2.365999999999999636e+04 5.193999999999999773e+01 5.195848999999999762e+01 -2.661800000000000277e-01 4.863318000000001717e+01
2.367000000000000000e+04 5.195000000000000284e+01 5.176288000000000267e+01 2.694580000000000197e+00 4.864501000000002051e+01
2.368000000000000000e+04 5.196000000000000085e+01 5.194192000000000320e+01 2.604000000000000203e-01 4.863440000000002073e+01
2.368999999999999636e+04 5.196999999999999886e+01 5.182766999999999769e+01 2.049479999999999968e+00 4.864761000000002156e+01
2.369999999999999636e+04 5.197999999999999687e+01 5.206501999999999697e+01 -1.224259999999999904e+00 4.865649000000001934e+01
2.371000000000000000e+04 5.199000000000000199e+01 5.185927999999999827e+01 1.882400000000000073e+00 4.867090000000001737e+01
2.372000000000000000e+04 5.200000000000000000e+01 5.174618000000000251e+01 3.654970000000000052e+00 4.870502000000001885e+01
2.372999999999999636e+04 5.200999999999999801e+01 5.187857000000000340e+01 1.892570000000000086e+00 4.872331000000001922e+01
2.374000000000000000e+04 5.202000000000000313e+01 5.191707000000000249e+01 1.482240000000000002e+00 4.873655000000001536e+01
2.375000000000000000e+04 5.203000000000000114e+01 5.197062999999999988e+01 8.549400000000000333e-01 4.874646000000002033e+01
2.375999999999999636e+04 5.203999999999999915e+01 5.201812000000000324e+01 3.150899999999999812e-01 4.876016000000002037e+01
2.376999999999999636e+04 5.204999999999999716e+01 5.233321000000000112e+01 -4.078199999999999825e+00 4.874915000000002152e+01
2.378000000000000000e+04 5.206000000000000227e+01 5.249454000000000065e+01 -6.257439999999999891e+00 4.869928000000001589e+01
2.379000000000000000e+04 5.207000000000000028e+01 5.217249000000000336e+01 -1.475889999999999924e+00 4.866835000000001799e+01
2.379999999999999636e+04 5.207999999999999829e+01 5.182986999999999966e+01 3.601840000000000153e+00 4.869176000000001636e+01
2.381000000000000000e+04 5.209000000000000341e+01 5.185119999999999862e+01 3.438779999999999948e+00 4.874803000000002129e+01
2.382000000000000000e+04 5.210000000000000142e+01 5.187402999999999764e+01 3.253940000000000055e+00 4.878572000000001907e+01
2.382999999999999636e+04 5.210999999999999943e+01 5.195210999999999757e+01 2.273550000000000182e+00 4.881336000000001718e+01
2.383999999999999636e+04 5.211999999999999744e+01 5.213456999999999653e+01 -2.098200000000000065e-01 4.883835000000001969e+01
2.385000000000000000e+04 5.213000000000000256e+01 5.173799000000000348e+01 5.644870000000000054e+00 4.887070000000002068e+01
2.386000000000000000e+04 5.214000000000000057e+01 5.189744999999999919e+01 3.492680000000000007e+00 4.890981000000002155e+01
2.386999999999999636e+04 5.214999999999999858e+01 5.189777999999999736e+01 3.632010000000000183e+00 4.893257000000001966e+01
2.387999999999999636e+04 5.215999999999999659e+01 5.227145000000000152e+01 -1.604899999999999993e+00 4.893718000000001922e+01
2.389000000000000000e+04 5.217000000000000171e+01 5.267009000000000185e+01 -7.201360000000000205e+00 4.889860000000001605e+01
2.389999999999999636e+04 5.217999999999999972e+01 5.224734000000000123e+01 -9.697000000000000064e-01 4.883445000000001812e+01
2.390999999999999636e+04 5.218999999999999773e+01 5.180561999999999756e+01 5.535129999999999661e+00 4.886089000000001903e+01
2.392000000000000000e+04 5.220000000000000284e+01 5.193598000000000070e+01 3.801919999999999966e+00 4.890540000000002152e+01
2.393000000000000000e+04 5.221000000000000085e+01 5.216760000000000019e+01 6.106000000000000316e-01 4.892758000000002028e+01
2.393999999999999636e+04 5.221999999999999886e+01 5.233234000000000208e+01 -1.617629999999999901e+00 4.892381000000001734e+01
2.394999999999999636e+04 5.222999999999999687e+01 5.254540000000000077e+01 -4.541789999999999772e+00 4.890261000000001701e+01
2.396000000000000000e+04 5.224000000000000199e+01 5.258335000000000292e+01 -4.944209999999999994e+00 4.886079000000001571e+01
2.397000000000000000e+04 5.225000000000000000e+01 5.251800000000000068e+01 -3.859239999999999782e+00 4.882112000000001473e+01
2.397999999999999636e+04 5.225999999999999801e+01 5.225842999999999705e+01 2.262000000000000122e-02 4.880828000000001765e+01
2.399000000000000000e+04 5.227000000000000313e+01 5.198922000000000310e+01 4.043280000000000207e+00 4.881914000000001863e+01
2.400000000000000000e+04 5.228000000000000114e+01 5.238181999999999761e+01 -1.466159999999999908e+00 4.881914000000001863e+01
2.400999999999999636e+04 5.228999999999999915e+01 5.244382000000000232e+01 -2.215030000000000054e+00 4.881437000000001802e+01
2.401999999999999636e+04 5.229999999999999716e+01 5.224072999999999922e+01 8.535399999999999654e-01 4.881153000000001896e+01
2.403000000000000000e+04 5.231000000000000227e+01 5.255053000000000196e+01 -3.463600000000000012e+00 4.881429000000002105e+01
2.404000000000000000e+04 5.232000000000000028e+01 5.185887999999999920e+01 6.640139999999999709e+00 4.882990000000001629e+01
2.404999999999999636e+04 5.232999999999999829e+01 5.198519000000000290e+01 4.965290000000000425e+00 4.888524000000001735e+01
2.406000000000000000e+04 5.234000000000000341e+01 5.215491000000000099e+01 2.665239999999999831e+00 4.892428000000001731e+01
2.407000000000000000e+04 5.235000000000000142e+01 5.238806000000000296e+01 -5.480099999999999971e-01 4.894145000000001744e+01
2.407999999999999636e+04 5.235999999999999943e+01 5.226706999999999681e+01 1.338189999999999991e+00 4.895036000000001764e+01
2.408999999999999636e+04 5.236999999999999744e+01 5.241373000000000104e+01 -6.297000000000000375e-01 4.894984000000001600e+01
2.410000000000000000e+04 5.238000000000000256e+01 5.246101000000000170e+01 -1.166479999999999961e+00 4.892644000000002080e+01
2.411000000000000000e+04 5.239000000000000057e+01 5.219742000000000104e+01 2.773140000000000160e+00 4.891305000000001968e+01
2.411999999999999636e+04 5.239999999999999858e+01 5.240006999999999948e+01 -1.030000000000000100e-03 4.893871000000002169e+01
2.412999999999999636e+04 5.240999999999999659e+01 5.241263000000000005e+01 -3.789000000000000007e-02 4.894905000000002104e+01
2.414000000000000000e+04 5.242000000000000171e+01 5.257133999999999929e+01 -2.179330000000000211e+00 4.894479000000001889e+01
2.414999999999999636e+04 5.242999999999999972e+01 5.203406999999999982e+01 5.701360000000000205e+00 4.897182000000001523e+01
2.415999999999999636e+04 5.243999999999999773e+01 5.207773999999999859e+01 5.216580000000000439e+00 4.900804000000001537e+01
2.417000000000000000e+04 5.245000000000000284e+01 5.217045000000000243e+01 4.025549999999999962e+00 4.904867000000001553e+01
2.418000000000000000e+04 5.246000000000000085e+01 5.211753999999999820e+01 4.931379999999999875e+00 4.907934000000001618e+01
2.418999999999999636e+04 5.246999999999999886e+01 5.279780000000000229e+01 -4.720369999999999955e+00 4.908291000000001958e+01
2.419999999999999636e+04 5.247999999999999687e+01 5.260210000000000008e+01 -1.758299999999999974e+00 4.905877000000001686e+01
2.421000000000000000e+04 5.249000000000000199e+01 5.246034999999999826e+01 4.269200000000000217e-01 4.904980000000001894e+01
2.422000000000000000e+04 5.250000000000000000e+01 5.253519000000000005e+01 -5.067099999999999937e-01 4.905607000000001960e+01
2.422999999999999636e+04 5.250999999999999801e+01 5.259015000000000128e+01 -1.154209999999999958e+00 4.905307000000001949e+01
2.424000000000000000e+04 5.252000000000000313e+01 5.244877999999999929e+01 1.025519999999999987e+00 4.904725000000001955e+01
2.425000000000000000e+04 5.253000000000000114e+01 5.270655000000000001e+01 -2.542349999999999888e+00 4.905076000000001812e+01
2.425999999999999636e+04 5.253999999999999915e+01 5.247106000000000137e+01 9.927899999999999503e-01 4.903191000000001765e+01
2.426999999999999636e+04 5.254999999999999716e+01 5.253437000000000268e+01 2.251100000000000045e-01 4.901251000000002023e+01
2.428000000000000000e+04 5.256000000000000227e+01 5.286325999999999681e+01 -4.366999999999999993e+00 4.898561000000001542e+01
2.429000000000000000e+04 5.257000000000000028e+01 5.285296000000000305e+01 -4.074620000000000353e+00 4.893398000000001957e+01
2.429999999999999636e+04 5.257999999999999829e+01 5.252474000000000132e+01 7.957600000000000229e-01 4.892863000000001961e+01
2.431000000000000000e+04 5.259000000000000341e+01 5.263441000000000258e+01 -6.395499999999999519e-01 4.893105000000002036e+01
2.432000000000000000e+04 5.260000000000000142e+01 5.249746999999999986e+01 1.476450000000000040e+00 4.893261000000001815e+01
2.432999999999999636e+04 5.260999999999999943e+01 5.251885999999999655e+01 1.312429999999999986e+00 4.892439000000001670e+01
2.433999999999999636e+04 5.261999999999999744e+01 5.244646999999999792e+01 2.498769999999999936e+00 4.893394000000002109e+01
2.435000000000000000e+04 5.263000000000000256e+01 5.210446000000000311e+01 7.567759999999999820e+00 4.900083000000002187e+01
2.436000000000000000e+04 5.264000000000000057e+01 5.257122999999999990e+01 9.902900000000000036e-01 4.903321000000001817e+01
2.436999999999999636e+04 5.264999999999999858e+01 5.263985000000000269e+01 1.461999999999999966e-01 4.903479000000001520e+01
2.437999999999999636e+04 5.265999999999999659e+01 5.267562999999999818e+01 -2.251400000000000068e-01 4.902972000000001884e+01
2.439000000000000000e+04 5.267000000000000171e+01 5.221728000000000236e+01 6.519199999999999662e+00 4.906370000000001852e+01
2.439999999999999636e+04 5.267999999999999972e+01 5.273389999999999844e+01 -7.761099999999999666e-01 4.910209000000001822e+01
2.440999999999999636e+04 5.268999999999999773e+01 5.277055000000000007e+01 -1.159859999999999891e+00 4.907615000000001970e+01
2.442000000000000000e+04 5.270000000000000284e+01 5.266190999999999889e+01 5.484599999999999476e-01 4.907948000000001798e+01
2.443000000000000000e+04 5.271000000000000085e+01 5.269330000000000069e+01 2.404199999999999948e-01 4.907424000000001740e+01
2.443999999999999636e+04 5.271999999999999886e+01 5.272811999999999699e+01 -1.168899999999999939e-01 4.907500000000001705e+01
2.444999999999999636e+04 5.272999999999999687e+01 5.285876999999999981e+01 -1.854340000000000099e+00 4.904137000000002189e+01
2.446000000000000000e+04 5.274000000000000199e+01 5.283637999999999835e+01 -1.387829999999999897e+00 4.902597000000001515e+01
2.447000000000000000e+04 5.275000000000000000e+01 5.288944000000000045e+01 -2.008000000000000007e+00 4.898660000000001702e+01
2.447999999999999636e+04 5.275999999999999801e+01 5.273422999999999661e+01 3.710600000000000009e-01 4.898371000000001629e+01
2.449000000000000000e+04 5.277000000000000313e+01 5.284286000000000172e+01 -1.049160000000000093e+00 4.897170000000001977e+01
2.450000000000000000e+04 5.278000000000000114e+01 5.269033000000000300e+01 1.291250000000000009e+00 4.895323000000001912e+01
2.450999999999999636e+04 5.278999999999999915e+01 5.299378999999999706e+01 -2.934590000000000032e+00 4.892661000000001792e+01
2.451999999999999636e+04 5.279999999999999716e+01 5.307976000000000028e+01 -4.028609999999999580e+00 4.889890000000001891e+01
2.453000000000000000e+04 5.281000000000000227e+01 5.283968999999999738e+01 -4.274999999999999911e-01 4.887087000000001780e+01
2.454000000000000000e+04 5.282000000000000028e+01 5.323279000000000138e+01 -5.944239999999999746e+00 4.883536000000001565e+01
2.454999999999999636e+04 5.282999999999999829e+01 5.268021000000000242e+01 2.157049999999999912e+00 4.882331000000002064e+01
2.456000000000000000e+04 5.284000000000000341e+01 5.260078000000000031e+01 3.444809999999999928e+00 4.883623000000002179e+01
2.457000000000000000e+04 5.285000000000000142e+01 5.295853999999999928e+01 -1.562980000000000036e+00 4.884032000000001972e+01
2.457999999999999636e+04 5.285999999999999943e+01 5.271168999999999727e+01 2.135650000000000048e+00 4.885578000000001708e+01
2.458999999999999636e+04 5.286999999999999744e+01 5.281033999999999651e+01 8.591299999999999493e-01 4.886381000000002217e+01
2.460000000000000000e+04 5.288000000000000256e+01 5.289376000000000033e+01 -1.981999999999999873e-01 4.886495000000002165e+01
2.461000000000000000e+04 5.289000000000000057e+01 5.287590000000000146e+01 2.031100000000000128e-01 4.887089000000001704e+01
2.461999999999999636e+04 5.289999999999999858e+01 5.282565999999999917e+01 1.070480000000000098e+00 4.886133000000001658e+01
2.462999999999999636e+04 5.290999999999999659e+01 5.262915000000000276e+01 4.044290000000000163e+00 4.888774000000002218e+01
2.464000000000000000e+04 5.292000000000000171e+01 5.255333000000000254e+01 5.280100000000000016e+00 4.893823000000001855e+01
2.464999999999999636e+04 5.292999999999999972e+01 5.269617999999999824e+01 3.366999999999999993e+00 4.898070000000002011e+01
2.465999999999999636e+04 5.293999999999999773e+01 5.286721000000000004e+01 1.048159999999999981e+00 4.902130000000001786e+01
2.467000000000000000e+04 5.295000000000000284e+01 5.296685999999999694e+01 -2.427199999999999913e-01 4.902567000000001940e+01
2.468000000000000000e+04 5.296000000000000085e+01 5.267280999999999835e+01 4.135469999999999757e+00 4.905206000000001865e+01
2.468999999999999636e+04 5.296999999999999886e+01 5.278417000000000314e+01 2.675980000000000025e+00 4.907833000000001533e+01
2.469999999999999636e+04 5.297999999999999687e+01 5.247722999999999871e+01 7.239919999999999689e+00 4.913226000000001648e+01
2.471000000000000000e+04 5.299000000000000199e+01 5.302893000000000256e+01 -5.605799999999999672e-01 4.914855000000002150e+01
2.472000000000000000e+04 5.300000000000000000e+01 5.299564000000000163e+01 6.282999999999999696e-02 4.915148000000002071e+01
2.472999999999999636e+04 5.300999999999999801e+01 5.281174000000000035e+01 2.854909999999999837e+00 4.916130000000001843e+01
2.474000000000000000e+04 5.302000000000000313e+01 5.294196999999999775e+01 1.123699999999999921e+00 4.917772000000002208e+01
2.475000000000000000e+04 5.303000000000000114e+01 5.265250999999999948e+01 5.435780000000000278e+00 4.920215000000001737e+01
2.475999999999999636e+04 5.303999999999999915e+01 5.272402999999999906e+01 4.549999999999999822e+00 4.924077000000001902e+01
2.476999999999999636e+04 5.304999999999999716e+01 5.321307000000000187e+01 -2.348170000000000091e+00 4.923671000000001641e+01
2.478000000000000000e+04 5.306000000000000227e+01 5.298105999999999938e+01 1.136700000000000044e+00 4.923479000000001804e+01
2.479000000000000000e+04 5.307000000000000028e+01 5.318184000000000111e+01 -1.610540000000000083e+00 4.923660000000001702e+01
2.479999999999999636e+04 5.307999999999999829e+01 5.331578999999999979e+01 -3.395370000000000221e+00 4.921132000000002193e+01
2.481000000000000000e+04 5.309000000000000341e+01 5.276671999999999940e+01 4.655289999999999928e+00 4.920840000000001879e+01
2.482000000000000000e+04 5.310000000000000142e+01 5.331483000000000061e+01 -3.093519999999999825e+00 4.922654000000002128e+01
2.482999999999999636e+04 5.310999999999999943e+01 5.355272000000000077e+01 -6.375230000000000175e+00 4.919116000000001776e+01
2.483999999999999636e+04 5.311999999999999744e+01 5.316673000000000116e+01 -6.729199999999999626e-01 4.914030000000001763e+01
2.485000000000000000e+04 5.313000000000000256e+01 5.324327999999999861e+01 -1.631259999999999932e+00 4.912317000000001599e+01
2.486000000000000000e+04 5.314000000000000057e+01 5.336146000000000100e+01 -3.189070000000000071e+00 4.910138000000002023e+01
2.486999999999999636e+04 5.314999999999999858e+01 5.327951000000000192e+01 -1.864950000000000108e+00 4.908670000000002176e+01
2.487999999999999636e+04 5.315999999999999659e+01 5.333478000000000208e+01 -2.516779999999999795e+00 4.907007000000001540e+01
2.489000000000000000e+04 5.317000000000000171e+01 5.328043000000000262e+01 -1.590140000000000109e+00 4.906820000000001869e+01
2.489999999999999636e+04 5.317999999999999972e+01 5.355212999999999823e+01 -5.358730000000000437e+00 4.901755000000002127e+01
2.490999999999999636e+04 5.318999999999999773e+01 5.321770999999999674e+01 -3.990500000000000158e-01 4.898298000000001906e+01
2.492000000000000000e+04 5.320000000000000284e+01 5.308585000000000065e+01 1.643790000000000084e+00 4.899726000000001847e+01
2.493000000000000000e+04 5.321000000000000085e+01 5.286317999999999984e+01 4.994250000000000078e+00 4.901557000000001807e+01
2.493999999999999636e+04 5.321999999999999886e+01 5.284508999999999901e+01 5.398699999999999832e+00 4.907296000000001612e+01
2.494999999999999636e+04 5.322999999999999687e+01 5.305839000000000283e+01 2.471220000000000194e+00 4.910363000000001676e+01
2.496000000000000000e+04 5.324000000000000199e+01 5.321562000000000126e+01 3.510599999999999832e-01 4.913012000000001933e+01
2.497000000000000000e+04 5.325000000000000000e+01 5.316879000000000133e+01 1.169489999999999919e+00 4.914005000000001644e+01
2.497999999999999636e+04 5.325999999999999801e+01 5.310952000000000339e+01 2.166869999999999852e+00 4.915198000000001599e+01
2.499000000000000000e+04 5.327000000000000313e+01 5.346677999999999997e+01 -2.833689999999999820e+00 4.914639000000001801e+01
2.500000000000000000e+04 5.328000000000000114e+01 5.333395000000000152e+01 -7.769200000000000550e-01 4.914639000000001801e+01
2.500999999999999636e+04 5.328999999999999915e+01 5.342504000000000275e+01 -1.944620000000000015e+00 4.913991000000001463e+01
2.501999999999999636e+04 5.329999999999999716e+01 5.319953000000000287e+01 1.446739999999999915e+00 4.914193000000001632e+01
2.503000000000000000e+04 5.331000000000000227e+01 5.336805999999999983e+01 -8.360300000000000509e-01 4.916321000000002073e+01
2.504000000000000000e+04 5.332000000000000028e+01 5.311213000000000051e+01 2.993390000000000217e+00 4.917595000000001448e+01
2.504999999999999636e+04 5.332999999999999829e+01 5.307759000000000071e+01 3.634689999999999976e+00 4.920804000000001821e+01
2.506000000000000000e+04 5.334000000000000341e+01 5.336041000000000167e+01 -2.938700000000000201e-01 4.923445000000001670e+01
2.507000000000000000e+04 5.335000000000000142e+01 5.357871999999999701e+01 -3.293610000000000149e+00 4.921891000000001526e+01
2.507999999999999636e+04 5.335999999999999943e+01 5.352279000000000053e+01 -2.344139999999999890e+00 4.917315000000002101e+01
2.508999999999999636e+04 5.336999999999999744e+01 5.326932999999999652e+01 1.449600000000000000e+00 4.915004000000001838e+01
2.510000000000000000e+04 5.338000000000000256e+01 5.337935000000000230e+01 9.369999999999999857e-03 4.917749000000002013e+01
2.511000000000000000e+04 5.339000000000000057e+01 5.338685000000000258e+01 4.529999999999999999e-02 4.917866000000001492e+01
2.511999999999999636e+04 5.339999999999999858e+01 5.326360999999999990e+01 1.963989999999999903e+00 4.919095000000001505e+01
2.512999999999999636e+04 5.340999999999999659e+01 5.321529000000000309e+01 2.803830000000000044e+00 4.919869000000002046e+01
2.514000000000000000e+04 5.342000000000000171e+01 5.357894000000000290e+01 -2.288780000000000037e+00 4.920103000000001714e+01
2.514999999999999636e+04 5.342999999999999972e+01 5.358274999999999721e+01 -2.199650000000000105e+00 4.917503000000002089e+01
2.515999999999999636e+04 5.343999999999999773e+01 5.369709999999999894e+01 -3.702199999999999935e+00 4.913723000000001662e+01
2.517000000000000000e+04 5.345000000000000284e+01 5.358039999999999736e+01 -1.877720000000000056e+00 4.910046000000001953e+01
2.518000000000000000e+04 5.346000000000000085e+01 5.316872999999999649e+01 4.194340000000000401e+00 4.909322000000001651e+01
2.518999999999999636e+04 5.346999999999999886e+01 5.343368000000000251e+01 5.229599999999999804e-01 4.911659000000001640e+01
2.519999999999999636e+04 5.347999999999999687e+01 5.352172000000000196e+01 -6.007700000000000262e-01 4.912606000000001671e+01
2.521000000000000000e+04 5.349000000000000199e+01 5.371085999999999672e+01 -3.180330000000000101e+00 4.911472000000001970e+01
2.522000000000000000e+04 5.350000000000000000e+01 5.351941000000000059e+01 -2.795099999999999807e-01 4.910795000000001664e+01
2.522999999999999636e+04 5.350999999999999801e+01 5.350583000000000311e+01 6.008000000000000146e-02 4.911242000000002150e+01
2.524000000000000000e+04 5.352000000000000313e+01 5.361444999999999794e+01 -1.360130000000000061e+00 4.910927000000001641e+01
2.525000000000000000e+04 5.353000000000000114e+01 5.365550000000000352e+01 -1.807169999999999943e+00 4.908470000000001932e+01
2.525999999999999636e+04 5.353999999999999915e+01 5.344129000000000218e+01 1.421419999999999906e+00 4.909922000000001674e+01
2.526999999999999636e+04 5.354999999999999716e+01 5.346781000000000006e+01 1.183559999999999945e+00 4.910740000000001970e+01
2.528000000000000000e+04 5.356000000000000227e+01 5.348736000000000246e+01 1.046010000000000106e+00 4.911496000000001771e+01
2.529000000000000000e+04 5.357000000000000028e+01 5.373561999999999728e+01 -2.384869999999999823e+00 4.910467000000002002e+01
2.529999999999999636e+04 5.357999999999999829e+01 5.370792000000000144e+01 -1.842060000000000031e+00 4.907417000000001650e+01
2.531000000000000000e+04 5.359000000000000341e+01 5.364471000000000345e+01 -7.878100000000000103e-01 4.905247000000002089e+01
2.532000000000000000e+04 5.360000000000000142e+01 5.406730000000000302e+01 -6.729180000000000383e+00 4.902050000000001972e+01
2.532999999999999636e+04 5.360999999999999943e+01 5.368898000000000081e+01 -1.137380000000000058e+00 4.898372000000001947e+01
2.533999999999999636e+04 5.361999999999999744e+01 5.359544000000000352e+01 3.536400000000000099e-01 4.896858000000001709e+01
2.535000000000000000e+04 5.363000000000000256e+01 5.392846999999999724e+01 -4.298009999999999664e+00 4.895548000000001565e+01
2.536000000000000000e+04 5.364000000000000057e+01 5.371925999999999846e+01 -1.141310000000000047e+00 4.893124000000001672e+01
2.536999999999999636e+04 5.364999999999999858e+01 5.384089000000000169e+01 -2.748870000000000147e+00 4.891710000000001912e+01
2.537999999999999636e+04 5.365999999999999659e+01 5.352279000000000053e+01 1.975789999999999935e+00 4.889203000000001964e+01
2.539000000000000000e+04 5.367000000000000171e+01 5.375079000000000207e+01 -1.163370000000000015e+00 4.889931000000002115e+01
2.539999999999999636e+04 5.367999999999999972e+01 5.361097999999999786e+01 9.938900000000000512e-01 4.890212000000001780e+01
2.540999999999999636e+04 5.368999999999999773e+01 5.357236000000000331e+01 1.694039999999999990e+00 4.891521000000001607e+01
2.542000000000000000e+04 5.370000000000000284e+01 5.370161999999999836e+01 -2.334999999999999923e-02 4.890903000000001555e+01
2.543000000000000000e+04 5.371000000000000085e+01 5.352971999999999753e+01 2.596060000000000034e+00 4.893046000000001783e+01
2.543999999999999636e+04 5.371999999999999886e+01 5.364780999999999977e+01 1.039469999999999894e+00 4.894364000000001624e+01
2.544999999999999636e+04 5.372999999999999687e+01 5.382981000000000193e+01 -1.437249999999999917e+00 4.894824000000001973e+01
2.546000000000000000e+04 5.374000000000000199e+01 5.348447999999999780e+01 3.679440000000000044e+00 4.895188000000001693e+01
2.547000000000000000e+04 5.375000000000000000e+01 5.330100999999999800e+01 6.465419999999999945e+00 4.899628000000002004e+01
2.547999999999999636e+04 5.375999999999999801e+01 5.364504000000000161e+01 1.655440000000000023e+00 4.903830000000002087e+01
2.549000000000000000e+04 5.377000000000000313e+01 5.367372999999999905e+01 1.386349999999999971e+00 4.903961000000001746e+01
2.550000000000000000e+04 5.378000000000000114e+01 5.400632000000000232e+01 -3.259040000000000159e+00 4.903872000000001918e+01
2.550999999999999636e+04 5.378999999999999915e+01 5.388278999999999996e+01 -1.336119999999999974e+00 4.901837000000001865e+01
2.551999999999999636e+04 5.379999999999999716e+01 5.364061000000000234e+01 2.295279999999999987e+00 4.901653000000001725e+01
2.553000000000000000e+04 5.381000000000000227e+01 5.364878999999999820e+01 2.321400000000000130e+00 4.904326000000001784e+01
2.554000000000000000e+04 5.382000000000000028e+01 5.382386000000000337e+01 -5.551999999999999991e-02 4.905545000000001465e+01
2.554999999999999636e+04 5.382999999999999829e+01 5.367305999999999955e+01 2.259920000000000151e+00 4.907981000000001615e+01
2.556000000000000000e+04 5.384000000000000341e+01 5.389659000000000333e+01 -8.148499999999999632e-01 4.908593000000001894e+01
2.557000000000000000e+04 5.385000000000000142e+01 5.390605999999999653e+01 -8.073099999999999721e-01 4.908740000000001658e+01
2.557999999999999636e+04 5.385999999999999943e+01 5.377130999999999972e+01 1.277199999999999891e+00 4.911993000000001786e+01
2.558999999999999636e+04 5.386999999999999744e+01 5.387548999999999921e+01 -7.902000000000000690e-02 4.915365000000002027e+01
2.560000000000000000e+04 5.388000000000000256e+01 5.404576999999999742e+01 -2.387030000000000207e+00 4.913921000000001982e+01
2.561000000000000000e+04 5.389000000000000057e+01 5.381338000000000221e+01 1.103299999999999947e+00 4.913686000000001997e+01
2.561999999999999636e+04 5.389999999999999858e+01 5.384611999999999910e+01 7.759200000000000541e-01 4.912574000000001462e+01
2.562999999999999636e+04 5.390999999999999659e+01 5.382066999999999979e+01 1.286380000000000079e+00 4.911815000000002129e+01
2.564000000000000000e+04 5.392000000000000171e+01 5.424846999999999753e+01 -4.729910000000000281e+00 4.910230000000002093e+01
2.564999999999999636e+04 5.392999999999999972e+01 5.423734000000000322e+01 -4.425720000000000098e+00 4.906198000000001969e+01
2.565999999999999636e+04 5.393999999999999773e+01 5.398073000000000121e+01 -5.865700000000000358e-01 4.904492000000001894e+01
2.567000000000000000e+04 5.395000000000000284e+01 5.410096000000000060e+01 -2.173779999999999824e+00 4.904171000000001612e+01
2.568000000000000000e+04 5.396000000000000085e+01 5.427391999999999683e+01 -4.520419999999999661e+00 4.899435000000001850e+01
2.568999999999999636e+04 5.396999999999999886e+01 5.391973999999999734e+01 7.237999999999999989e-01 4.899334000000001765e+01
2.569999999999999636e+04 5.397999999999999687e+01 5.406763000000000119e+01 -1.261859999999999982e+00 4.898746000000001999e+01
2.571000000000000000e+04 5.399000000000000199e+01 5.374329000000000178e+01 3.552610000000000046e+00 4.902476000000001477e+01
2.572000000000000000e+04 5.400000000000000000e+01 5.375287999999999755e+01 3.558530000000000193e+00 4.905531000000001995e+01
2.572999999999999636e+04 5.400999999999999801e+01 5.401089999999999947e+01 -1.293000000000000052e-02 4.906853000000001686e+01
2.574000000000000000e+04 5.402000000000000313e+01 5.383350999999999686e+01 2.685459999999999958e+00 4.908386000000001559e+01
2.575000000000000000e+04 5.403000000000000114e+01 5.414972999999999814e+01 -1.724110000000000031e+00 4.908866000000001861e+01
2.575999999999999636e+04 5.403999999999999915e+01 5.393144000000000204e+01 1.563209999999999988e+00 4.906523000000002099e+01
2.576999999999999636e+04 5.404999999999999716e+01 5.411158999999999963e+01 -8.868300000000000072e-01 4.907527000000001749e+01
2.578000000000000000e+04 5.406000000000000227e+01 5.417497999999999791e+01 -1.655659999999999910e+00 4.905606000000001643e+01
2.579000000000000000e+04 5.407000000000000028e+01 5.424553000000000225e+01 -2.527670000000000083e+00 4.903621000000001828e+01
2.579999999999999636e+04 5.407999999999999829e+01 5.430422999999999689e+01 -3.228839999999999932e+00 4.900092000000001491e+01
2.581000000000000000e+04 5.409000000000000341e+01 5.421484999999999843e+01 -1.797879999999999923e+00 4.896222000000001628e+01
2.582000000000000000e+04 5.410000000000000142e+01 5.400578000000000145e+01 1.356759999999999966e+00 4.897995000000001653e+01
2.582999999999999636e+04 5.410999999999999943e+01 5.363781999999999783e+01 6.799319999999999808e+00 4.902674000000001797e+01
2.583999999999999636e+04 5.411999999999999744e+01 5.367840999999999951e+01 6.358889999999999709e+00 4.907673000000001906e+01
2.585000000000000000e+04 5.413000000000000256e+01 5.408870000000000289e+01 5.947500000000000009e-01 4.909628000000002146e+01
2.586000000000000000e+04 5.414000000000000057e+01 5.419501999999999953e+01 -7.923400000000000443e-01 4.911342000000001917e+01
2.586999999999999636e+04 5.414999999999999858e+01 5.413150999999999868e+01 2.662499999999999867e-01 4.912284000000001782e+01
2.587999999999999636e+04 5.415999999999999659e+01 5.424331000000000103e+01 -1.199650000000000105e+00 4.911938000000002091e+01
2.589000000000000000e+04 5.417000000000000171e+01 5.416783999999999821e+01 3.108999999999999958e-02 4.913079000000001884e+01
2.589999999999999636e+04 5.417999999999999972e+01 5.402815999999999974e+01 2.186469999999999914e+00 4.912783000000001721e+01
2.590999999999999636e+04 5.418999999999999773e+01 5.385799000000000092e+01 4.780910000000000437e+00 4.916276000000002000e+01
2.592000000000000000e+04 5.420000000000000284e+01 5.418500000000000227e+01 2.160100000000000076e-01 4.917933000000002153e+01
2.593000000000000000e+04 5.421000000000000085e+01 5.464486000000000132e+01 -6.261930000000000440e+00 4.914855000000002150e+01
2.593999999999999636e+04 5.421999999999999886e+01 5.454977000000000231e+01 -4.748739999999999739e+00 4.910637000000001962e+01
2.594999999999999636e+04 5.422999999999999687e+01 5.436334000000000088e+01 -1.920090000000000074e+00 4.907907000000001574e+01
2.596000000000000000e+04 5.424000000000000199e+01 5.415832000000000335e+01 1.176150000000000029e+00 4.907458000000001874e+01
2.597000000000000000e+04 5.425000000000000000e+01 5.455311999999999983e+01 -4.364959999999999951e+00 4.906073000000002082e+01
2.597999999999999636e+04 5.425999999999999801e+01 5.458478999999999814e+01 -4.676989999999999981e+00 4.901455000000002116e+01
2.599000000000000000e+04 5.427000000000000313e+01 5.443936999999999671e+01 -2.438919999999999977e+00 4.897170000000001977e+01
2.600000000000000000e+04 5.428000000000000114e+01 5.450473999999999819e+01 -3.236310000000000020e+00 4.897170000000001977e+01
2.600999999999999636e+04 5.428999999999999915e+01 5.458612999999999715e+01 -4.264230000000000409e+00 4.893065000000002129e+01
2.601999999999999636e+04 5.429999999999999716e+01 5.417582000000000164e+01 1.788189999999999946e+00 4.891189000000002096e+01
2.603000000000000000e+04 5.431000000000000227e+01 5.429370999999999725e+01 2.345899999999999930e-01 4.892498000000001923e+01
2.604000000000000000e+04 5.432000000000000028e+01 5.415041000000000082e+01 2.442140000000000200e+00 4.896308000000001925e+01
2.604999999999999636e+04 5.432999999999999829e+01 5.429849000000000103e+01 4.536700000000000177e-01 4.896402000000001919e+01
2.606000000000000000e+04 5.434000000000000341e+01 5.432477999999999696e+01 2.192199999999999982e-01 4.897092000000002088e+01
2.607000000000000000e+04 5.435000000000000142e+01 5.429916000000000054e+01 7.320900000000000185e-01 4.898558000000002011e+01
2.607999999999999636e+04 5.435999999999999943e+01 5.406217000000000183e+01 4.288730000000000153e+00 4.901668000000002223e+01
2.608999999999999636e+04 5.436999999999999744e+01 5.458458000000000254e+01 -3.089980000000000171e+00 4.902979000000001975e+01
2.610000000000000000e+04 5.438000000000000256e+01 5.447825999999999880e+01 -1.414919999999999956e+00 4.901109000000001714e+01
2.611000000000000000e+04 5.439000000000000057e+01 5.438532000000000011e+01 6.733999999999999708e-02 4.899357000000001960e+01
2.611999999999999636e+04 5.439999999999999858e+01 5.409958999999999918e+01 4.325929999999999609e+00 4.899967000000002315e+01
2.612999999999999636e+04 5.440999999999999659e+01 5.392891999999999797e+01 6.927609999999999602e+00 4.906040000000002266e+01
2.614000000000000000e+04 5.442000000000000171e+01 5.415460999999999814e+01 3.821639999999999926e+00 4.910324000000002087e+01
2.614999999999999636e+04 5.442999999999999972e+01 5.444798000000000116e+01 -2.588500000000000245e-01 4.912011000000001815e+01
2.615999999999999636e+04 5.443999999999999773e+01 5.446558999999999884e+01 -3.684999999999999942e-01 4.911826000000002068e+01
2.617000000000000000e+04 5.445000000000000284e+01 5.441125999999999863e+01 5.578400000000000025e-01 4.912082000000002324e+01
2.618000000000000000e+04 5.446000000000000085e+01 5.433697000000000088e+01 1.771600000000000064e+00 4.912423000000001849e+01
2.618999999999999636e+04 5.446999999999999886e+01 5.421166000000000196e+01 3.720139999999999780e+00 4.913801000000002261e+01
2.619999999999999636e+04 5.447999999999999687e+01 5.438880999999999943e+01 1.313109999999999999e+00 4.917407000000002171e+01
2.621000000000000000e+04 5.449000000000000199e+01 5.427971000000000146e+01 3.028140000000000054e+00 4.919939000000002238e+01
2.622000000000000000e+04 5.450000000000000000e+01 5.429214000000000340e+01 2.993129999999999846e+00 4.923858000000002022e+01
2.622999999999999636e+04 5.450999999999999801e+01 5.451740000000000208e+01 -1.065600000000000019e-01 4.925574000000001718e+01
2.624000000000000000e+04 5.452000000000000313e+01 5.428918000000000177e+01 3.323840000000000128e+00 4.926320000000001897e+01
2.625000000000000000e+04 5.453000000000000114e+01 5.431148999999999916e+01 3.146479999999999944e+00 4.930628000000002231e+01
2.625999999999999636e+04 5.453999999999999915e+01 5.424967000000000183e+01 4.180780000000000385e+00 4.934618000000001814e+01
2.626999999999999636e+04 5.454999999999999716e+01 5.439744999999999919e+01 2.196790000000000020e+00 4.936092000000002145e+01
2.628000000000000000e+04 5.456000000000000227e+01 5.444406000000000034e+01 1.669569999999999999e+00 4.936674000000002138e+01
2.629000000000000000e+04 5.457000000000000028e+01 5.419744000000000028e+01 5.364810000000000301e+00 4.938721000000001737e+01
2.629999999999999636e+04 5.457999999999999829e+01 5.438898999999999972e+01 2.750509999999999788e+00 4.942390000000001749e+01
2.631000000000000000e+04 5.459000000000000341e+01 5.450567999999999813e+01 1.214259999999999895e+00 4.942315000000002101e+01
2.632000000000000000e+04 5.460000000000000142e+01 5.428392999999999802e+01 4.551440000000000374e+00 4.945905000000001905e+01
2.632999999999999636e+04 5.460999999999999943e+01 5.441243999999999659e+01 2.844930000000000181e+00 4.948694000000001836e+01
2.633999999999999636e+04 5.461999999999999744e+01 5.444839999999999947e+01 2.471049999999999969e+00 4.949705000000002286e+01
2.635000000000000000e+04 5.463000000000000256e+01 5.458543999999999841e+01 6.417100000000000026e-01 4.951327000000001988e+01
2.636000000000000000e+04 5.464000000000000057e+01 5.423290000000000077e+01 5.862190000000000012e+00 4.952772000000001640e+01
2.636999999999999636e+04 5.464999999999999858e+01 5.439471999999999952e+01 3.675990000000000091e+00 4.957168000000002195e+01
2.637999999999999636e+04 5.465999999999999659e+01 5.438644000000000034e+01 3.939319999999999933e+00 4.961345000000002159e+01
2.639000000000000000e+04 5.467000000000000171e+01 5.478188000000000102e+01 -1.611140000000000017e+00 4.962256000000002132e+01
2.639999999999999636e+04 5.467999999999999972e+01 5.470765999999999707e+01 -3.982800000000000229e-01 4.962069000000001751e+01
2.640999999999999636e+04 5.468999999999999773e+01 5.474372999999999934e+01 -7.737100000000000088e-01 4.961350000000002325e+01
2.642000000000000000e+04 5.470000000000000284e+01 5.478168999999999755e+01 -1.176330000000000098e+00 4.959088000000001983e+01
2.643000000000000000e+04 5.471000000000000085e+01 5.502387999999999835e+01 -4.519860000000000433e+00 4.955774000000001678e+01
2.643999999999999636e+04 5.471999999999999886e+01 5.488470000000000226e+01 -2.371640000000000192e+00 4.950710000000002253e+01
2.644999999999999636e+04 5.472999999999999687e+01 5.463015999999999650e+01 1.437629999999999963e+00 4.949019000000001967e+01
2.646000000000000000e+04 5.474000000000000199e+01 5.447932000000000130e+01 3.753740000000000077e+00 4.951286000000001764e+01
2.647000000000000000e+04 5.475000000000000000e+01 5.457497999999999649e+01 2.520360000000000156e+00 4.953677000000001840e+01
2.647999999999999636e+04 5.475999999999999801e+01 5.501970000000000027e+01 -3.739720000000000155e+00 4.951623000000002151e+01
2.649000000000000000e+04 5.477000000000000313e+01 5.473696000000000339e+01 4.757600000000000162e-01 4.950038000000002114e+01
2.650000000000000000e+04 5.478000000000000114e+01 5.484667000000000314e+01 -9.600899999999999990e-01 4.949827000000001931e+01
2.650999999999999636e+04 5.478999999999999915e+01 5.514529999999999887e+01 -5.116310000000000358e+00 4.945270000000002142e+01
2.651999999999999636e+04 5.479999999999999716e+01 5.494780000000000086e+01 -2.128350000000000186e+00 4.943544000000002114e+01
2.653000000000000000e+04 5.481000000000000227e+01 5.463777999999999935e+01 2.480039999999999800e+00 4.943828000000002021e+01
2.654000000000000000e+04 5.482000000000000028e+01 5.461963999999999686e+01 2.885170000000000012e+00 4.947545000000001636e+01
2.654999999999999636e+04 5.482999999999999829e+01 5.461856999999999829e+01 3.044599999999999973e+00 4.951217000000001889e+01
2.656000000000000000e+04 5.484000000000000341e+01 5.466890999999999678e+01 2.463760000000000172e+00 4.956270000000002085e+01
2.657000000000000000e+04 5.485000000000000142e+01 5.466638999999999982e+01 2.643940000000000179e+00 4.959082000000002211e+01
2.657999999999999636e+04 5.485999999999999943e+01 5.475692000000000093e+01 1.484280000000000044e+00 4.962142000000002184e+01
2.658999999999999636e+04 5.486999999999999744e+01 5.490173000000000059e+01 -4.569400000000000128e-01 4.964048000000001792e+01
2.660000000000000000e+04 5.488000000000000256e+01 5.468715999999999866e+01 2.776930000000000121e+00 4.966458000000002215e+01
2.661000000000000000e+04 5.489000000000000057e+01 5.481976000000000226e+01 1.011400000000000077e+00 4.968079000000002310e+01
2.661999999999999636e+04 5.489999999999999858e+01 5.465043000000000006e+01 3.593869999999999898e+00 4.972352000000002192e+01
2.662999999999999636e+04 5.490999999999999659e+01 5.475169000000000352e+01 2.279679999999999929e+00 4.976028000000002294e+01
2.664000000000000000e+04 5.492000000000000171e+01 5.490883999999999787e+01 1.607699999999999962e-01 4.977887000000001905e+01
2.664999999999999636e+04 5.492999999999999972e+01 5.484908000000000072e+01 1.165180000000000105e+00 4.979900000000002080e+01
2.665999999999999636e+04 5.493999999999999773e+01 5.507166000000000139e+01 -1.895950000000000024e+00 4.978752000000002198e+01
2.667000000000000000e+04 5.495000000000000284e+01 5.515379000000000076e+01 -2.934520000000000017e+00 4.976859000000001743e+01
2.668000000000000000e+04 5.496000000000000085e+01 5.501295999999999964e+01 -7.626600000000000046e-01 4.975454000000001997e+01
2.668999999999999636e+04 5.496999999999999886e+01 5.519545999999999708e+01 -3.246579999999999799e+00 4.975381000000002274e+01
2.669999999999999636e+04 5.497999999999999687e+01 5.497500999999999749e+01 7.187999999999999945e-02 4.973577000000001647e+01
2.671000000000000000e+04 5.499000000000000199e+01 5.510580999999999818e+01 -1.667669999999999986e+00 4.973320000000001784e+01
